tree
version=v4
num_class=1
num_tree_per_iteration=1
label_index=0
max_feature_idx=38
objective=binary sigmoid:1
feature_names=map_code time_seconds ct_alive t_alive alive_difference ct_avg_health t_avg_health kills_seen bomb_planted bomb_site_code ct_avg_x ct_avg_y t_avg_x t_avg_y ct_total_health t_total_health ct_avg_armor t_avg_armor damage_events_seen shots_seen utility_events_seen bomb_time_remaining ct_avg_z t_avg_z ct_norm_x ct_norm_y t_norm_x t_norm_y map_is_de_ancient map_is_de_anubis map_is_de_dust2 map_is_de_inferno map_is_de_mirage map_is_de_nuke map_is_de_overpass map_is_de_vertigo bomb_site_is_none bomb_site_is_a bomb_site_is_b
feature_infos=[14887:98768] [12.0703125:417.890625] [1:5] [1:5] [-4:4] [43:100] [5:100] [0:7] none none [-2557.1522216796875:2099.8110961914062] [-2356.2036743164062:2593.59912109375] [-2855.8942260742188:1825.1310424804688] [-2341.2631022135415:2597.928466796875] [100:500] [5:500] none none [1:37] [6:4446] [0:867] none [-607.96875:484.03121948242188] [-767.46875:488.5166015625] [-0.25571522216796877:0.20998110961914063] [-0.23562036743164064:0.25935991210937498] [-0.28558942260742187:0.18251310424804687] [-0.23412631022135416:0.25979284667968749] [0:1] [0:1] [0:1] [0:1] [0:1] [0:1] [0:1] none none none none
tree_sizes=1669 1727 1724 1719 1722 1715 1732 1714 1722 1726 1721 1728 1730 1723 1725 1720 1724 1714 1724 1725 1719 1716 1724 1723 1729 1728 1730 1736 1729 1722 1719 1724 1729 1717 1721 1731 1727 1720 1714 1728 1728 1728 1720 1714 1728 1728 1723 1726 1716 1713 1737 1719 1719 1728 1715 1735 1748 1718 1740 1735

Tree=0
num_leaves=15
num_cat=0
split_feature=4 15 4 14 12 23 1 5 12 6 23 15 1 25
split_gain=52.3124 28.4482 4.53947 5.26669 4.99106 3.79512 3.41006 3.08701 2.84645 3.64263 5.08416 4.38863 3.30984 3.28881
threshold=-1.0000000180025095e-35 424.50000000000006 1.5000000000000002 499.50000000000006 20.57701497077942 -41.066455364227288 43.050781250000007 86.550000000000011 265.46954650878916 99.90000000000002 -397.79843749999992 472.50000000000006 29.027343750000004 -0.09844758224487303
decision_type=2 2 2 2 2 2 2 2 2 2 2 2 2 2
left_child=-1 2 3 4 6 8 -2 -6 9 10 -3 12 -12 -13
right_child=1 5 -4 -5 7 -7 -8 -9 -10 -11 11 13 -14 -15
leaf_value=0.090768150692391955 0.18536001018052842 0.10936985893687839 0.25311066653057296 0.23918100076159474 0.15666737271502917 0.14733275593188025 0.11293948262387221 0.23275435559467178 0.20947660877460358 0.13199234903780718 0.11339288223348808 0.13466145403734084 0.22257155011067215 0.22828461294628363
leaf_weight=16.686469212174416 6.8168818205595034 2.0847745388746288 8.2025950290262681 10.556239329278471 1.6008090190589408 23.197253197431564 2.1344120278954506 7.9709534384310246 4.9637488946318618 5.3360300660133353 2.308143235743048 1.09202475845814 0.99274978041648854 6.6514235287904713
leaf_count=334 137 42 157 212 32 468 43 159 101 108 47 22 20 134
internal_value=0.171623 0.187702 0.22026 0.210994 0.19493 0.161669 0.168092 0.220029 0.175863 0.166827 0.180985 0.194503 0.146229 0.215081
internal_weight=100.595 83.908 37.2819 29.0793 18.5231 46.6261 8.95129 9.57176 23.4289 18.4651 13.1291 11.0443 3.30089 7.74345
internal_count=2016 1682 740 583 371 942 180 191 474 373 265 223 67 156
is_linear=0
shrinkage=1


Tree=1
num_leaves=15
num_cat=0
split_feature=4 4 6 1 12 12 13 11 10 19 13 6 20 22
split_gain=47.9386 26.7283 4.55612 3.80887 4.96122 3.03657 2.93957 2.6284 4.23978 3.88461 3.79799 2.9465 2.61143 2.49818
threshold=1.0000000180025095e-35 -1.0000000180025095e-35 84.550000000000011 30.640625000000004 -156.63929901123046 797.17083740234386 1216.8940999348961 -305.39781494140618 -469.40104827880856 103.00000000000001 -210.27054595947263 99.90000000000002 249.50000000000003 126.59403800964357
decision_type=2 2 2 2 2 2 2 2 2 2 2 2 2 2
left_child=1 -1 -3 5 6 7 -5 10 -9 -10 11 -4 -13 -6
right_child=-2 2 3 4 13 -7 -8 8 9 -11 -12 12 -14 -15
leaf_value=-0.07330272522766236 0.060748895552596542 0.036888535353298828 -0.039657315277980207 -0.03202192366926037 0.046249462927951838 0.04794054214866128 0.051554080695317243 -0.10321719800982415 0.064498108985463029 -0.033532309911785692 0.037927741245471942 -0.046888237627196599 0.038327840648236709 -0.012126745322086806
leaf_weight=18.125142149627209 23.985828492790461 6.1544381417334071 7.4849408492445928 6.9581751376390475 7.9183446057140809 1.6325784400105465 1.2395314946770666 2.0382747650146475 1.0911913923919225 13.677380718290804 3.6006685532629481 1.290869280695915 2.9617665372788906 2.3846182599663734
leaf_count=361 475 125 151 140 160 33 25 41 22 276 74 26 59 48
internal_value=-0.000932329 -0.0202572 -0.00380318 -0.00859358 0.00964237 -0.0185818 -0.0193848 -0.0219603 -0.0356188 -0.0262892 -0.00699401 -0.0207744 0.0124609 0.0327383
internal_weight=100.544 76.5579 58.4328 52.2783 18.5007 33.7777 8.19771 32.1451 16.8068 14.7686 15.3382 11.7376 4.25264 10.303
internal_count=2016 1541 1180 1055 373 682 165 649 339 298 310 236 85 208
is_linear=0
shrinkage=0.05


Tree=2
num_leaves=15
num_cat=0
split_feature=4 4 5 6 1 20 28 1 23 14 5 19 1 13
split_gain=43.4555 23.8227 6.42004 4.44745 3.42032 3.59127 4.56365 3.40691 4.38609 3.31013 3.19101 3.13447 2.77065 2.83364
threshold=-1.0000000180025095e-35 1.0000000180025095e-35 99.708333333333357 84.550000000000011 49.121093750000007 172.50000000000003 1.0000000180025095e-35 30.640625000000004 14.956791901588442 499.50000000000006 81.550000000000011 1014.0000000000001 34.058593750000007 378.10458660125738
decision_type=2 2 2 2 2 2 2 2 2 2 2 2 2 2
left_child=-1 2 4 -4 5 12 11 9 -9 -5 -3 -7 13 -2
right_child=1 10 3 7 -6 6 -8 8 -10 -11 -12 -13 -14 -15
leaf_value=-0.070803461289724187 0.016639823204226755 -0.010027442832489672 0.056313623064783651 0.030730002380762136 -0.086252639328612948 -0.10657979068701527 -0.096454374962559181 0.045682968769519383 -0.031745256795785999 -0.018853614156473276 0.062719978361570214 -0.011658737549415639 0.067376612182762544 -0.060032535564624304
leaf_weight=18.286106396466494 4.1950300149619641 1.6217580102384115 4.7127892673015586 4.3032731190323874 1.941262338310479 0.9461643248796453 2.2936173863708964 7.804398972541092 2.3888713046908379 15.453255727887154 21.380613680928946 10.764755982905625 1.6822790317237375 1.6907337643206117
leaf_count=364 86 33 96 87 39 19 46 158 48 311 432 218 34 34
internal_value=-0.00117001 0.0145154 -0.00251623 0.0111641 -0.0226829 -0.0169624 -0.0319593 0.00405955 0.0275371 -0.00805355 0.057591 -0.0193277 0.010789 -0.00538494
internal_weight=99.4649 81.1788 58.1764 34.6626 23.5138 21.5726 14.0045 29.9498 10.1933 19.7565 23.0024 11.7109 7.56804 5.88576
internal_count=2005 1641 1176 700 476 437 283 604 206 398 465 237 154 120
is_linear=0
shrinkage=0.05


Tree=3
num_leaves=15
num_cat=0
split_feature=4 4 12 14 19 1 6 19 23 15 24 6 4 18
split_gain=35.9689 21.0701 4.08776 4.54224 4.61332 4.02226 3.98704 3.59092 3.01129 4.12832 2.66018 2.57592 2.42273 2.71279
threshold=-1.0000000180025095e-35 1.0000000180025095e-35 215.53556365966799 498.50000000000006 1226.5000000000002 21.097656250000004 99.90000000000002 672.50000000000011 -202.9877014160156 346.50000000000006 0.085063023986816422 89.550000000000011 1.5000000000000002 2.5000000000000004
decision_type=2 2 2 2 2 2 2 2 2 2 2 2 2 2
left_child=-1 2 3 7 -5 6 11 -2 10 -10 -9 -4 13 -3
right_child=1 12 5 4 -6 -7 -8 8 9 -11 -12 -13 -14 -15
leaf_value=-0.066066073130336564 0.009716213497674011 0.075900933065251142 0.023279831263793887 -0.022211931842011812 0.023045837047912972 0.038907739918216153 0.04068433914410275 0.032194341831720881 0.036696921790062842 -0.067281262605830561 -0.059828554383356908 -0.058205901720942615 0.076812399774599263 0.029710358361973024
leaf_weight=16.912967719137669 4.3592306748032597 4.4227769672870663 1.3317984864115739 9.7560062669217604 13.316519945859907 9.9999359101057035 2.5850661881268024 2.1345648579299463 1.068094838410613 8.9851653911173326 1.242470074445009 3.5687345191836357 7.7829751856625071 11.300444982945917
leaf_count=336 89 90 27 197 269 203 53 43 22 180 25 72 152 231
internal_value=0.000313993 0.0140297 -0.00207167 -0.0107289 0.003909 0.0181595 -0.00955777 -0.0297139 -0.0425122 -0.0562342 -0.00166249 -0.0360608 0.0539969 0.0427033
internal_weight=98.7668 81.8538 58.3476 40.8621 23.0725 17.4855 7.4856 17.7895 13.4303 10.0533 3.37703 4.90053 23.5062 15.7232
internal_count=1989 1653 1180 825 466 355 152 359 270 202 68 99 473 321
is_linear=0
shrinkage=0.05


Tree=4
num_leaves=15
num_cat=0
split_feature=4 4 6 12 1 12 20 18 4 14 20 18 15 20
split_gain=32.8867 15.8968 5.71288 3.79117 3.32541 3.97894 3.00885 2.66722 2.39731 3.69082 2.39038 3.08306 2.2186 2.52395
threshold=1.0000000180025095e-35 -1.0000000180025095e-35 84.550000000000011 598.7742099761964 30.640625000000004 -85.332384490966788 101.50000000000001 3.5000000000000004 1.5000000000000002 499.50000000000006 318.50000000000006 1.5000000000000002 459.50000000000006 249.50000000000003
decision_type=2 2 2 2 2 2 2 2 2 2 2 2 2 2
left_child=1 7 6 4 -4 12 -3 10 9 -2 -1 -12 -6 -14
right_child=8 2 3 -5 5 -7 -8 -9 -10 -11 11 -13 13 -15
leaf_value=-0.0634934189502077 0.017911658484740179 -0.017919110790464859 -0.025216273340455654 0.030915591333678112 -0.060628871528615014 0.029199970554608559 0.059468576924704156 -0.075191619093006215 0.072684944617934094 0.065908079535345193 -0.067002399905918109 0.039436689083964867 -0.047220210781256343 0.01770579044390904
leaf_weight=3.238443490117791 9.294879358261829 1.7112744376063336 30.504645571112633 4.8738285377621642 2.4373967759311217 7.6121680065989485 4.7212982922792435 10.948430094867943 7.5366285778582087 7.038434535264968 1.0960885658860209 1.7935994714498518 2.2918868027627468 4.3151660189032555
leaf_count=65 190 35 615 99 49 155 97 217 154 147 22 36 46 87
internal_value=-0.0018019 -0.0179671 -0.00557151 -0.0110667 -0.0154053 0.00256226 0.0388809 -0.0604078 0.0493581 0.0385945 -0.0339952 -0.000936758 -0.0198571 -0.00481606
internal_weight=99.4142 75.5442 58.4677 52.0351 47.1613 16.6566 6.43257 17.0766 23.8699 16.3333 6.12813 2.88969 9.04445 6.60705
internal_count=2014 1523 1183 1051 952 337 132 340 491 337 123 58 182 133
is_linear=0
shrinkage=0.05


Tree=5
num_leaves=15
num_cat=0
split_feature=15 14 14 3 14 14 18 12 23 11 13 12 12 11
split_gain=21.6826 11.757 11.1668 5.31711 4.13661 4.01726 3.65145 3.59935 2.59112 2.42611 2.93692 2.38003 2.35347 2.13943
threshold=418.50000000000006 406.50000000000006 484.50000000000006 3.5000000000000004 299.50000000000006 327.00000000000006 2.5000000000000004 111.3973347981771 126.74123859405519 -607.66472396850577 -1107.7177124023435 -933.64928741455071 -1509.1548828124999 -1019.3161071777342
decision_type=2 2 2 2 2 2 2 2 2 2 2 2 2 2
left_child=1 3 6 4 -1 -5 8 -7 -2 10 -8 12 -3 -4
right_child=2 11 13 5 -6 7 9 -9 -10 -11 -12 -13 -14 -15
leaf_value=-0.038082593538421167 -0.030020713893060824 0.065578493393864221 -0.047038357422324435 -0.077741772047943941 0.053079897240159282 -0.037675298366470975 -0.069962168509039885 0.030965733756205802 0.05200901570984251 -0.076033071765898519 0.0070530358689881809 0.061705385970741926 -0.026660703661737291 0.0030381893164132265
leaf_weight=1.6013831272721315 8.0487547889351863 1.2012717612087729 2.2801873348653308 2.550410717725752 5.5818015038967133 4.04874187707901 2.5515539161860943 3.6151322722434998 1.0934723503887642 9.1519622094929201 2.4043503440916529 18.507672179490328 1.62973038107157 33.018193021416664
leaf_count=33 163 25 46 51 115 81 50 74 22 184 49 385 30 667
internal_value=0.00128156 0.030302 -0.0179186 -0.000205154 0.0327566 -0.0233855 -0.0448241 -0.00529658 -0.0202094 -0.060775 -0.0325983 0.0551745 0.0124789 -0.000196631
internal_weight=97.2846 38.7361 58.5485 17.3975 7.18318 10.2143 23.2501 7.66387 9.14223 14.1079 4.9559 21.3387 2.831 35.2984
internal_count=1975 794 1181 354 148 206 468 155 185 283 99 440 55 713
is_linear=0
shrinkage=0.05


Tree=6
num_leaves=15
num_cat=0
split_feature=4 4 5 15 15 5 4 20 12 19 5 22 28 19
split_gain=27.0327 14.8426 3.85365 4.32238 4.95027 3.57323 4.31087 3.22807 4.55702 5.03411 4.40689 3.36073 2.39136 2.10869
threshold=1.0000000180025095e-35 -1.0000000180025095e-35 84.77500000000002 447.00000000000006 466.50000000000006 93.291666666666671 1.5000000000000002 241.50000000000003 20.57701497077942 635.50000000000011 98.90000000000002 120.01255416870119 1.0000000180025095e-35 228.50000000000003
decision_type=2 2 2 2 2 2 2 2 2 2 2 2 2 2
left_child=1 -1 -3 -4 -5 6 -2 8 13 -10 12 -12 -9 -6
right_child=5 2 3 4 7 -7 -8 10 9 -11 11 -13 -14 -15
leaf_value=-0.054747375720043484 -0.01113513215082804 -0.063051198192365918 0.024712759333822675 -0.050767141111020778 -0.094975500220536635 0.061680380437545812 0.068000851481630001 -0.0076178527613463276 0.053051695204543808 -0.032162575003696091 0.041011918212369623 -0.014212492277744879 -0.086101001528932117 -0.030489325712298655
leaf_weight=17.326902113854885 4.4903468638658532 2.4748485796153536 14.024259153753517 5.6787016130983821 1.5488725677132587 15.45045505836606 2.7902610674500465 4.4384203143417844 3.6286260783672324 3.3179004043340683 10.944417804479597 3.6816900596022615 1.2422262355685232 6.9835193306207657
leaf_count=350 93 50 288 114 31 328 54 90 74 67 222 74 25 141
internal_value=0.000284568 -0.0141431 -0.00200528 0.000717425 -0.00739838 0.0480721 0.0191934 -0.000516346 -0.0177167 0.0123504 0.0125947 0.0271108 -0.0247803 -0.0421954
internal_weight=98.0214 75.2904 57.9635 55.4886 41.4644 22.7311 7.28061 35.7857 15.4789 6.94653 20.3068 14.6261 5.68065 8.53239
internal_count=2001 1526 1176 1126 838 475 147 724 313 141 411 296 115 172
is_linear=0
shrinkage=0.05


Tree=7
num_leaves=15
num_cat=0
split_feature=3 14 14 3 12 11 11 10 23 6 6 20 19 14
split_gain=15.5859 10.9596 7.27287 4.70566 4.46248 3.41657 3.30013 3.02318 3.91827 2.95011 2.88356 2.54913 2.50523 2.47824
threshold=4.5000000000000009 419.50000000000006 466.50000000000006 3.5000000000000004 -156.63929901123046 1845.2952392578129 917.72546844482429 -733.93582916259754 -414.31874999999997 84.550000000000011 94.700000000000003 456.50000000000006 461.00000000000006 299.50000000000006
decision_type=2 2 2 2 2 2 2 2 2 2 2 2 2 2
left_child=2 5 3 13 -5 -2 7 -6 -9 -3 12 -7 -11 -1
right_child=1 9 -4 4 6 11 -8 8 -10 10 -12 -13 -14 -15
leaf_value=-0.02078264333138273 -0.058273773318741721 0.035217141960672299 0.057300833672118259 -0.051997763171723749 0.043013451168731148 -0.046643030070420755 0.059867842233819857 0.027448686058327228 -0.096819900970483264 0.028068313719104163 0.00044607119780854356 0.056261813433063704 -0.038853424355905525 0.049216404197719055
leaf_weight=1.5460046008229253 14.666736703366043 4.6259586662054053 12.628559477627276 4.4096500575542432 1.4855889715254287 1.1768169850111001 2.3911682814359665 1.0699426457285861 1.557998269796377 1.642528548836707 34.388891942799091 1.2316807880997656 9.411803159862755 6.9428858235478401
leaf_count=32 298 97 272 89 30 24 50 22 32 33 696 25 190 146
internal_value=-0.000928833 -0.0146193 0.0277689 0.00854803 -0.0131675 -0.0492104 0.0131563 -0.0139968 -0.0462251 -0.00282259 -0.0066949 0.00598144 -0.0289097 0.0364681
internal_weight=99.1762 67.1444 32.0318 19.4032 10.9143 17.0752 6.5047 4.11353 2.62794 50.0692 45.4432 2.4085 11.0543 8.48889
internal_count=2036 1363 673 401 223 347 134 84 54 1016 919 49 223 178
is_linear=0
shrinkage=0.05


Tree=8
num_leaves=15
num_cat=0
split_feature=4 4 6 1 6 26 14 6 4 26 11 1 23 1
split_gain=22.3189 12.6535 2.52886 4.00591 3.91449 3.83052 2.90744 2.18237 2.06859 2.24237 2.55866 2.04261 2.0361 2.65037
threshold=1.0000000180025095e-35 -1.0000000180025095e-35 89.550000000000011 30.640625000000004 93.100000000000009 -0.0085332384490966768 371.00000000000006 99.90000000000002 1.5000000000000002 -0.1071639363861084 -1130.2342468261716 47.167968750000007 -135.09313964843747 34.058593750000007
decision_type=2 2 2 2 2 2 2 2 2 2 2 2 2 2
left_child=1 -1 6 4 -4 -5 -3 -7 9 -2 -11 -9 -8 -14
right_child=8 2 3 5 -6 7 12 11 -10 10 -12 -13 13 -15
leaf_value=-0.050827495305825379 -0.016895559016550005 -0.06224742415931981 -0.060432918210574817 -0.012384546155927888 -0.010201165273447907 0.056247465850020308 0.062637893395170285 0.029156864195946926 0.064562916979619911 -0.028486353388796494 0.04679195270919316 -0.055482804446658554 0.033399184989232743 -0.038526149686962961
leaf_weight=17.307621110230684 1.9972438663244272 0.96343252807855506 4.5371578186750439 7.8783938996493843 26.714690696448088 5.2110643424093706 3.0309166833758345 2.5278385467827325 7.4836302958428851 1.24318242445588 12.267167717218397 0.9927646331489085 4.4498704075813285 1.7984526455402372
leaf_count=354 42 20 91 159 540 107 63 52 160 26 265 20 92 37
internal_value=-0.000152752 -0.0133008 -0.00212272 -0.00694818 -0.0174938 0.0128935 0.0204257 0.0357013 0.0429734 0.0325548 0.0398651 0.00528957 0.0290094 0.0126969
internal_weight=98.4034 75.4122 58.1046 47.8619 31.2518 16.6101 10.2427 8.73167 22.9912 15.5076 13.5104 3.5206 9.27924 6.24832
internal_count=2028 1535 1181 969 631 338 212 179 493 333 291 72 192 129
is_linear=0
shrinkage=0.05


Tree=9
num_leaves=15
num_cat=0
split_feature=4 4 6 12 1 15 22 24 5 14 27 27 23 22
split_gain=22.6697 13.0429 3.7245 3.67727 2.71561 2.82451 3.09234 2.68524 2.42915 3.02747 2.70239 3.41081 2.7091 2.44137
threshold=1.0000000180025095e-35 -1.0000000180025095e-35 84.550000000000011 598.7742099761964 34.058593750000007 469.50000000000006 -57.513933062553399 -0.11244670807838439 84.77500000000002 427.50000000000006 0.037810458660125744 -0.027943012123107906 -47.764812469482415 115.4711395263672
decision_type=2 2 2 2 2 2 2 2 2 2 2 2 2 2
left_child=1 -1 -3 4 8 6 -6 -7 -4 -10 11 13 -12 -11
right_child=-2 2 3 -5 5 7 -8 -9 9 10 12 -13 -14 -15
leaf_value=-0.050334249304890367 0.047292380889254498 0.037011316527205233 -0.085236668972339322 0.038338385922114637 0.019160870589798533 -0.031844768496402553 -0.077599475925415343 0.037988279337335326 0.039967833974323179 -0.033566844407968158 0.025646888453810399 0.022949221094700115 -0.063434189324379373 0.00634135829125542
leaf_weight=17.07564502954483 20.60952415317297 5.9361466914415351 1.2382074557244767 4.4871479086577883 1.6656602248549464 1.6873983293771733 1.6374557316303242 7.4733343087136737 2.4153078608214846 12.50551485642791 1.0298384316265581 5.7290366142988267 4.9838685095310202 5.5254380330443373
leaf_count=353 447 126 25 92 34 34 33 153 49 252 21 117 100 111
internal_value=0.000956769 -0.0120553 -0.000448337 -0.00486227 -0.00908635 0.0108325 -0.0288062 0.0251251 -0.0165134 -0.0138698 -0.0182373 -0.0106589 -0.0481792 -0.0213373
internal_weight=93.9995 73.39 56.3144 50.3782 45.8911 12.4638 3.30312 9.16073 33.4272 32.189 29.7737 23.76 6.01371 18.031
internal_count=1947 1500 1147 1021 929 254 67 187 675 650 601 480 121 363
is_linear=0
shrinkage=0.05


Tree=10
num_leaves=15
num_cat=0
split_feature=15 14 14 15 12 23 12 22 19 23 5 15 12 24
split_gain=12.3778 8.17582 6.90157 5.2696 3.3677 5.04999 1.82762 3.10096 2.07876 1.82657 1.68064 3.37625 2.28322 1.86972
threshold=418.50000000000006 419.50000000000006 409.50000000000006 232.00000000000003 111.3973347981771 -185.44936116536454 265.46954650878916 -156.55841064453122 2717.5000000000005 -9.0000433444976782 99.90000000000002 367.50000000000006 111.3973347981771 -1.0000000180025095e-35
decision_type=2 2 2 2 2 2 2 2 2 2 2 2 2 2
left_child=2 -2 3 -1 -5 -6 -3 -8 -9 -7 11 -4 13 -13
right_child=1 6 10 4 5 9 7 8 -10 -11 -12 12 -14 -15
leaf_value=0.054826075034572541 -0.047863078425451011 -0.0097748076358517063 0.056289589188499002 -0.039795042101591356 -0.054278325051651713 0.078797914250634524 0.056894326552112712 0.010609561547768237 -0.053606301368884383 0.014139973781124868 0.056228867263389208 -0.05675552257875708 0.040654088045187282 0.027744550091044741
leaf_weight=3.3491019718349007 14.108044631779192 34.865255493670702 4.9793450497090816 6.8700410276651365 2.0936745963990688 1.7943911254405973 3.0090831257402897 5.8385828025639039 1.6071696095168588 2.7915158681571484 10.223614886403084 2.0238466486334801 1.9009866528213022 0.96763263642787967
leaf_count=74 293 706 109 141 44 38 62 119 33 59 231 43 41 21
internal_value=-0.000489548 -0.0146238 0.022216 -0.00133444 -0.0152158 0.0100643 -0.00427649 0.0140595 -0.00325147 0.0394396 0.0420201 0.027305 -0.0021942 -0.0294229
internal_weight=96.4223 59.4281 36.9942 16.8987 13.5496 6.67958 45.3201 10.4548 7.44575 4.58591 20.0954 9.87181 4.89247 2.99148
internal_count=2014 1213 801 356 282 141 920 214 152 97 445 214 105 64
is_linear=0
shrinkage=0.05


Tree=11
num_leaves=15
num_cat=0
split_feature=4 4 5 20 6 5 20 13 28 22 12 25 4 20
split_gain=18.7007 9.41553 4.88028 3.53316 2.96795 2.80708 2.79177 2.3029 2.28689 2.2271 2.93235 2.10152 2.36896 2.09019
threshold=1.0000000180025095e-35 -1.0000000180025095e-35 99.708333333333357 217.50000000000003 89.550000000000011 93.291666666666671 172.50000000000003 378.10458660125738 1.0000000180025095e-35 1.0000000180025095e-35 129.21786142985027 -0.01564378540039062 1.5000000000000002 402.50000000000006
decision_type=2 2 2 2 2 2 2 2 2 2 2 2 2 2
left_child=1 -1 6 4 -4 11 7 -3 -8 10 -6 12 -2 -5
right_child=5 2 3 13 9 -7 8 -9 -10 -11 -12 -13 -14 -15
leaf_value=-0.044174310083908756 -0.037468539068950812 0.022070498467414976 0.030694193698371799 0.037101336920064829 -0.065246540212839085 0.053767027403725631 -0.02413202474343416 -0.038609900141105304 -0.075306272266168692 0.0080724721936618442 0.003475412929989331 0.044373050266591628 0.052386215643958005 0.0068662980842346885
leaf_weight=17.509262334555387 2.548611950129271 5.2981773838400867 3.1883404850959769 10.592066299170257 4.4226338826119882 14.31387635320425 12.372074380517004 2.2182040065526962 2.650918770581483 3.4723229520022869 2.3917105458676815 3.1541963182389745 1.0299623273313043 12.417453344911335
leaf_count=368 53 109 67 217 89 329 252 45 54 70 49 66 23 255
internal_value=-0.000496411 -0.0119749 -0.00242307 0.00887736 -0.011455 0.0412436 -0.0207151 0.00416275 -0.0331621 -0.024519 -0.0411264 0.0146187 -0.0116071 0.0207845
internal_weight=97.5798 76.5332 59.0239 36.4845 13.475 21.0466 22.5394 7.51638 15.023 10.2867 6.81434 6.73277 3.57857 23.0095
internal_count=2046 1575 1207 747 275 471 460 154 306 208 138 142 76 472
is_linear=0
shrinkage=0.05


Tree=12
num_leaves=15
num_cat=0
split_feature=4 15 1 14 15 12 13 13 23 13 14 23 1 23
split_gain=16.303 9.73768 3.36444 3.06739 4.78276 4.67005 2.92512 4.06715 2.71212 4.51517 2.57844 3.28424 2.56865 2.46411
threshold=-1.0000000180025095e-35 424.50000000000006 34.253906250000007 499.50000000000006 346.50000000000006 -23.935141754150386 378.10458660125738 -279.43012123107906 -177.35807800292966 559.49319658279433 355.50000000000006 -168.07562255859372 40.214843750000007 -47.764812469482415
decision_type=2 2 2 2 2 2 2 2 2 2 2 2 2 2
left_child=-1 3 6 4 10 12 7 -3 -4 -10 11 -2 -6 -8
right_child=1 2 8 -5 5 -7 13 -9 9 -11 -12 -13 -14 -15
leaf_value=-0.047067368651454916 -0.057730614377726246 -0.019334015608055088 0.047331388554638656 0.049976808401973521 -0.018326162881225082 0.026137690368127672 0.021232185739009479 0.024800196400421706 -0.034783623216887057 0.041159101048455424 0.055980331365207817 0.039445564697470771 -0.096105330345457818 -0.057345380123054783
leaf_weight=16.444828540086746 1.3235563747584822 19.966122675687075 4.2875761836767197 10.918838102370499 3.7669402062892914 5.3543240837752801 1.2027658261358736 7.0680213533341911 4.5308422744274122 3.4457003362476826 7.8946971632540226 2.5343175008893031 1.4779778532683847 5.8520092666149131
leaf_count=350 28 404 89 255 79 115 25 145 92 70 175 55 30 118
internal_value=-0.00174429 0.00761637 -0.00719749 0.0282552 0.0176442 -0.00671043 -0.0152773 -0.00779522 0.0152608 -0.00197795 0.0396088 0.00610644 -0.0402437 -0.0439487
internal_weight=96.0685 79.6237 46.353 33.2707 22.3518 10.5992 34.0889 27.0341 12.2641 7.97654 11.7526 3.85787 5.24492 7.05478
internal_count=2030 1680 943 737 482 224 692 549 251 162 258 83 109 143
is_linear=0
shrinkage=0.05


Tree=13
num_leaves=15
num_cat=0
split_feature=4 4 5 5 25 1 25 19 15 15 14 12 15 1
split_gain=13.6135 8.08506 3.89768 3.35052 3.1479 2.65903 2.65391 2.5785 2.35806 2.31812 2.31684 2.41038 1.98578 3.22616
threshold=1.0000000180025095e-35 -1.0000000180025095e-35 99.708333333333357 90.450000000000017 -0.09844758224487303 49.121093750000007 0.18102588012695317 2087.5000000000005 232.00000000000003 371.50000000000006 406.50000000000006 289.46489562988285 472.50000000000006 34.058593750000007
decision_type=2 2 2 2 2 2 2 2 2 2 2 2 2 2
left_child=1 6 5 8 -4 -3 -1 -8 -2 -6 -10 -12 -11 -14
right_child=3 2 4 -5 9 -7 7 -9 10 12 11 -13 13 -15
leaf_value=-0.050040851683148528 0.058796687146004181 -0.011835776514286994 -0.037848571225520093 0.047628800021171841 0.062471575881452891 -0.069947393942884309 -0.041825485836354877 0.059087451356053915 -0.075038285200792393 -0.0048891831033512226 -0.033571951808966514 0.065423116564706618 0.0093791076869449083 0.060472538230535694
leaf_weight=13.523892614990475 1.3023275770246989 20.550758495926861 3.2533664070069781 15.527953051030636 2.2694520242512217 2.1770426705479613 1.3454401604831212 1.1954644359648225 1.2456158213317396 12.809984892606737 1.4528901912271979 1.0660758130252359 13.595917057245972 3.9980767108499995
leaf_count=292 28 421 66 367 49 44 29 25 26 266 33 24 275 83
internal_value=0.000116002 -0.00980461 -0.00119702 0.0361086 0.00905458 -0.0174022 -0.041232 0.00565281 0.000803905 0.0137248 -0.0192582 0.0083247 0.0100862 0.0209896
internal_weight=95.3143 74.7194 58.6546 20.5949 35.9268 22.7278 16.0648 2.5409 5.06691 32.6734 3.76458 2.51897 30.404 17.594
internal_count=2028 1550 1204 478 739 465 346 54 111 673 83 57 624 358
is_linear=0
shrinkage=0.05


Tree=14
num_leaves=15
num_cat=0
split_feature=15 14 14 3 14 15 22 1 13 13 6 6 23 1
split_gain=8.74287 6.27398 4.77046 3.70273 2.96684 2.32984 2.25583 2.24562 2.14771 3.14616 2.2271 3.87333 2.08638 2.72823
threshold=424.50000000000006 406.50000000000006 409.50000000000006 2.5000000000000004 299.50000000000006 346.50000000000006 -172.19380493164059 34.058593750000007 378.10458660125738 -279.43012123107906 89.550000000000011 93.100000000000009 -212.39977416992184 45.917968750000007
decision_type=2 2 2 2 2 2 2 2 2 2 2 2 2 2
left_child=1 3 -2 -1 -5 -6 -7 8 9 10 -4 -12 -9 -14
right_child=2 -3 7 4 5 6 -8 12 -10 -11 11 -13 13 -15
leaf_value=0.049762020584574684 -0.039018755297135457 0.037423424326277488 0.048142825474247315 -0.07099850359324679 0.020848989070281376 -0.076865420302115683 -0.0084063418945893829 0.048601109913547685 -0.037725327001928405 0.023953425630951219 -0.073745536367381986 -0.009784471333182998 0.022990461206424104 -0.037174080021414833
leaf_weight=2.7141525559127357 12.769451860338448 20.712487164884806 1.2911792173981691 1.9656269624829281 5.1202672533690912 1.5452212765812872 5.4385739155113697 3.2579174116253844 6.1057025454938403 6.9778707996010807 2.8095217458903816 15.026781026273964 5.2212082929909212 2.9482182189822197
leaf_count=64 277 481 26 42 112 32 115 68 124 143 57 304 107 60
internal_value=0.000300036 0.0190125 -0.0121388 -0.00370803 -0.0140228 -0.00477032 -0.0235535 -0.00427317 -0.0110289 -0.00478499 -0.015269 -0.0198594 0.0147698 0.00127802
internal_weight=93.9042 37.4963 56.4079 16.7838 14.0697 12.1041 6.9838 43.6384 32.2111 26.1054 19.1275 17.8363 11.4273 8.16943
internal_count=2012 846 1166 365 301 259 147 889 654 530 387 361 235 167
is_linear=0
shrinkage=0.05


Tree=15
num_leaves=15
num_cat=0
split_feature=3 14 14 14 1 6 6 23 26 20 20 13 26 22
split_gain=7.5337 7.64924 4.43844 3.72326 3.33882 3.12246 3.59973 2.74004 2.97983 2.65304 3.29737 3.22002 2.92477 3.49014
threshold=3.5000000000000004 498.50000000000006 344.00000000000006 299.50000000000006 30.640625000000004 99.90000000000002 89.550000000000011 -20.675380182266231 0.037579290390014654 172.50000000000003 249.50000000000003 -1616.1583953857419 -0.0023935141754150382 109.41075121561688
decision_type=2 2 2 2 2 2 2 2 2 2 2 2 2 2
left_child=3 2 -2 -1 5 6 -3 -6 -9 11 -11 -4 13 -13
right_child=1 4 9 -5 7 -7 -8 8 -10 10 -12 12 -14 -15
leaf_value=-0.035757888985617638 -0.066916358799699371 0.031479400269674433 -0.068566619838702006 0.050606384310265255 0.05363965783956276 0.037193958286450127 -0.01940015721933885 -0.01570261831147567 0.080711026543188943 -0.060536795645124632 -0.015590862338170112 -0.040398790930544652 0.036980445279347303 0.043537227581960693
leaf_weight=1.448875419795512 4.52809178456664 4.4641986750066343 1.3686031699180592 8.9987394288182241 6.7039945013821125 4.6789563409984103 15.709953140467404 3.8536400571465474 1.0118327550590036 4.9178428798913982 23.969601809978485 3.8254407607018939 5.9544353373348704 1.831373795866966
leaf_count=31 100 98 30 219 148 107 322 81 22 105 505 81 127 38
internal_value=-0.00138048 -0.00642779 -0.0198915 0.0386294 0.0107224 0.000393659 -0.00814137 0.0329102 0.00434774 -0.0148056 -0.0232425 0.0039713 0.0125213 -0.0132248
internal_weight=93.2656 82.818 46.3954 10.4476 36.4226 24.8531 20.1742 11.5695 4.86547 41.8673 28.8874 12.9799 11.6112 5.65681
internal_count=2014 1764 986 250 778 527 420 251 103 886 610 276 246 119
is_linear=0
shrinkage=0.05


Tree=16
num_leaves=15
num_cat=0
split_feature=4 4 1 19 12 11 11 13 1 13 10 12 6 6
split_gain=13.3376 7.10498 2.69052 4.02407 2.5669 1.90727 2.13226 2.13955 2.67457 1.99845 2.62376 3.18023 1.84079 2.15971
threshold=-1.0000000180025095e-35 1.0000000180025095e-35 55.074218750000007 1799.5000000000002 464.0033042907715 -357.1073265075683 -1.0000000180025095e-35 -1071.5781311035155 21.183593750000004 936.01651611328134 -469.40104827880856 -593.09667663574203 88.90000000000002 94.700000000000003
decision_type=2 2 2 2 2 2 2 2 2 2 2 2 2 2
left_child=-1 4 -3 -4 5 12 -7 8 -8 10 -9 -12 -2 -14
right_child=1 2 3 -5 -6 6 7 9 -10 -11 11 -13 13 -15
leaf_value=-0.040574931864693554 0.040986713865314675 0.042106959093452107 0.044755475078889134 -0.095734658974119952 0.026652599732742345 -0.045681920172545215 -0.019772135428558282 -0.089818854028961559 0.07541954837705088 0.011837319278937943 0.042971230938957619 -0.028174869194181981 -0.030267179830342023 0.0098071606589204274
leaf_weight=15.434611737728117 3.4312337674200526 18.024215970188383 1.1374559253454202 0.92354419082403172 8.5402952693402749 4.0912686064839354 1.3318000398576288 1.3485634885728384 1.6547083407640455 5.6799598410725585 1.8970826752483869 9.1299571618437785 4.2568940743804005 15.993407633155583
leaf_count=344 75 434 28 21 179 84 27 28 34 119 39 187 88 328
internal_value=0.00186705 0.0103261 0.0359188 -0.0181988 0.00136384 -0.0030605 -0.012654 -0.00623235 0.0329699 -0.0127167 -0.023986 -0.015935 0.00712119 0.00138298
internal_weight=92.875 77.4404 20.0852 2.061 57.3552 48.8149 25.1333 21.0421 2.98651 18.0556 12.3756 11.027 23.6815 20.2503
internal_count=2015 1671 483 49 1188 1009 518 434 61 373 254 226 491 416
is_linear=0
shrinkage=0.05


Tree=17
num_leaves=15
num_cat=0
split_feature=3 18 14 12 29 15 12 19 5 1 11 23 19 6
split_gain=7.02878 5.25691 4.43739 3.0769 3.23454 2.70279 3.81989 2.66819 2.57383 2.56278 3.32169 2.60961 2.43341 2.57838
threshold=4.5000000000000009 3.5000000000000004 299.50000000000006 42.825662231445321 1.0000000180025095e-35 300.50000000000006 -1221.2434631347653 495.50000000000006 84.77500000000002 21.183593750000004 175.56228637695315 -177.35807800292966 1104.5000000000002 89.550000000000011
decision_type=2 2 2 2 2 2 2 2 2 2 2 2 2 2
left_child=2 3 -1 12 7 -4 -7 -5 -8 10 11 -9 13 -2
right_child=1 -3 5 4 -6 6 8 9 -10 -11 -12 -13 -14 -15
leaf_value=-0.046577819287139187 0.035461809832461423 -0.030534170764571607 0.048063108159043355 0.052172993085480568 0.10172462648421272 -0.046440709336453369 -0.056644919528188481 -0.032881846925962403 0.029465296222095039 0.020084845711548699 -0.06833981051178202 0.056490847095591351 0.0017558180347848806 -0.03956002590547826
leaf_weight=2.2067252434790161 1.3242628537118459 18.364275433123112 9.8457241803407687 3.3071999885141912 1.0622094124555577 2.1915973387658658 0.9243395850062307 1.7394352369010451 14.182056345045567 8.1937188208103162 2.3985503911972046 1.5398344844579686 17.328474804759026 8.4738212935626489
leaf_count=48 29 400 242 69 22 48 19 36 333 173 49 32 359 176
internal_value=0.0013605 -0.00796358 0.0216069 0.00117276 0.0170519 0.0271502 0.0152469 0.0118164 0.0241963 0.0021947 -0.0236228 0.00908456 -0.00950501 -0.0294204
internal_weight=93.0822 63.7318 29.3504 45.3675 18.2409 27.1437 17.298 17.1787 15.1064 13.8715 5.67782 3.27927 27.1266 9.79808
internal_count=2035 1345 690 945 381 642 400 359 352 290 117 68 564 205
is_linear=0
shrinkage=0.05


Tree=18
num_leaves=15
num_cat=0
split_feature=4 15 5 5 19 18 15 12 27 18 1 1 15 6
split_gain=9.5262 5.31109 3.43809 2.96752 3.2016 2.53221 3.25684 3.68164 2.3919 2.34661 2.80516 2.29527 2.85168 2.14102
threshold=-1.0000000180025095e-35 424.50000000000006 81.550000000000011 99.77500000000002 672.50000000000011 2.5000000000000004 377.50000000000006 1.0000000180025095e-35 0.037810458660125744 4.5000000000000009 21.253906250000004 30.640625000000004 459.50000000000006 89.550000000000011
decision_type=2 2 2 2 2 2 2 2 2 2 2 2 2 2
left_child=-1 2 -2 4 8 -4 -7 9 -3 -8 -11 13 -13 -5
right_child=1 3 5 11 -6 6 7 -9 -10 10 -12 12 -14 -15
leaf_value=-0.036926307379146532 -0.038215979052323004 0.035969738769176661 0.060248746781876111 0.049377066420711879 -0.032271890738797847 0.036884858202147111 -0.07578352762817045 0.031152505066501236 -0.048087882314086804 0.053745354937168956 -0.038614889564423729 -0.050838282824785544 0.038077645353365663 -0.0093073685995263972
leaf_weight=14.950993057340382 2.1442495584487942 3.5398179255425957 4.8731893412768867 1.7169307619333327 13.398202076554297 13.362858440726997 1.7924088388681392 4.8055828660726547 1.1122228540480135 1.2769542969763281 2.3080020435154438 1.022681575268505 7.6252493187785149 16.400981280952692
leaf_count=339 46 74 125 35 275 324 39 111 23 30 49 21 161 333
internal_value=-0.000467364 0.00676403 0.0228354 -0.00419618 -0.0198636 0.0274418 0.0206519 -0.000650303 0.015873 -0.0290715 -0.00571635 0.00636958 0.0275627 -0.00374618
internal_weight=90.3303 75.3793 30.5632 44.8161 18.0502 28.419 23.5458 10.1829 4.65204 5.37737 3.58496 26.7658 8.64793 18.1179
internal_count=1985 1646 724 922 372 678 553 229 97 118 79 550 182 368
is_linear=0
shrinkage=0.05


Tree=19
num_leaves=15
num_cat=0
split_feature=4 4 14 5 13 15 5 23 12 22 20 20 19 20
split_gain=8.87263 5.37468 2.37451 2.17978 2.08177 2.07846 1.80493 2.0679 2.23654 1.79546 2.23613 3.3463 2.88315 1.62931
threshold=1.0000000180025095e-35 -1.0000000180025095e-35 344.00000000000006 93.291666666666671 -1107.7177124023435 232.00000000000003 99.708333333333357 -372.09123535156243 20.57701497077942 137.51207122802739 318.50000000000006 159.50000000000003 2322.0000000000005 230.50000000000003
decision_type=2 2 2 2 2 2 2 2 2 2 2 2 2 2
left_child=1 2 -1 5 -4 -2 -3 8 -8 10 11 -6 -12 -9
right_child=3 6 4 -5 9 -7 7 13 -10 -11 12 -13 -14 -15
leaf_value=-0.066677282574390442 0.052805815251175503 -0.012366521471261776 -0.056597985997908773 0.04128432166992016 0.03516401898405374 -0.012575200632594609 -0.090055845370124954 -0.0049273184468370864 -0.00040467110957659465 -0.074164040134122519 0.083097696787638231 -0.067593419204972346 -0.010042029529869788 0.018154672683098064
leaf_weight=4.2674350328743431 1.6677653491497046 23.60450105369091 3.1974451579153529 12.987990077584982 1.2758510112762462 4.483167726546526 1.1237194165587419 12.505131732672451 1.8262940049171446 0.91972564160823811 1.42432601377368 2.090338908135891 1.9941764958202837 19.672904174774885
leaf_count=101 40 489 74 342 29 102 23 261 39 21 31 49 45 412
internal_value=-0.00066884 -0.00852645 -0.0350588 0.0296721 -0.022682 0.00515222 -0.00167375 0.00551132 -0.0345546 -0.00860637 0.000280562 -0.0286464 0.0287648 0.00918448
internal_weight=93.0408 73.9018 15.1693 19.1389 10.9019 6.15093 58.7326 35.128 2.95001 7.70442 6.78469 3.36619 3.4185 32.178
internal_count=2058 1574 350 484 249 142 1224 735 62 175 154 78 76 673
is_linear=0
shrinkage=0.05


Tree=20
num_leaves=15
num_cat=0
split_feature=4 4 5 15 1 0 18 19 19 23 12 15 23 15
split_gain=8.542 5.09685 2.59466 2.87818 3.14874 3.13965 3.0865 2.8166 2.9993 4.35596 2.78437 3.2479 3.95577 2.56409
threshold=-1.0000000180025095e-35 1.5000000000000002 84.77500000000002 447.00000000000006 30.640625000000004 61215.000000000007 3.5000000000000004 2141.0000000000005 2911.0000000000005 -115.47353515624998 215.53556365966799 499.50000000000006 27.632122993469242 466.50000000000006
decision_type=2 2 2 2 2 2 2 2 2 2 2 2 2 2
left_child=-1 2 -2 5 13 6 -4 -7 9 -9 11 12 -6 -5
right_child=1 -3 3 4 10 7 -8 8 -10 -11 -12 -13 -14 -15
leaf_value=-0.036819172660851246 -0.040776632408268836 0.051697159408856788 0.032480489523298156 -0.050076762613747605 0.042377525836927769 0.054679953881062948 -0.017076155265175443 0.030717161820843941 0.056913267983032624 -0.10664973180231807 0.055587375264507181 -0.036870573052628773 -0.059041554425101429 -0.0078952723215713529
leaf_weight=14.777797129005192 3.5025158748030654 5.3770825006067744 4.9054759703576591 4.2720553986728218 5.1378215029835683 7.3162575140595418 8.7399226650595647 1.2257410772144797 1.4934904165565965 1.0905923284590247 3.2363479062914839 3.4585628248751163 1.1828021742403505 22.993862591683865
leaf_count=346 73 151 122 88 109 170 197 28 33 23 69 71 24 470
internal_value=-0.00211549 0.00482115 0.00114448 0.00340155 -0.00484588 0.0168129 0.000739296 0.0365261 0.00166394 -0.0339589 0.0153873 0.00208345 0.0233986 -0.0145043
internal_weight=88.7103 73.9325 68.5554 65.0529 40.2815 24.7715 13.6454 11.1261 3.80982 2.31633 13.0155 9.77919 6.32062 27.2659
internal_count=1974 1628 1477 1404 831 573 319 254 84 51 273 204 133 558
is_linear=0
shrinkage=0.05


Tree=21
num_leaves=15
num_cat=0
split_feature=3 14 14 15 15 11 12 5 10 23 5 1 0 6
split_gain=5.78824 5.47173 2.8419 3.33915 4.05407 2.60805 2.20856 3.50431 2.62835 2.67249 2.95244 2.44326 2.97669 2.51057
threshold=3.5000000000000004 344.00000000000006 498.50000000000006 447.00000000000006 472.50000000000006 -959.53298339843741 215.53556365966799 86.550000000000011 974.92529907226572 -177.35807800292966 87.550000000000011 34.253906250000007 61215.000000000007 99.90000000000002
decision_type=2 2 2 2 2 2 2 2 2 2 2 2 2 2
left_child=-1 -2 6 -4 -5 -6 8 -8 9 -3 -11 12 -9 -14
right_child=1 2 3 4 5 -7 7 11 -10 10 -12 -13 13 -15
leaf_value=0.038626757407082241 -0.056911320749744226 0.015962239621447601 0.032998891759860108 -0.036703784883111011 -0.037737055904630189 0.018250737880332421 -0.064518984741207458 -0.032932281202036819 -0.070934066798550494 0.035635994972626969 -0.028819166171336858 0.054446694962399268 -0.015093386933487524 0.053150141166493615
leaf_weight=9.2562833838164789 4.4651519246399394 6.1224974244832984 11.159835383296011 5.7560715377330807 2.3790031783282783 16.55124231800437 1.5102101042866696 3.5135234817862493 2.1039615720510474 1.9852109141647911 16.912894483655691 3.1143340282142153 2.2512605860829353 3.3577885888516903
leaf_count=242 109 131 277 119 49 343 31 79 46 43 368 68 51 73
internal_value=0.0011658 -0.00310541 2.62193e-05 0.010302 4.15695e-05 0.0112146 -0.0089861 0.00734026 -0.0172605 -0.0127472 -0.0220483 0.0162087 0.00315475 0.0257598
internal_weight=90.4393 81.183 76.7178 35.8462 24.6863 18.9302 40.8717 13.7471 27.1246 25.0206 18.8981 12.2369 9.12257 5.60905
internal_count=2029 1787 1678 788 511 392 890 302 588 542 411 271 203 124
is_linear=0
shrinkage=0.05


Tree=22
num_leaves=15
num_cat=0
split_feature=4 15 18 18 5 27 18 23 27 20 12 1 12 11
split_gain=7.99468 4.35265 2.41815 2.5081 2.37496 2.4083 2.30812 3.07143 2.56197 2.01844 1.858 1.97621 2.21733 1.76321
threshold=-1.0000000180025095e-35 424.50000000000006 3.5000000000000004 1.5000000000000002 92.733333333333348 -0.1616158395385742 4.5000000000000009 -135.09313964843747 -0.10404154541015624 318.50000000000006 598.7742099761964 34.058593750000007 215.53556365966799 1703.110642496745
decision_type=2 2 2 2 2 2 2 2 2 2 2 2 2 2
left_child=2 4 3 -1 5 -2 10 8 -8 -5 11 -3 -13 -9
right_child=1 6 -4 9 -6 -7 7 13 -10 -11 -12 12 -14 -15
leaf_value=-0.043740464788048466 -0.077617592916638223 -0.0095839109893060912 -0.049695441031436 -0.026370194251964935 0.029177309760915517 0.0074555270578663098 -0.045304096142178105 -0.082002535890074113 0.065098733319157512 0.059853884437390016 0.039037023018819714 0.0039600284720017198 0.059955036445609511 -0.0029061907817790251
leaf_weight=2.5146835409104815 0.95020250231027592 26.601701159030199 9.280522055923937 1.1402237862348559 22.304355397820473 6.6811069697141674 0.96790505200624499 2.6718011759221549 1.1495954468846319 1.6769687347114084 2.9248044937849036 8.1382986307144147 2.2586150877177706 0.95693438500165928
leaf_count=60 21 546 227 28 568 151 20 57 24 37 61 171 49 20
internal_value=-0.000421933 0.00612155 -0.0342783 -0.00744358 0.0209396 -0.00313724 -0.0035914 -0.0332197 0.0146338 0.0249558 0.000673053 -0.00235969 0.0161243 -0.061144
internal_weight=90.2177 75.6053 14.6124 5.33188 29.9357 7.63131 45.6697 5.74624 2.1175 2.81719 39.9234 36.9986 10.3969 3.62874
internal_count=2040 1688 352 125 740 172 948 121 44 65 827 766 220 77
is_linear=0
shrinkage=0.05


Tree=23
num_leaves=15
num_cat=0
split_feature=4 4 14 11 13 23 5 15 6 1 23 0 18 15
split_gain=5.56035 3.7134 2.64896 2.45834 2.26843 2.83701 2.15643 2.11215 3.54827 2.7892 2.32084 2.18303 2.87285 2.72237
threshold=-1.0000000180025095e-35 1.5000000000000002 344.00000000000006 -1303.3767175674436 -933.98805847167955 -41.066455364227288 99.708333333333357 447.00000000000006 93.90000000000002 34.058593750000007 -372.09123535156243 61215.000000000007 3.5000000000000004 397.50000000000006
decision_type=2 2 2 2 2 2 2 2 2 2 2 2 2 2
left_child=2 3 -1 -2 -4 -6 -5 11 -9 10 -10 12 -8 -14
right_child=1 -3 4 6 5 -7 7 8 9 -11 -12 -13 13 -15
leaf_value=-0.064960429457000438 -0.072816866450603396 0.045854814829350971 -0.046019253280245496 -0.0074020350544755607 0.052448868544082497 -0.020470659042023609 0.038926395629582437 -0.037034760480348546 -0.068783382677031824 0.045709100067054226 0.0062202268224931783 0.047392413566444434 0.017216097837005333 -0.058221583458680851
leaf_weight=3.8238022103905669 1.0830477327108372 5.1711108628660432 3.8643323220312586 28.30112000182271 1.9632032327353943 4.1610100381076336 4.3241274766623956 4.8095839284360435 1.1183665022253979 4.4437109827995291 13.260856602340938 6.409748248755931 2.6209775991737843 2.1996213756501675
leaf_count=99 23 153 95 605 45 98 113 100 23 98 271 159 63 48
internal_value=-0.000456396 0.00499687 -0.0295707 0.00191568 -0.0160228 0.00290473 0.00311499 0.0107105 0.001293 0.0110864 0.000386704 0.0250188 0.00933656 -0.0172058
internal_weight=87.5546 73.7423 13.8123 68.5712 9.98855 6.12421 67.4881 39.187 23.6325 18.8229 14.3792 15.5545 9.14473 4.8206
internal_count=1993 1656 337 1503 238 143 1480 875 492 392 294 383 224 111
is_linear=0
shrinkage=0.05


Tree=24
num_leaves=15
num_cat=0
split_feature=4 14 26 5 14 1 0 10 10 11 26 26 11 5
split_gain=6.83743 3.08732 2.22922 2.32199 2.32602 2.28713 2.61867 1.76536 1.72556 2.0266 1.61815 3.4331 1.53928 1.59175
threshold=1.0000000180025095e-35 344.00000000000006 1.0000000180025095e-35 86.550000000000011 468.50000000000006 21.097656250000004 39926.500000000007 -148.8646606445312 -33.896186733245848 -580.27262115478504 -0.1071639363861084 -0.16766923156738278 -1019.3161071777342 98.100000000000009
decision_type=2 2 2 2 2 2 2 2 2 2 2 2 2 2
left_child=1 -1 3 -3 -5 6 7 -4 9 -8 11 -2 13 -12
right_child=10 2 5 4 -6 -7 8 -9 -10 -11 12 -13 -14 -15
leaf_value=-0.040311531628243712 0.056486246466780535 0.047730003411221585 -0.091044938579125656 -0.032521332406997144 -0.0049158234968590077 0.018931912618612812 0.0072480412845599878 -0.019571819163953341 -0.016989074480027636 0.08737800016031011 -0.030384975625753843 -0.064080554762940625 0.041067918212487307 0.052340622309390419
leaf_weight=5.9648014567792407 1.0716272685676815 1.6188179776072491 1.2798667661845686 11.073367819190024 24.543628770858049 17.606499403715134 2.6007392741739754 2.6585677452385443 3.5903184674680233 1.1327603571116922 1.6558709200471651 1.3149036616086984 13.264786807820197 0.89618841744959343
leaf_count=151 30 35 27 251 512 386 56 60 77 24 37 31 366 26
internal_value=0.0010553 -0.00586044 -0.00275182 -0.0108365 -0.0134984 0.00767608 -0.00992039 -0.0427983 0.00775994 0.0315598 0.0284356 -0.00994228 0.0342262 -0.00133482
internal_weight=90.2727 72.0694 66.1046 37.2358 35.617 28.8688 11.2623 3.93843 7.32382 3.7335 18.2034 2.38653 15.8168 2.55206
internal_count=2069 1579 1428 798 763 630 244 87 157 80 490 61 429 63
is_linear=0
shrinkage=0.05


Tree=25
num_leaves=15
num_cat=0
split_feature=4 18 4 15 27 10 23 19 15 12 11 0 10 15
split_gain=5.54527 2.9111 2.62561 1.97644 1.93251 2.99376 2.14396 2.41863 3.41518 2.03334 1.68574 2.03851 2.24477 2.13912
threshold=1.0000000180025095e-35 3.5000000000000004 -1.0000000180025095e-35 491.50000000000006 -0.10048120544433593 -733.93582916259754 -177.35807800292966 2087.5000000000005 451.00000000000006 -47.188057327270506 1923.9221038818362 61215.000000000007 -521.40549774169915 299.50000000000006
decision_type=2 2 2 2 2 2 2 2 2 2 2 2 2 2
left_child=1 -1 -3 4 5 9 -6 8 -8 -4 11 12 -2 -14
right_child=10 2 3 -5 6 -7 7 -9 -10 -11 -12 -13 13 -15
leaf_value=0.0018390609131504231 -0.076848306222661117 -0.042303121945143074 -0.031586281209817588 -0.045132200475039491 0.062338336637731778 -0.05513554580996919 0.039896584837385458 -0.045820626507225043 -0.061631161488488739 0.06241176249918589 0.064106463999984847 0.039338907202993628 0.060349798645208397 -0.0053221062297903908
leaf_weight=43.771871887147427 0.81613508239388544 8.3934443499892968 1.0596210621297362 3.0096290968358508 1.8127183765172974 3.2056219354271915 4.1086171641945803 1.9615979902446268 1.0374399647116659 1.2587829157710073 2.4811196196824303 6.7491039801388979 1.6510931812226779 4.9800142981112003
leaf_count=933 22 215 22 65 38 69 92 41 22 28 70 187 47 132
internal_value=0.000185738 -0.00601772 -0.0193229 -0.00827203 -0.000591854 -0.0238323 0.0138 0.00142093 0.0194287 0.0194502 0.0260818 0.0194362 0.00139923 0.0110297
internal_weight=86.2968 69.6193 25.8475 17.454 14.4444 5.52403 8.92037 7.10766 5.14606 2.3184 16.6775 14.1963 7.44724 6.63111
internal_count=1983 1525 592 377 312 119 193 155 114 50 458 388 201 179
is_linear=0
shrinkage=0.05


Tree=26
num_leaves=15
num_cat=0
split_feature=4 4 5 12 15 13 22 23 6 23 13 23 22 24
split_gain=6.02273 4.50436 2.13285 3.09004 1.97186 3.98046 2.01478 2.00541 1.99535 1.81298 1.82263 2.11973 2.85413 1.80875
threshold=1.5000000000000002 -1.0000000180025095e-35 84.77500000000002 215.53556365966799 499.50000000000006 -1426.5505920410153 137.51207122802739 22.735403203964236 90.63333333333334 -407.0578124999999 -1616.1583953857419 -47.764812469482415 101.21536884307862 -0.089755035781860337
decision_type=2 2 2 2 2 2 2 2 2 2 2 2 2 2
left_child=1 -1 13 4 6 -6 9 -7 -8 -4 -11 -12 -13 -3
right_child=-2 2 3 -5 5 7 8 -9 -10 10 11 12 -14 -15
leaf_value=-0.028950882148593288 0.055377186644566673 0.023106227060501531 -0.035306040044243515 0.02138545044930127 0.057243019721292393 -0.05013110604581647 0.040985910130032818 0.0075923781892219796 -0.043862537788452477 -0.031360404266021734 0.028971339605299642 -0.013192277022150695 0.039238200228746606 -0.058246774206955503
leaf_weight=13.552003456279634 4.7344126347452393 0.94303039833903346 2.2961216121911958 19.340481448918581 1.3339008763432492 6.126161973923443 0.85117587819695373 1.9945447221398351 3.7263301014900208 2.347067115828394 13.027746522799134 9.8446372430771678 3.5250804759562024 2.4801175370812407
leaf_count=344 148 20 51 447 27 127 19 41 80 51 291 221 75 53
internal_value=0.000555072 -0.00263396 0.00262349 0.00466732 -0.00250634 -0.0228049 0.00288179 -0.0359535 -0.0280852 0.00744842 0.0108637 0.0146179 0.000631624 -0.0358351
internal_weight=86.1228 81.3884 67.8364 64.4132 45.0728 9.45461 35.6182 8.12071 4.57751 31.0407 28.7445 26.3975 13.3697 3.42315
internal_count=1995 1847 1503 1430 983 195 788 168 99 689 638 587 296 73
is_linear=0
shrinkage=0.05


Tree=27
num_leaves=15
num_cat=0
split_feature=4 4 11 0 18 18 10 13 19 20 23 23 15 15
split_gain=6.14108 2.39322 1.85141 1.74695 2.4013 3.31874 2.24552 1.98705 1.52932 2.91663 2.58382 2.25684 2.89681 1.93345
threshold=1.0000000180025095e-35 -1.4999999999999998 1845.2952392578129 61215.000000000007 5.5000000000000009 2.5000000000000004 1.0000000180025095e-35 -1727.2731658935545 2322.0000000000005 456.50000000000006 263.60854423046118 139.24431133270267 499.50000000000006 495.50000000000006
decision_type=2 2 2 2 2 2 2 2 2 2 2 2 2 2
left_child=1 -1 3 4 5 -2 -7 -5 9 10 -3 13 -13 -10
right_child=2 8 -4 7 -6 6 -8 -9 11 -11 -12 12 -14 -15
leaf_value=-0.05978677686670654 0.051041778680157628 -0.00017739110176594888 0.063476112026728621 -0.03512850018484355 0.026718939403824679 -0.11072053673725245 -0.0048173492154947335 0.048038183305611888 -0.0087438251695139673 0.071154804314747189 -0.073578376651324301 -0.028135798457572414 0.095466167198754531 -0.041962069292008825
leaf_weight=2.0578009374439707 0.84053171239793512 43.203161660581827 2.9068916942924252 0.81857454404234875 4.1035464722663164 1.2077298332005741 0.85481400415301312 5.8575928304344416 11.099119387567049 1.3971380665898312 1.2331625334918488 0.92181654646992572 0.97585655376315117 7.2364209666848174
leaf_count=58 26 951 86 22 111 29 25 169 246 30 26 21 20 157
internal_value=-4.29167e-05 -0.00668619 0.0272372 0.0195383 0.0020989 -0.0327019 -0.0668293 0.037841 -0.00503224 2.21483e-05 -0.00221436 -0.0164817 0.0354251 -0.0218539
internal_weight=84.7142 68.1245 16.5897 13.6828 7.00662 2.90308 2.06254 6.67617 66.0667 45.8335 44.4363 20.2332 1.89767 18.3355
internal_count=1977 1509 468 382 191 80 54 191 1451 1007 977 444 41 403
is_linear=0
shrinkage=0.05


Tree=28
num_leaves=15
num_cat=0
split_feature=4 15 5 11 22 11 19 18 20 14 20 12 11 14
split_gain=5.12938 4.18698 2.0976 2.02194 2.25286 2.13143 2.08382 1.94008 1.87259 2.95175 2.7415 2.01132 2.09696 1.90835
threshold=-1.0000000180025095e-35 346.50000000000006 81.550000000000011 -357.1073265075683 -28.877153158187863 -519.75570678710926 1041.0000000000002 1.5000000000000002 172.50000000000003 498.50000000000006 272.50000000000006 -593.09667663574203 1810.2588012695314 473.50000000000006
decision_type=2 2 2 2 2 2 2 2 2 2 2 2 2 2
left_child=-1 -2 -3 5 6 -4 -5 -8 13 10 -10 -12 -13 -6
right_child=1 2 3 4 8 -7 7 -9 9 -11 11 12 -14 -15
leaf_value=-0.027845809353832143 0.034416677927535229 -0.074810402924670019 0.0076005917109570375 -0.074270920279891767 0.049534475917359405 0.055589930769117973 0.034284435988762497 -0.050892593180096771 -0.082606786103620211 0.0081521439654919439 0.031110052670572704 -0.045245636045008565 0.04001918074204186 0.0018887748417386657
leaf_weight=13.379687674343584 10.897384243085979 0.90373282134532829 24.434222085401419 2.1633219681680158 3.0776236057281547 2.5557915531098834 1.3381493147462609 1.3359282724559305 1.9950494691729543 10.472370816394687 1.7026039510965345 4.4304321184754372 0.86127011105418194 6.6268906760960817
leaf_count=346 305 19 537 46 66 58 29 29 44 238 36 97 20 143
internal_value=0.00060799 0.0058378 0.000806329 0.00192673 -0.00618382 0.0121449 -0.0377854 -0.00826871 -0.00094251 -0.00988888 -0.0309062 -0.0161592 -0.0313681 0.0169988
internal_weight=86.1745 72.7948 61.8974 60.9937 34.0036 26.99 4.8374 2.67408 29.1662 19.4617 8.98936 6.99431 5.2917 9.70451
internal_count=2013 1667 1362 1343 748 595 104 58 644 435 197 153 117 209
is_linear=0
shrinkage=0.05


Tree=29
num_leaves=15
num_cat=0
split_feature=4 15 1 15 10 23 1 19 23 20 14 12 1 5
split_gain=5.22429 3.00329 2.37445 2.15279 2.08977 2.91535 1.9375 2.63981 3.20074 3.39206 2.62848 2.96759 2.62607 1.86664
threshold=-1.0000000180025095e-35 447.00000000000006 30.640625000000004 466.50000000000006 850.63023986816427 -343.27420654296867 23.066406250000004 1799.5000000000002 -47.764812469482415 272.50000000000006 499.50000000000006 129.21786142985027 39.214843750000007 97.700000000000003
decision_type=2 2 2 2 2 2 2 2 2 2 2 2 2 2
left_child=-1 6 3 -3 5 -5 -2 8 -8 12 11 -9 -10 -4
right_child=1 2 13 4 -6 -7 7 10 9 -11 -12 -13 -14 -15
leaf_value=-0.026364460632646854 0.035033640753565055 -0.042241858455576112 -0.015834688543760009 0.066139543617060537 -0.03533923531617366 -0.0026054662280643854 0.053613687279226718 -0.057464660743739016 -0.067735684164287199 0.069513149410947286 0.034813605522507056 0.012942398658765253 0.019027609500057059 0.027016925692688012
leaf_weight=13.336638437584041 12.193067396059634 4.2536228634417084 3.4074401743710032 1.6926283501088644 4.2321722581982604 17.356204271316532 5.2474658191204089 3.6002518124878389 1.9013924170285466 1.1972942277789114 2.2629601620137691 2.5613801497966051 1.6110702250152824 9.9984458200633508
leaf_count=350 326 91 71 34 87 361 144 81 46 32 62 63 41 217
internal_value=0.00236509 0.00772276 -0.00113195 -0.00953396 -0.00355797 0.00350303 0.0195794 0.00932831 0.0267571 -0.00316569 -0.0112712 -0.0281966 -0.0279397 0.0161251
internal_weight=84.852 71.5154 40.9405 27.5346 23.281 19.0488 30.5749 18.3818 9.95722 4.70976 8.42459 6.16163 3.51246 13.4059
internal_count=2006 1656 861 573 482 395 795 469 263 119 206 144 87 288
is_linear=0
shrinkage=0.05


Tree=30
num_leaves=15
num_cat=0
split_feature=4 14 5 14 20 26 20 19 15 23 1 6 15 13
split_gain=3.9458 2.45049 1.92616 1.75391 2.57522 2.59252 3.56445 2.18553 2.06381 1.66644 1.49502 1.60066 2.50025 2.25117
threshold=1.0000000180025095e-35 299.50000000000006 93.291666666666671 498.50000000000006 230.50000000000003 -0.048029174804687491 14.500000000000002 103.00000000000001 377.50000000000006 61.415342648824058 51.191406250000007 84.550000000000011 466.50000000000006 -1727.2731658935545
decision_type=2 2 2 2 2 2 2 2 2 2 2 2 2 2
left_child=1 -1 -2 7 5 -5 -7 -3 -9 -8 11 -6 -13 -14
right_child=2 3 -4 4 10 6 9 8 -10 -11 -12 12 13 -15
leaf_value=-0.060417553845247718 -0.0014879257412076276 0.060032934246727648 0.035013006189663 0.037542961159633341 0.067725646228532707 0.054438166123722001 -0.044845784016581333 0.020579127830338384 -0.017901245309735924 0.022975242318420089 0.068117488534278792 -0.027435248813423352 -0.054613006400003529 0.026553190772001568
leaf_weight=1.9985462650656689 5.6322469282895318 1.0362946093082417 10.087766304612158 2.0512703992426387 1.2266576439142287 1.244546797126534 7.2178573794662935 3.9188578464090815 31.431397713720798 1.0357022546231744 1.3203276507556427 3.690225224941968 0.93027427792549566 10.457043737173073
leaf_count=55 140 24 320 45 32 27 152 94 717 22 30 77 19 221
internal_value=-0.000627127 -0.00587707 0.0219353 -0.00421446 0.00491881 -0.0134322 -0.0244411 -0.0115373 -0.0136354 -0.0363352 0.0169442 0.0128002 0.00833163 0.0199224
internal_weight=83.279 67.559 15.72 65.5605 29.1739 11.5494 9.49811 36.3866 35.3503 8.25356 17.6245 16.3042 15.0775 11.3873
internal_count=1975 1515 460 1460 625 246 201 835 811 174 379 349 317 240
is_linear=0
shrinkage=0.05


Tree=31
num_leaves=15
num_cat=0
split_feature=4 4 11 14 13 23 23 6 20 5 26 0 10 10
split_gain=3.02639 2.12178 1.50859 1.48834 2.07593 1.64802 2.21192 1.7796 1.38795 1.35786 1.82594 2.45662 1.47939 1.41784
threshold=-1.0000000180025095e-35 1.5000000000000002 2260.1754272460944 344.00000000000006 -1107.7177124023435 -47.764812469482415 -146.96528930664059 94.700000000000003 445.50000000000006 84.77500000000002 0.028946489562988283 25926.500000000004 20.791381835937504 -84.42562103271483
decision_type=2 2 2 2 2 2 2 2 2 2 2 2 2 2
left_child=3 2 9 -1 -5 6 -6 -7 -9 -2 -11 13 -13 -12
right_child=1 -3 -4 4 5 7 -8 8 -10 10 11 12 -14 -15
leaf_value=-0.051082814756856769 -0.031149456920966098 0.037687381264210222 0.067390734619316037 -0.048344696748067129 -0.0064958475073930077 -0.049878899827635242 0.09232587547697485 -0.010808197383559134 0.069226460558047764 -0.0022959932264243108 -0.072390647615214326 0.047693223387289124 0.012903955682180111 0.011267159388092538
leaf_weight=3.3207837231457225 3.1453189961612216 4.3794861566275349 0.86458111368119617 2.8437754325568667 1.2860945090651514 2.0312431752681732 1.0116590782999981 1.8654804639518263 0.763361096382141 47.910350838676095 1.0924482159316542 4.7611286640167227 8.5318939350545389 0.94421959482133289
leaf_count=101 68 154 21 77 33 52 23 47 18 1068 26 114 202 21
internal_value=-7.83296e-05 0.00396574 0.0017697 -0.0221531 -0.0123518 0.00235909 0.0370136 -0.014728 0.0124322 0.000915075 0.00250984 0.0175297 0.0253643 -0.0336061
internal_weight=84.7518 71.6294 67.2499 13.1224 9.80161 6.95784 2.29775 4.66008 2.62884 66.3854 63.24 15.3297 13.293 2.03667
internal_count=2025 1674 1520 351 250 173 56 117 65 1499 1431 363 316 47
is_linear=0
shrinkage=0.05


Tree=32
num_leaves=15
num_cat=0
split_feature=4 4 11 0 10 15 12 11 11 18 20 19 10 23
split_gain=3.51826 2.08112 1.77101 1.9679 3.7181 2.28304 2.00601 3.23727 1.91458 2.00671 1.97636 3.91437 3.2912 3.22036
threshold=1.5000000000000002 -1.0000000180025095e-35 -1303.3767175674436 61215.000000000007 -469.40104827880856 441.50000000000006 -480.29174804687494 -519.75570678710926 2260.1754272460944 1.5000000000000002 292.50000000000006 1696.5000000000002 -33.896186733245848 61.415342648824058
decision_type=2 2 2 2 2 2 2 2 2 2 2 2 2 2
left_child=1 -1 -3 4 -4 6 7 -5 9 -6 13 -12 -13 -11
right_child=-2 2 3 5 8 -7 -8 -9 -10 10 11 12 -14 -15
leaf_value=-0.021249782909947688 0.043503544748661256 -0.056883819891719804 -0.065529599910062644 -0.046585646220085569 0.01130685498046027 0.0012252851788511344 0.044113263307368582 0.059430781226545028 0.06729306276918523 -0.039600259639648028 0.068007022901527797 -0.064018965693237326 0.0068724675543629299 0.054987658749389018
leaf_weight=12.91297593526542 4.311634859070181 1.311513103544711 2.4503966476768246 1.8060718122869732 13.172169374302028 19.714157160371542 7.4199617579579371 1.1974982004612682 0.97521692141890426 8.7572993058711308 1.8228345550596703 2.2792958077043206 5.8119030818343234 1.0029086209833611
leaf_count=350 153 27 57 41 295 417 196 32 24 197 45 50 132 22
internal_value=-0.000501397 -0.00285441 0.000653192 0.00178948 -0.00605609 0.011232 0.0301577 -0.00431778 -0.0017472 -0.00379702 -0.0139093 0.00181455 -0.0130977 -0.0298809
internal_weight=84.9458 80.6342 67.7212 66.4097 36.272 30.1377 10.4235 3.00357 33.8216 32.8464 19.6742 9.91403 8.0912 9.76021
internal_count=2038 1885 1535 1508 822 686 269 73 765 741 446 227 182 219
is_linear=0
shrinkage=0.05


Tree=33
num_leaves=15
num_cat=0
split_feature=4 4 5 1 13 20 18 12 15 1 6 12 6 15
split_gain=3.0621 2.51347 1.48177 1.87563 1.80355 3.18836 2.33046 1.70482 1.60978 3.01431 1.975 1.74302 2.42498 1.50221
threshold=1.5000000000000002 -1.0000000180025095e-35 99.708333333333357 49.121093750000007 279.07303771972664 434.50000000000006 11.500000000000002 -593.09667663574203 447.00000000000006 30.640625000000004 97.90000000000002 215.53556365966799 95.500000000000014 472.50000000000006
decision_type=2 2 2 2 2 2 2 2 2 2 2 2 2 2
left_child=1 -1 3 4 5 6 -3 -7 -4 13 11 12 -11 -10
right_child=-2 2 8 -5 -6 7 -8 -9 9 10 -12 -13 -14 -15
leaf_value=-0.021539208992464458 0.042938968610025517 0.028161045527415121 0.02273506364506632 -0.04625518145158794 -0.021983320764646958 0.03157293733761276 -0.036281304506214494 -0.040833975270604811 -0.03903941517455959 0.016368985014587431 0.053296220352336811 0.061921338368914808 -0.082717248372801006 -0.0024043991128694692
leaf_weight=12.249377919360994 4.2305811233818522 11.396437054499993 14.388498229905961 2.5748923718929282 7.5705938898026934 1.0149333216249941 1.5998895615339268 4.0846934653818598 3.5798625126481118 1.758891951292753 3.7833475954830647 0.89912426099181164 0.95152017474174488 12.815032947808502
leaf_count=336 154 248 381 57 171 22 35 90 76 38 86 21 20 263
internal_value=0.00150038 -0.000728115 0.00311006 -0.00557299 -0.00149171 0.00708112 0.020228 -0.0264235 0.00953347 0.00154823 0.0280536 0.00159553 -0.0184163 -0.0104037
internal_weight=82.8977 78.6671 66.4177 28.2414 25.6665 18.096 12.9963 5.09963 38.1763 23.7878 7.39288 3.60954 2.71041 16.3949
internal_count=1998 1844 1508 623 566 395 283 112 885 504 165 79 58 339
is_linear=0
shrinkage=0.05


Tree=34
num_leaves=15
num_cat=0
split_feature=4 18 23 5 6 11 15 5 15 5 13 5 5 12
split_gain=3.02868 2.50618 2.49811 2.37793 1.81901 2.42031 1.7248 1.62545 1.76165 1.59809 1.56837 1.52615 2.05552 1.4659
threshold=1.0000000180025095e-35 3.5000000000000004 -441.92997741699213 93.291666666666671 89.550000000000011 1160.281318664551 232.00000000000003 85.450000000000017 418.50000000000006 95.100000000000009 1292.9039268493655 90.450000000000017 99.708333333333357 598.7742099761964
decision_type=2 2 2 2 2 2 2 2 2 2 2 2 2 2
left_child=1 4 -3 6 5 -1 -2 -4 11 -10 13 -9 -13 -6
right_child=3 2 7 -5 10 -7 -8 8 9 -11 -12 12 -14 -15
leaf_value=0.064868257033954727 0.043129495119710363 0.066328737462408902 -0.068130603451384539 0.033759630310545845 -0.0064223069501866655 -0.023457842836352175 -0.021833443922365456 0.056320153173645186 -0.002017401647570004 -0.04380023055498742 0.051406954295299512 -0.051426083550408452 0.0041345640542272046 0.030827253255431786
leaf_weight=2.348808396607637 1.3284224625676859 0.82793457247317093 1.7682694476097847 9.6662257090210897 35.933786239475012 1.1579540595412252 4.4261157978326082 0.97868248447776096 3.2051944807171813 8.0012576449662429 1.3363933414220799 2.2015563044697029 6.8260150048881769 2.8507490232586852
leaf_count=57 37 20 44 326 775 27 108 23 76 202 31 52 169 62
internal_value=-0.0013803 -0.00595156 -0.0189994 0.0186103 0.00116905 0.0357024 -0.00683689 -0.0220735 -0.0182343 -0.0318498 -0.00184934 -0.00298566 -0.00941503 -0.00368438
internal_weight=82.8574 67.4366 23.8089 15.4208 43.6277 3.50676 5.75454 22.981 21.2127 11.2065 40.1209 10.0063 9.02757 38.7845
internal_count=2009 1538 586 471 952 84 145 566 522 278 868 244 221 837
is_linear=0
shrinkage=0.05


Tree=35
num_leaves=15
num_cat=0
split_feature=4 23 4 23 23 19 19 15 5 1 23 13 1 22
split_gain=2.81979 2.03427 1.81863 1.96947 4.70641 1.53504 3.50302 1.39086 2.13899 1.94551 2.25132 2.77508 2.05291 2.15674
threshold=1.5000000000000002 -441.92997741699213 -1.0000000180025095e-35 -127.9290084838867 -47.764812469482415 2213.5000000000005 2382.5000000000005 447.00000000000006 99.90000000000002 34.058593750000007 -177.35807800292966 650.85781326293954 43.050781250000007 -17.939600515365598
decision_type=2 2 2 2 2 2 2 2 2 2 2 2 2 2
left_child=1 -1 3 -3 -5 -6 -7 8 -4 -9 -11 12 13 -12
right_child=-2 2 7 4 5 6 -8 9 -10 10 11 -13 -14 -15
leaf_value=0.06431078396854055 0.041047825424836676 -0.048169039691463002 -0.0069701964799660345 0.084634500585907865 -0.042422291719413641 0.071643816886632072 -0.049614154472172725 -0.012329681128072645 0.021951179791374432 0.045828032254899724 -0.047608736043550953 0.039524698917476009 -0.064290474261871788 0.044010088412460235
leaf_weight=1.1303779538720835 3.9412410762161008 4.3271377086639404 11.556485962122679 1.206927830353379 3.9127659015357477 1.1430001705884936 1.243685709312558 29.871778603643179 14.308783849701285 3.4442906528711319 1.1626373492181303 2.4489708729088306 2.0096264146268368 1.4353715889155845
leaf_count=28 151 128 269 30 110 26 36 632 386 78 25 53 42 31
internal_value=-0.00022999 -0.00228406 -0.00324827 -0.0213031 -0.00581589 -0.0231455 0.00845712 -2.27452e-05 0.00902924 -0.00582201 0.0126903 -0.00348409 -0.0263434 0.00300966
internal_weight=83.1431 79.2018 78.0715 11.8335 7.50638 6.29945 2.38669 66.2379 25.8653 40.3727 10.5009 7.05661 4.60764 2.59801
internal_count=2025 1874 1846 330 202 172 62 1516 655 861 229 151 98 56
is_linear=0
shrinkage=0.05


Tree=36
num_leaves=15
num_cat=0
split_feature=2 15 14 20 12 12 20 12 19 20 12 20 20 11
split_gain=2.03922 2.98518 1.67021 2.16398 2.40849 2.22051 2.41064 2.04417 2.12338 2.13762 2.11669 2.03437 1.93541 2.65478
threshold=3.5000000000000004 296.50000000000006 498.50000000000006 152.50000000000003 489.83915786743171 -537.22130737304667 14.500000000000002 -1221.2434631347653 2322.0000000000005 709.50000000000011 -339.39257049560541 20.500000000000004 318.50000000000006 -716.55235137939439
decision_type=2 2 2 2 2 2 2 2 2 2 2 2 2 2
left_child=-1 -2 -3 4 5 11 -7 -5 10 -10 -9 -4 13 -12
right_child=1 2 3 7 -6 6 -8 8 9 -11 12 -13 -14 -15
leaf_value=-0.031779438205998392 0.044120658568680526 -0.0069715708134409984 -0.02806000022391469 -0.033954613320797272 0.064816582544621235 0.040994362371099935 -0.045579273902197806 0.073976865723826016 -0.0072696760553989173 0.06884658539519678 0.054538278601482915 0.077204485887227656 0.047477990307654996 -0.015371631396199112
leaf_weight=4.6294308807700864 4.059507491067051 39.221838651224971 0.85780871659517177 1.8977189883589769 0.91880694590509016 0.93289444595575055 5.8234966490417719 2.5106461234390745 8.1109602022916061 1.0407465491443861 1.9343016296625135 0.98723970167338848 4.7420142851769924 4.5576713643968105
leaf_count=139 137 928 19 42 24 23 132 63 187 23 52 23 118 107
internal_value=0.000457556 0.00238085 7.66309e-05 0.00813285 -0.0121304 -0.0203499 -0.0336255 0.0159134 0.0200466 0.00138639 0.0324713 0.0282644 0.0231953 0.00545822
internal_weight=82.2251 77.5957 73.5361 34.3143 9.52025 8.60144 6.75639 24.7941 22.8963 9.15171 13.7446 1.84505 11.234 6.49197
internal_count=2017 1878 1741 813 221 197 155 592 550 210 340 42 277 159
is_linear=0
shrinkage=0.05


Tree=37
num_leaves=15
num_cat=0
split_feature=4 1 4 1 12 22 5 5 5 18 23 19 1 3
split_gain=1.91713 1.97638 1.72089 1.52273 2.62778 2.319 1.84935 1.70231 1.87534 1.88945 1.37789 1.97316 1.3761 1.74476
threshold=1.5000000000000002 51.191406250000007 -1.4999999999999998 30.640625000000004 -136.59781494140623 -383.48502604166657 87.550000000000011 88.90000000000002 99.708333333333357 6.5000000000000009 -20.675380182266231 2322.0000000000005 24.066406250000004 4.5000000000000009
decision_type=2 2 2 2 2 2 2 2 2 2 2 2 2 2
left_child=2 -2 -1 5 7 -4 -6 -5 -9 10 11 -10 13 -7
right_child=1 -3 3 4 6 12 -8 8 9 -11 -12 -13 -14 -15
leaf_value=-0.054107213137281021 0.04662286619858394 -0.060343913306060148 -0.040003500658995494 0.056273152412588651 -0.037890726621176096 0.023912301998697615 0.02889283815355518 -0.039727245235605037 0.047569512885568724 0.058421826839841276 -0.032142652523625713 -0.032664243340037619 -0.021714571917589433 -0.0040873580741238123
leaf_weight=1.5652193352580059 3.4868351649492975 0.4928708504885434 4.6502611245959988 0.95633744075894611 1.1280539333820332 6.8973287958651772 12.789386384189127 4.2399815600365383 1.8483624327927817 1.233093688264489 3.2298680022358908 1.3089210055768488 7.9188169743865719 28.776763990521431
leaf_count=54 140 18 110 21 25 191 318 94 48 31 76 30 187 643
internal_value=-0.00045937 0.0333755 -0.00221856 -0.00113534 0.00843667 -0.00643968 0.0234798 -0.00789859 -0.013073 0.00175767 -0.00918183 0.0143069 -0.00285926 0.00132617
internal_weight=80.5221 3.97971 76.5424 74.9772 26.734 48.2432 13.9174 12.8166 11.8602 7.62025 6.38715 3.15728 43.5929 35.6741
internal_count=1986 158 1828 1774 643 1131 343 300 279 185 154 78 1021 834
is_linear=0
shrinkage=0.05


Tree=38
num_leaves=15
num_cat=0
split_feature=12 0 1 23 5 29 10 1 11 15 13 14 10 28
split_gain=2.25082 2.63486 3.34027 4.35701 2.20347 2.09358 1.68792 2.10582 2.28284 1.77139 2.05543 1.46604 1.76282 2.87675
threshold=20.57701497077942 39926.500000000007 33.105468750000007 -301.45147705078119 84.77500000000002 1.0000000180025095e-35 -33.896186733245848 34.058593750000007 1491.5061889648439 435.50000000000006 279.07303771972664 484.50000000000006 -84.42562103271483 1.0000000180025095e-35
decision_type=2 2 2 2 2 2 2 2 2 2 2 2 2 2
left_child=5 2 11 -4 -3 -1 -6 9 -9 -8 -11 -2 -13 -14
right_child=1 4 3 -5 6 -7 7 8 -10 10 -12 12 13 -15
leaf_value=-0.0073684076072694331 -0.048128001664760778 -0.043192954456747999 0.060547268421878256 -0.070580015207461252 0.03459374959722223 -0.079195549531242887 0.024160877249460148 0.07474087687254885 -0.006898168811962032 0.026679278305672228 -0.053680151155606017 -0.060082143224661377 -0.016350054202399 0.08495745355725115
leaf_weight=44.067135749384761 4.210518626496194 1.3842741623520876 2.7633804176002745 0.8219151645898809 11.792326638475062 1.0384044423699368 2.2785960957407934 1.8886549621820452 1.5665280651301143 1.1047944426536562 2.8445148337632418 1.2223873827606437 2.7872237171977763 0.9360885266214608
leaf_count=1064 114 35 77 20 303 26 63 46 38 24 66 28 65 20
internal_value=-0.00160372 0.00779498 -0.0104247 0.0304868 0.0179503 -0.00902199 0.0218915 0.00642229 0.037727 -0.0109453 -0.0312001 -0.0264444 -0.00798415 0.00911995
internal_weight=80.7067 35.6012 12.7415 3.5853 22.8597 45.1055 21.4754 9.68309 3.45518 6.22791 3.94931 9.15622 4.9457 3.72331
internal_count=1989 899 324 97 575 1090 540 237 84 153 90 227 113 85
is_linear=0
shrinkage=0.05


Tree=39
num_leaves=15
num_cat=0
split_feature=15 1 5 5 26 19 15 19 1 29 15 7 22 15
split_gain=1.71596 1.92357 1.67847 1.9263 2.60306 2.31875 2.91203 2.13113 5.17193 2.41246 2.93273 2.10918 2.02538 1.83624
threshold=367.50000000000006 55.074218750000007 84.77500000000002 86.550000000000011 1.0000000180025095e-35 1160.0000000000002 499.50000000000006 495.50000000000006 34.058593750000007 1.0000000180025095e-35 441.50000000000006 1.5000000000000002 101.21536884307862 418.50000000000006
decision_type=2 2 2 2 2 2 2 2 2 2 2 2 2 2
left_child=1 -1 -2 -4 5 6 12 -6 9 10 -9 -7 -5 -14
right_child=2 -3 3 4 7 11 -8 8 -10 -11 -12 -13 13 -15
leaf_value=0.024097998783490969 -0.048054094236322509 -0.040542693873060226 0.056804637457204946 -0.028579536207884556 0.034562977394624654 0.0023069440295391086 -0.066641127360186972 0.013659934113115236 0.03947545048673326 0.058096388532204279 -0.03265490247245529 -0.057183750966167006 -0.031391421091087453 0.048898873012700413
leaf_weight=10.727739728987215 2.0339153241366139 1.2892058342695225 1.3666224442422379 7.5608696918934566 5.9710824880749014 20.591713540256027 3.6107877790927878 4.9636330381035849 6.3875063508748999 1.1070811524987227 10.976544354110954 1.606101932004093 1.1219428144395354 1.9493901897221801
leaf_count=336 50 36 30 182 145 469 86 135 163 25 250 38 27 43
internal_value=-0.000278061 0.0171632 -0.00330476 -0.00195062 -0.00317006 -0.0121004 -0.0278459 0.00789674 0.00110229 -0.0132759 -0.0182329 -0.00199745 -0.0146708 0.0195692
internal_weight=81.2641 12.0169 69.2472 67.2133 65.8467 36.4408 14.243 29.4058 23.4348 17.0473 15.9402 22.1978 10.6322 3.07133
internal_count=2015 372 1643 1593 1563 845 338 718 573 410 385 507 252 70
is_linear=0
shrinkage=0.05


Tree=40
num_leaves=15
num_cat=0
split_feature=4 25 19 15 22 18 13 18 23 19 20 6 13 12
split_gain=1.87154 1.88063 2.07787 1.90638 1.66307 1.48042 1.27385 1.18219 1.07984 1.68484 3.06679 2.88932 2.41389 3.54461
threshold=-1.0000000180025095e-35 -0.13033767175674435 1696.5000000000002 313.00000000000006 -400.23018798828122 3.5000000000000004 -1040.4154541015623 1.5000000000000002 -47.764812469482415 2322.0000000000005 217.50000000000003 99.100000000000009 72.625461578369155 129.21786142985027
decision_type=2 2 2 2 2 2 2 2 2 2 2 2 2 2
left_child=5 2 -2 4 -3 6 -1 -8 9 10 12 -11 13 -5
right_child=1 3 -4 8 -6 -7 7 -9 -10 11 -12 -13 -14 -15
leaf_value=-0.044782854752350366 0.010470594654845304 -0.039413851852536146 -0.094257396416985384 -0.037839388859392427 0.037868655842037025 -0.031230358026990895 -0.017069488718152209 0.041585842825631242 -0.0038148145841162074 0.016385423369561457 0.03854252990595234 -0.045640988382826118 0.050712413626531609 0.023251910486165383
leaf_weight=1.0072225108742712 0.89831036701798339 0.778446340933442 1.0018176808953283 5.2836140748113412 6.582875467836856 7.2828700393438339 1.4048136398196205 2.2111345715820789 30.561631483957175 4.3589969668537369 9.2562646456062776 3.2980567310005426 1.9441044405102719 4.3122348692268133
leaf_count=29 27 23 22 121 225 226 38 53 701 103 212 71 48 108
internal_value=0.00110996 0.00429987 -0.0447459 0.00570389 0.0296962 -0.0171829 0.00494599 0.018798 0.00271117 0.00972073 0.0171035 -0.0103307 -9.27907e-05 -0.0103858
internal_weight=80.1824 68.2764 1.90013 66.3762 7.36132 11.906 4.62317 3.61595 59.0149 28.4533 20.7962 7.65705 11.54 9.59585
internal_count=2007 1661 49 1612 248 346 120 91 1364 663 489 174 277 229
is_linear=0
shrinkage=0.05


Tree=41
num_leaves=15
num_cat=0
split_feature=12 19 15 19 19 14 5 19 13 10 14 15 6 6
split_gain=1.94773 2.50367 2.37213 2.32359 2.19354 2.17118 2.10566 1.59756 1.82398 1.7913 1.49129 1.44762 1.35996 2.5715
threshold=-1071.6393638610837 103.00000000000001 418.50000000000006 103.00000000000001 409.50000000000006 499.50000000000006 96.366666666666688 2911.0000000000005 559.49319658279433 -469.40104827880856 344.00000000000006 466.50000000000006 99.100000000000009 98.500000000000014
decision_type=2 2 2 2 2 2 2 2 2 2 2 2 2 2
left_child=1 -1 5 -4 -3 -2 -6 8 -8 -10 -5 -12 13 -13
right_child=2 4 3 10 6 -7 7 -9 9 -11 11 12 -14 -15
leaf_value=-0.10471184094407393 0.0067060561607933909 0.063855174393303876 0.057021782270893363 -0.059777607101502456 0.024946637411223754 0.04177924905899142 -0.078582315625164684 0.025410440585557682 0.040556002769558737 -0.051632351169842272 -0.023469669124020223 0.0044724870731203117 -0.007044615714278577 0.072264839668242362
leaf_weight=0.83338288404047389 17.446620102971796 0.81951336003839781 1.5123670455068339 1.2525825947523106 1.7783200833946464 5.9062786083668462 2.4703444913029671 0.85215553641319264 0.85618925467133555 1.3702305555343626 8.1473889239132387 10.388244614005087 23.770416153594851 1.6165036112070073
leaf_count=19 486 23 34 46 44 208 61 21 22 32 193 230 536 36
internal_value=-0.00024476 -0.0221676 0.00256605 -0.00394176 -0.0137236 0.0155766 -0.0224004 -0.0375742 -0.0490018 -0.0161805 -0.00598269 -0.00444856 -0.000116723 0.0136011
internal_weight=79.0205 8.98014 70.0404 46.6875 8.14675 23.3529 7.32724 5.54892 4.69676 2.22642 45.1751 43.9226 35.7752 12.0047
internal_count=1991 222 1769 1075 203 694 180 136 115 54 1041 995 802 266
is_linear=0
shrinkage=0.05


Tree=42
num_leaves=15
num_cat=0
split_feature=4 14 1 1 1 1 14 22 22 12 10 19 19 5
split_gain=2.01616 1.91595 1.43382 1.32306 2.07269 2.04434 2.27751 3.38223 1.95826 1.82129 1.36222 1.2822 1.56571 1.21051
threshold=1.5000000000000002 299.50000000000006 51.191406250000007 30.640625000000004 26.019531250000004 45.917968750000007 499.50000000000006 33.97955694198609 -179.59388732910153 883.8931060791017 -1021.4088806152342 2322.0000000000005 913.00000000000011 84.77500000000002
decision_type=2 2 2 2 2 2 2 2 2 2 2 2 2 2
left_child=1 -1 -2 4 13 -5 9 -8 -6 -7 -10 12 -12 -3
right_child=2 3 -4 5 8 6 7 -9 10 -11 11 -13 -14 -15
leaf_value=-0.046580921703590357 0.04785134307392408 -0.041883060513142299 -0.046847051611640836 0.017974600919421109 -0.089315302643349859 -0.043678230007227412 0.064090090376172928 -0.06084222707497864 -0.067188466082855461 0.037623915174421013 -0.017754671547265784 -0.046769389511061826 0.066979750568179328 0.00041120604202345764
leaf_weight=2.3000169582664958 3.2408367227762933 1.7670180685818184 0.45594825968146313 18.252351794391874 1.2375451810657976 4.4919605031609526 1.7856175955384972 0.77768793515861023 1.0652654916048048 0.81360136158764351 1.2338967248797414 1.0807914379984138 0.97670221514999855 39.738286066800356
leaf_count=69 144 44 16 450 29 106 51 18 26 20 28 27 25 955
internal_value=0.000118479 -0.00164634 0.0361716 -0.000234852 -0.00524016 0.00879028 -0.0125133 0.0261865 -0.0338103 -0.0312106 -0.0180436 -0.00213773 0.0196833 -0.0013894
internal_weight=79.2175 75.5207 3.69678 73.2207 47.0995 26.1212 7.86887 2.56331 5.5942 5.30556 4.35666 3.29139 2.2106 41.5053
internal_count=2008 1848 160 1779 1134 645 195 69 135 126 106 80 53 999
is_linear=0
shrinkage=0.05


Tree=43
num_leaves=15
num_cat=0
split_feature=4 18 11 12 14 19 22 23 6 23 23 6 13 18
split_gain=2.08336 1.80456 1.75558 1.70015 1.67431 2.40992 1.82757 1.58842 1.52923 1.94604 1.51564 2.72486 2.6696 1.59056
threshold=1.5000000000000002 2.5000000000000004 -984.47582244873036 129.21786142985027 499.50000000000006 1014.0000000000001 170.76248912811283 71.45106697082521 99.225000000000009 162.59117279052737 18.392119014263155 97.225000000000009 -1.0000000180025095e-35 1.5000000000000002
decision_type=2 2 2 2 2 2 2 2 2 2 2 2 2 2
left_child=1 2 3 -1 6 7 -3 -6 10 -10 13 12 -12 -4
right_child=-2 4 8 -5 5 -7 -8 -9 9 -11 11 -13 -14 -15
leaf_value=-0.056205728360964283 0.037000641086300627 -0.012678687032518036 0.020713536558729408 0.020844110398917103 -0.045903830274450969 0.03259413835435248 -0.057798977944189561 0.035449720893637321 0.012710503536356561 0.076728611405734448 -0.037091293275727792 -0.075681763782722455 0.066310947027953523 -0.018307880411521951
leaf_weight=2.1745750568807121 3.3588994964957228 27.55487094074488 6.8089821189641935 1.0673705227673052 2.2738734073936935 4.6268476061522961 2.4432334527373305 0.81507153250277031 18.544703196734194 1.2682847194373597 1.57271783426404 1.8269727453589437 1.0349837485700837 4.2361643388867378
leaf_count=49 149 699 152 27 57 120 65 20 447 26 35 38 24 98
internal_value=-0.00153767 -0.00323535 0.00437429 -0.030838 -0.0110106 0.00976214 -0.0163536 -0.0244373 0.00760884 0.0168085 -0.004166 -0.0288571 0.00394854 0.00574758
internal_weight=79.6076 76.2487 38.5348 3.24195 37.7139 7.71579 29.9981 3.08894 35.2928 19.813 15.4798 4.43467 2.6077 11.0451
internal_count=2006 1857 896 76 961 197 764 77 820 473 347 97 59 250
is_linear=0
shrinkage=0.05


Tree=44
num_leaves=15
num_cat=0
split_feature=4 18 13 11 15 1 19 18 1 18 15 19 19 19
split_gain=1.79893 1.60603 1.45326 1.32472 1.21221 1.98189 1.29802 1.20736 1.54642 1.1564 1.68223 1.62067 1.59368 2.37752
threshold=-1.0000000180025095e-35 3.5000000000000004 -1040.4154541015623 2260.1754272460944 313.00000000000006 55.074218750000007 148.00000000000003 1.5000000000000002 26.246093750000004 1.5000000000000002 424.50000000000006 298.50000000000006 2911.0000000000005 2428.5000000000005
decision_type=2 2 2 2 2 2 2 2 2 2 2 2 2 2
left_child=1 2 -1 4 5 6 -2 -4 -9 10 -6 -11 13 -12
right_child=3 -3 7 -5 9 -7 -8 8 -10 11 12 -13 -14 -15
leaf_value=-0.052412841949813618 -0.028756489999874141 -0.034078403178657499 -0.020118260340667105 0.066301761699593717 0.055015512471494936 -0.038327445748131239 0.039372898299541825 0.093529708822181715 0.0086344569524061127 0.021549142862122173 0.0052398144290959278 -0.010372503390425183 0.036932352097112896 -0.048284376941870433
leaf_weight=0.89907491393387307 0.79503809660673042 6.8880597501993179 1.2829937171190962 0.8051166832447042 1.7489252462983156 1.2156777717173097 5.7947587408125401 0.85834028571844134 1.4302187524735925 4.5536887403577557 17.25795588828624 31.351130250841379 3.1858854144811621 2.3582509942352763
leaf_count=27 31 223 35 24 65 33 205 19 36 108 374 736 70 49
internal_value=-0.000492111 -0.0189317 0.00440538 0.00254047 0.00178843 0.0203319 0.0311533 0.0187084 0.040475 -0.000605724 0.00775699 -0.00632399 0.00413225 -0.00119484
internal_weight=80.4251 11.3587 4.47063 69.0664 68.2613 7.80547 6.5898 3.57155 2.28856 60.4558 24.551 35.9048 22.8021 19.6162
internal_count=2035 340 117 1695 1671 269 236 90 55 1402 558 844 493 423
is_linear=0
shrinkage=0.05


Tree=45
num_leaves=15
num_cat=0
split_feature=4 11 5 1 13 10 10 4 13 23 5 19 19 23
split_gain=1.95656 1.69456 1.54633 2.20029 1.62483 2.15406 1.36454 1.35733 1.08305 1.64192 2.32693 2.4901 1.48181 2.29294
threshold=1.0000000180025095e-35 1923.9221038818362 99.90000000000002 55.074218750000007 -143.9897621154785 20.791381835937504 794.62193908691415 -1.4999999999999998 -210.27054595947263 -47.764812469482415 99.90000000000002 1474.0000000000002 1160.0000000000002 -9.0000433444976782
decision_type=2 2 2 2 2 2 2 2 2 2 2 2 2 2
left_child=7 2 3 4 6 -6 -2 -1 -9 10 11 -10 13 -11
right_child=1 -3 -4 -5 5 -7 -8 8 9 12 -12 -13 -14 -15
leaf_value=-0.051540890242563309 0.036947175665004543 0.059806599472012792 0.034434528930547076 -0.078651301380380442 -0.053136483013282471 0.040582149433872561 -0.036695032880689746 -0.0076958768887742061 0.030037796106462424 -0.062220327914485313 0.046091183447122666 -0.058281424336380408 0.01000345064140613 -0.0029248597972082926
leaf_weight=1.4123310092836607 3.8189992606639844 2.0110175479203454 4.3700823541730633 0.84777323529124249 1.9316374696791174 0.89822742901742447 0.75306981988251198 35.969844020903111 1.8285780753940364 2.1755353454500437 4.8953533675521612 1.4161609597504137 10.725173808634279 6.5063915327191371
leaf_count=57 114 76 178 20 52 30 19 839 42 54 112 32 252 154
internal_value=0.000661903 0.0171798 0.010387 -0.00235155 0.00638737 -0.0233893 0.0248175 -0.00306014 -0.00198215 0.00547857 0.0243269 -0.00850898 -0.00242716 -0.0177832
internal_weight=79.5602 14.6308 12.6198 8.24971 7.40193 2.82986 4.57207 64.9294 63.517 27.5472 8.14009 3.24474 19.4071 8.68193
internal_count=2031 489 413 235 215 82 133 1542 1485 646 186 74 460 208
is_linear=0
shrinkage=0.05


Tree=46
num_leaves=15
num_cat=0
split_feature=4 14 1 19 0 18 20 20 6 20 6 5 3 27
split_gain=1.68506 2.15055 1.9041 2.0172 1.26363 2.00985 1.18274 1.14806 1.61042 2.58078 1.86528 1.06374 1.18933 1.04822
threshold=1.0000000180025095e-35 299.50000000000006 55.074218750000007 1799.5000000000002 39926.500000000007 5.5000000000000009 373.50000000000006 14.500000000000002 84.550000000000011 90.500000000000014 86.63333333333334 99.708333333333357 3.5000000000000004 0.15328279006958009
decision_type=2 2 2 2 2 2 2 2 2 2 2 2 2 2
left_child=1 -1 4 -4 5 -2 -7 -3 9 -9 -10 12 -6 -12
right_child=2 7 3 -5 11 6 -8 8 10 -11 13 -13 -14 -15
leaf_value=-0.055690761442171548 -0.054660274184732682 0.029997473539414461 0.025268315083363791 -0.087382186339566223 0.047425159844193134 -0.0018569092232752528 0.064601553817852431 -0.058416990224497027 -0.056860960485181425 0.033621501365385879 -0.0035192521827560178 0.055462529067902416 -0.00041940767077734372 0.050937287196909375
leaf_weight=1.7721225470304478 1.1676379721611727 3.0667587183415881 0.75443769432604202 0.83970239944756031 2.2799746161326748 1.7734704166650774 1.0754272621124981 0.87517257407307525 1.6322826333343972 5.8713299334049225 51.673097072169185 3.5752812055870891 3.0186321679502726 0.89904638938605685
leaf_count=60 38 71 26 20 93 52 37 22 38 158 1196 156 77 22
internal_value=0.00204194 -0.00135715 0.0174808 -0.0340696 0.023856 0.000586995 0.0232304 0.000146899 -0.00135504 0.021682 -0.00422233 0.0343881 0.020168 -0.00258798
internal_weight=80.2744 65.7898 14.4846 1.59414 12.8904 4.01654 2.8489 64.0177 60.9509 6.7465 54.2044 8.87389 5.29861 52.5721
internal_count=2066 1567 499 46 453 127 89 1507 1436 180 1256 326 170 1218
is_linear=0
shrinkage=0.05


Tree=47
num_leaves=15
num_cat=0
split_feature=19 14 23 23 23 24 15 20 11 13 23 1 18 20
split_gain=1.44853 2.29996 2.36611 2.11142 3.17097 2.83543 2.14241 2.06137 2.02967 2.27596 2.14107 2.54521 1.72777 1.83273
threshold=2382.5000000000005 466.50000000000006 162.59117279052737 -41.066455364227288 -100.43765430450438 -0.060210939941406243 313.00000000000006 500.50000000000006 -77.215072631835923 -1071.5781311035155 32.190820678075163 49.121093750000007 4.5000000000000009 579.50000000000011
decision_type=2 2 2 2 2 2 2 2 2 2 2 2 2 2
left_child=3 7 12 4 -1 -5 -7 -2 -8 -10 -11 -12 13 -3
right_child=1 2 -4 5 -6 6 8 -9 9 10 11 -13 -14 -15
leaf_value=0.0062598958297965697 -0.074246045243940198 -0.034706496896748262 0.063133945734603542 -0.042403860843051963 0.049797887715227251 0.051736828466837539 -0.061192468233834819 -0.016436632619418693 0.068026116358384708 -0.018019162416864132 0.026329290376134032 -0.057206196679790856 0.044178133105723161 0.0073655352991405425
leaf_weight=23.485685808584098 2.1632592678070095 5.011341240257023 1.3957700245082367 4.352109087631109 5.088162610307335 1.9487827727571154 1.4013303443789542 5.3699334282428026 1.1929472237825489 10.6485248543322 7.2662419825792295 1.0426938012242315 1.5157129056751717 5.3540454152971506
leaf_count=614 57 111 34 116 136 74 35 152 26 264 175 25 46 124
internal_value=0.000305283 -0.01097 0.0015509 0.0044636 0.0140127 -0.00533281 0.00153246 -0.0330374 -0.0030072 0.00103921 -0.00317611 0.0158464 -0.00568376 -0.012975
internal_weight=77.2365 20.8101 13.2769 56.4265 28.5738 27.8526 23.5005 7.53319 21.5517 20.1504 18.9575 8.30894 11.8811 10.3654
internal_count=1989 524 315 1465 750 715 599 209 525 490 464 200 281 235
is_linear=0
shrinkage=0.05


Tree=48
num_leaves=15
num_cat=0
split_feature=4 12 19 19 12 20 6 19 11 15 5 22 18 6
split_gain=1.35026 1.09585 3.29611 2.8732 1.76445 2.41142 2.0977 1.49794 1.27561 1.06761 1.6014 1.03257 1.00844 1.00748
threshold=-1.4999999999999998 -1071.6393638610837 103.00000000000001 409.50000000000006 -1509.1548828124999 500.50000000000006 99.90000000000002 103.00000000000001 2104.1294097900395 201.00000000000003 84.77500000000002 -5.3789427280426017 2.5000000000000004 86.63333333333334
decision_type=2 2 2 2 2 2 2 2 2 2 2 2 2 2
left_child=-1 2 -2 -4 5 6 -5 13 9 -9 -11 -10 -6 -3
right_child=1 7 3 4 12 -7 -8 8 11 10 -12 -13 -14 -15
leaf_value=-0.050250824728017798 -0.10967411190280354 -0.016802009607188091 0.084250133487287507 -0.050664160798216756 -0.011102085083354923 0.065533744182957307 0.036405535848828392 0.041070320960186105 -0.013819306600945824 -0.037293406379302417 0.0010891930639635495 0.051554140815961061 -0.069387482964220801 0.054582937618588158
leaf_weight=1.2923815771937359 0.83691400289535423 0.63452352024614755 0.80414455849677136 1.8707722015678874 1.2978928536176693 1.199596559628844 1.0976130068302155 1.5665428563952435 0.8333239704370502 2.8538025971502057 56.900009769015014 2.195182677358388 1.7330253906548021 2.2361087892204523
leaf_count=55 19 18 21 49 28 36 26 64 21 74 1416 60 44 66
internal_value=0.000427698 0.00128881 -0.0152609 -0.00538772 -0.0154006 0.00570831 -0.0184686 0.00346525 0.00188877 0.000324289 -0.000743935 0.033566 -0.0444286 0.038804
internal_weight=77.3518 76.0595 8.83996 8.00304 7.1989 4.16798 2.96839 67.2195 64.3489 61.3204 59.7538 3.02851 3.03092 2.87063
internal_count=1997 1942 223 204 183 111 75 1719 1635 1554 1490 81 72 84
is_linear=0
shrinkage=0.05


Tree=49
num_leaves=15
num_cat=0
split_feature=15 14 14 19 19 23 19 27 1 6 1 19 6 1
split_gain=1.37112 2.0724 1.62903 1.01362 2.21066 2.04106 1.72417 1.99611 2.01091 2.72563 2.53731 1.94778 1.90623 2.58012
threshold=346.50000000000006 344.00000000000006 299.50000000000006 2322.0000000000005 2213.5000000000005 139.24431133270267 2800.5000000000005 -0.14891595947265623 30.015625000000004 94.90000000000002 43.050781250000007 3087.5000000000005 98.26666666666668 24.066406250000004
decision_type=2 2 2 2 2 2 2 2 2 2 2 2 2 2
left_child=2 -2 -1 4 -3 6 12 -8 9 -9 -10 -11 13 -5
right_child=1 3 -4 5 -6 -7 7 8 10 11 -12 -13 -14 -15
leaf_value=-0.033848539762871513 -0.053999269622234072 0.0011162270974932923 0.026330912013402714 0.072880574252543504 0.051629941965953163 0.035688033673407858 -0.062411028878605335 -0.07016714621689496 0.066997101274530541 0.057810546928326281 -0.015859506412709418 -0.018522506712484479 -0.058185874676490036 -0.033336192481274327
leaf_weight=1.2989854179322708 1.854994999244808 43.952881440520287 8.3732900405302626 0.78297243453562915 2.2781851477921 2.1640221718698731 1.2391338236629987 1.5632358342409078 2.2418989948928361 1.3009754382073881 1.5717516168951986 2.3367988392710686 3.9036299809813499 2.1191622577607632
leaf_count=37 75 1076 302 19 53 51 35 38 53 32 37 52 90 50
internal_value=0.000645766 -0.00188376 0.0182488 -0.0004068 0.00360545 -0.0100559 -0.0158586 -0.0029085 0.00527058 -0.0149511 0.0328487 0.00877645 -0.0353696 -0.00467977
internal_weight=76.9819 67.3096 9.67228 65.4546 46.2311 19.2236 17.0596 10.2538 9.01466 5.20101 3.81365 3.63777 6.80576 2.90213
internal_count=2000 1661 339 1586 1129 457 406 247 212 122 90 84 159 69
is_linear=0
shrinkage=0.05


Tree=50
num_leaves=15
num_cat=0
split_feature=23 4 15 5 10 5 13 20 14 14 10 19 13 5
split_gain=1.46186 1.23988 1.11824 1.3088 3.6569 1.09867 1.09674 2.46831 1.71257 1.60225 1.43286 1.43063 1.85106 2.12945
threshold=-441.92997741699213 -1.4999999999999998 153.00000000000003 84.77500000000002 -1021.4088806152342 86.325000000000017 704.41502075195319 61.500000000000007 399.50000000000006 387.50000000000006 -521.40549774169915 1041.0000000000002 378.10458660125738 98.500000000000014
decision_type=2 2 2 2 2 2 2 2 2 2 2 2 2 2
left_child=-1 -2 -3 4 -4 -5 8 -8 -7 -9 -11 12 13 -10
right_child=1 2 3 5 -6 6 7 9 11 10 -12 -13 -14 -15
leaf_value=0.055644593417550181 -0.049506842424721281 0.053323995978393726 0.064584884498620196 0.051318584029223083 -0.055867781066279459 -0.033279336380788692 0.064186918354394704 0.066355454582975107 0.023733787372747839 0.051170111038442281 -0.010310169138476516 0.0054530054134054083 -0.044708527633071031 -0.016244168481304586
leaf_weight=1.1505823228508223 1.3023009561002243 0.95979431457817455 0.80342779308557544 1.0487258527427901 2.9210558272898188 4.3419323284178963 2.0034568775445214 0.91682194732129474 4.7467537783086309 1.0754227582365254 7.9798821154981852 34.592495445162058 3.4522995315492144 11.167475309222937
leaf_count=32 60 44 22 26 76 124 55 25 115 28 209 845 88 290
internal_value=-0.000299823 -0.00113241 -0.000303589 -0.00098942 -0.0298843 0.000519421 -0.000238647 0.0135432 -0.00306957 0.00336856 -0.00300867 -0.000638671 -0.0115196 -0.0043199
internal_weight=78.4624 77.3118 76.0095 75.0497 3.72448 71.3253 70.2765 11.9756 58.301 9.97213 9.0553 53.959 19.3665 15.9142
internal_count=2039 2007 1947 1903 98 1805 1779 317 1462 262 237 1338 493 405
is_linear=0
shrinkage=0.05


Tree=51
num_leaves=15
num_cat=0
split_feature=23 4 18 0 4 5 12 6 10 18 12 18 23 1
split_gain=1.57283 1.0904 1.30372 2.09404 2.13081 1.52441 1.70824 1.5154 1.46802 1.84195 2.06768 1.47639 2.47659 1.44929
threshold=-441.92997741699213 1.5000000000000002 3.5000000000000004 81515.000000000015 -1.0000000180025095e-35 99.225000000000009 -395.36140060424799 99.90000000000002 923.35761108398447 6.5000000000000009 -305.99362335205075 8.5000000000000018 -15.625001144409177 24.066406250000004
decision_type=2 2 2 2 2 2 2 2 2 2 2 2 2 2
left_child=-1 2 -2 8 -5 6 -6 13 9 10 -4 12 -11 -8
right_child=1 -3 3 4 5 -7 7 -9 -10 11 -12 -13 -14 -15
leaf_value=0.058411919441019193 0.0040390635856137041 0.029813851991098941 -0.0027649459775279266 -0.034069346128844512 -0.052834807697432297 0.042194036310237819 -0.037613060395982084 0.049398965987869768 -0.061253596530950687 0.070465257556313221 -0.058465808408908394 -0.0178171514855122 -0.018171042135713657 0.033517791726305673
leaf_weight=1.1656304281204928 44.432430803775787 2.9262380236759773 2.9202063903212547 2.6225950922816983 1.1744303219020356 3.6580131016671658 1.7201190106570714 1.885643448680639 2.0284440256655207 1.6222699172794821 3.8795138616114908 4.2169670201838017 1.532603472471237 1.2268677093088625
leaf_count=32 1052 150 72 97 27 106 41 48 54 42 103 117 42 31
internal_value=0.0007726 -0.000113219 -0.00131417 -0.00966366 0.00590163 0.0167477 0.00125203 0.0143963 -0.0214699 -0.0157755 -0.0345445 0.00153697 0.0274067 -0.00800039
internal_weight=77.012 75.8463 72.9201 28.4877 12.2877 9.66507 6.00706 4.83263 16.2 14.1716 6.79972 7.37184 3.15487 2.94699
internal_count=2014 1982 1832 780 350 253 147 120 430 376 175 201 84 72
is_linear=0
shrinkage=0.05


Tree=52
num_leaves=15
num_cat=0
split_feature=4 12 20 19 5 15 1 19 24 14 1 1 22 7
split_gain=1.86882 1.39462 1.95876 2.93357 1.80906 1.95613 1.76825 3.22307 2.64434 2.27653 2.26754 2.03483 1.8393 1.69242
threshold=1.5000000000000002 129.21786142985027 249.50000000000003 1354.5000000000002 86.550000000000011 499.50000000000006 33.105468750000007 495.50000000000006 0.014257711029052737 406.50000000000006 26.246093750000004 20.332031250000004 -156.55841064453122 1.5000000000000002
decision_type=2 2 2 2 2 2 2 2 2 2 2 2 2 2
left_child=1 2 4 -4 -1 -6 7 9 11 -3 -10 12 -9 -5
right_child=-2 6 3 13 5 -7 -8 8 10 -11 -12 -13 -14 -15
leaf_value=0.037312363912894046 0.03887913613594806 -0.017964288946139367 0.061029313627352588 0.0016409290119017098 -0.015321768869760591 -0.055505657625823934 0.026366511977125296 0.049466166998791812 -0.017964474448241712 0.064575517242288175 -0.082891644578220014 0.041176945181088741 -0.028156419011044004 -0.038045257662592029
leaf_weight=1.307432005181911 2.8449327172711483 1.2104571443051164 1.9044876303523803 21.01791371405125 14.824299948289992 3.8061068393290034 7.95126506127417 0.96836835704743851 6.2822027299553156 2.695987680926919 1.7110078111290929 3.0216898620128632 3.6013044361025077 3.0800618343055239
leaf_count=31 153 36 46 500 378 94 218 25 161 65 45 75 93 82
internal_value=-0.000881946 -0.00242342 -0.00775082 0.00128975 -0.0195413 -0.0235312 0.00649501 -0.00161148 -0.0117911 0.0389996 -0.0318626 0.00934293 -0.0117073 -0.00343153
internal_weight=76.2275 73.3826 45.9403 26.0025 19.9378 18.6304 27.4423 19.491 15.5846 3.90644 7.99321 7.59136 4.56967 24.098
internal_count=2002 1849 1131 628 503 472 718 500 399 101 206 193 118 582
is_linear=0
shrinkage=0.05


Tree=53
num_leaves=15
num_cat=0
split_feature=4 14 19 20 23 13 20 24 20 19 12 12 20 22
split_gain=1.39769 1.22169 1.78285 2.075 1.65773 2.77128 1.61828 1.77812 2.8194 1.47922 1.51358 1.48992 2.81754 1.40121
threshold=1.5000000000000002 498.50000000000006 2428.5000000000005 456.50000000000006 -407.0578124999999 -1217.8302322387692 579.50000000000011 -0.01126679275512695 709.50000000000011 1104.5000000000002 489.83915786743171 -436.29842376708979 14.500000000000002 157.41457926432295
decision_type=2 2 2 2 2 2 2 2 2 2 2 2 2 2
left_child=1 2 3 -1 5 -3 -4 -8 -9 10 11 -6 -13 -11
right_child=-2 4 6 -5 9 -7 7 8 -10 13 -12 12 -14 -15
leaf_value=-0.0036232612619443712 0.035135105803325482 0.037738498867802756 -0.044973755203959138 0.054083204936239637 0.024428883988741282 -0.080709313868030458 -0.039720394998920189 0.053831537802576081 -0.048916994289979358 0.023708065053284457 0.058831864119037403 0.064371490770739462 -0.03132133881744744 -0.015956445849496428
leaf_weight=28.8360411785543 2.8090874515473834 0.78983704559505019 4.9972819201648218 1.6467543654143799 2.376374725252389 1.3175994120538259 2.1572966109961271 2.0127262454479937 0.9990377016365527 16.010192563757304 0.85955952107906419 0.86458323150873262 6.9739447776228189 2.5862556770443907
leaf_count=737 151 24 131 39 59 33 57 50 29 390 26 23 168 63
internal_value=0.000530762 -0.000811362 -0.00655305 -0.000505818 0.00653309 -0.0363168 -0.0246851 -0.00507064 0.0197486 0.00957659 -0.00489027 -0.0102523 -0.0207665 0.0181918
internal_weight=75.2366 72.4275 40.6491 30.4828 31.7783 2.10744 10.1663 5.16906 3.01176 29.6709 11.0745 10.2149 7.83853 18.5964
internal_count=1980 1829 1043 776 786 57 267 136 79 729 276 250 191 453
is_linear=0
shrinkage=0.05


Tree=54
num_leaves=15
num_cat=0
split_feature=26 28 10 1 1 10 23 11 1 6 23 13 1 19
split_gain=1.32547 1.95592 1.76698 3.84447 1.28343 1.21961 1.20939 1.65649 1.13963 1.96157 2.12268 1.13184 1.68615 1.131
threshold=0.028946489562988283 1.0000000180025095e-35 99.752516174316426 34.058593750000007 26.246093750000004 -33.896186733245848 -407.0578124999999 -607.66472396850577 45.917968750000007 99.77500000000002 -2.8439696311950677 835.07019996643078 51.191406250000007 1696.5000000000002
decision_type=2 2 2 2 2 2 2 2 2 2 2 2 2 2
left_child=6 2 -2 4 -4 -3 7 -1 -8 10 -10 12 -5 -11
right_child=1 5 3 11 -6 -7 8 -9 9 13 -12 -13 -14 -15
leaf_value=-0.048046867113600782 0.038545527114221198 -0.066164909820512 -0.0079012319017141321 0.082440199463584218 -0.067238914161363406 0.01164199724501528 0.0008184428262891911 0.029949704965656257 0.040070367354380979 -0.016313639430014987 -0.048667455701818574 -0.0079123260364124762 -0.0039122383512963299 -0.077805357656260496
leaf_weight=3.0348783973604445 6.1557610137388172 1.2248331848531964 5.8288854882121068 2.1791510749608287 1.0801477413624523 0.85536722932010789 47.583259996026754 0.87757654301822086 1.8114992473274472 1.3431687690317633 1.0731537109240878 0.7740210536867379 0.76333172805607308 1.686932325363159
leaf_count=74 175 32 159 61 31 25 1223 22 51 40 30 21 25 37
internal_value=6.10487e-05 0.0115606 0.0172295 0.00488029 -0.017178 -0.0341711 -0.00371698 -0.030552 -0.00175446 -0.0224531 0.00705796 0.0458869 0.0600389 -0.0505476
internal_weight=76.272 18.8615 16.7813 10.6255 6.90903 2.0802 57.4105 3.91245 53.498 5.91475 2.88465 3.7165 2.94248 3.0301
internal_count=2006 529 472 297 190 57 1477 96 1381 158 81 107 86 77
is_linear=0
shrinkage=0.05


Tree=55
num_leaves=15
num_cat=0
split_feature=4 18 3 26 11 6 19 23 13 14 24 7 24 23
split_gain=1.22572 1.03547 1.57676 1.87033 1.87526 1.1885 2.17865 1.90962 3.40458 1.95809 1.95671 1.86198 1.64572 1.5236
threshold=1.5000000000000002 2.5000000000000004 4.5000000000000009 0.059877420997619633 -984.47582244873036 99.100000000000009 409.50000000000006 -47.764812469482415 -1107.7177124023435 399.50000000000006 -0.097751652018229149 1.0000000180025095e-35 -0.046940104827880851 71.45106697082521
decision_type=2 2 2 2 2 2 2 2 2 2 2 2 2 2
left_child=1 2 -1 4 -4 7 13 8 10 -10 -3 -8 -9 -7
right_child=-2 5 3 -5 -6 6 11 12 9 -11 -12 -13 -14 -15
leaf_value=0.045376061223196013 0.032226594558454079 0.03376265376919569 -0.039693942838452907 0.043233032135518421 0.0025154267577276361 -0.0052677238495172016 -0.06098283012577458 -0.048311668567598609 -0.012932670970732932 0.062846707152774559 -0.030732373047343772 -0.015585848798823418 -0.0036983742726237438 0.077900102360065296
leaf_weight=2.2281982582062474 2.8546574097126713 1.6857580952346323 2.8760690931230775 2.5621846988797179 30.929545436054468 1.5099600832909339 3.0572110600769511 2.6757710631936762 1.0983597785234431 3.8075246643275023 3.8891964517533779 8.6478957403451187 9.0877227820456064 0.86680636927485455
leaf_count=94 157 48 67 59 698 40 72 78 34 98 109 235 241 22
internal_value=7.01577e-05 -0.00115505 0.00454753 0.00204603 -0.00107561 -0.00721395 -0.0185808 -1.81472e-05 0.0155023 0.0458808 -0.0112303 -0.0274429 -0.0138463 0.0250636
internal_weight=77.7769 74.9222 38.596 36.3678 33.8056 36.3262 14.0819 22.2443 10.4808 4.90588 5.57495 11.7051 11.7635 2.37677
internal_count=2052 1895 918 824 765 977 369 608 289 132 157 307 319 62
is_linear=0
shrinkage=0.05


Tree=56
num_leaves=15
num_cat=0
split_feature=4 14 27 22 22 22 12 25 5 12 22 24 25 23
split_gain=1.40592 1.43155 1.31128 2.08062 1.15799 1.1204 1.13361 0.986097 0.79721 1.10839 1.36873 1.68224 0.94957 0.816758
threshold=-1.0000000180025095e-35 344.00000000000006 -0.11077177124023437 -163.00863037109372 137.51207122802739 33.97955694198609 -136.59781494140623 0.22601754272460942 81.550000000000011 289.46489562988285 33.97955694198609 -0.0033896186733245845 -0.093320830688476547 -407.0578124999999
decision_type=2 2 2 2 2 2 2 2 2 2 2 2 2 2
left_child=1 -1 -3 -4 5 6 -5 8 12 13 -11 -12 -2 -10
right_child=7 2 3 4 -6 -7 -8 -9 9 10 11 -13 -14 -15
leaf_value=-0.053289612933146706 -0.070855121433976764 -0.040221463719550717 0.079287464662382387 -0.031647779698559551 -0.063472960371500617 0.047617776333239083 0.024017418152910766 0.058348547148238145 -0.023473576533425283 0.027177579379900913 -0.06293774242038544 0.008044558385444496 -0.002590993016805555 0.00059091937680855969
leaf_weight=2.2116462057456365 0.82185125909745727 2.3656478710472575 0.79031368717551131 2.4217353574931613 0.78972400166094292 1.0481137037277219 1.4696412831544887 0.76660735812038083 3.8411599015816966 8.5838066227734071 1.0081910043954847 4.8504197373986235 1.3400798542425025 42.971738733351238
leaf_count=101 19 79 21 70 25 27 36 25 88 253 26 122 39 1091
internal_value=-0.000860807 -0.017294 -0.00833418 0.0032363 -0.00725454 0.00173364 -0.0106249 0.00198035 0.00129895 0.00235213 0.0144611 -0.00417058 -0.0285414 -0.00138366
internal_weight=75.2807 11.0968 8.88518 6.51953 5.72921 4.93949 3.89138 64.1839 63.4172 61.2553 14.4424 5.85861 2.16193 46.8129
internal_count=2022 359 258 179 158 133 106 1663 1638 1580 401 148 58 1179
is_linear=0
shrinkage=0.05


Tree=57
num_leaves=15
num_cat=0
split_feature=14 19 20 20 13 15 10 15 20 6 20 23 13 14
split_gain=1.01209 1.96752 2.11976 3.08718 1.92814 2.25085 1.90074 1.80203 1.77675 1.54401 1.57944 1.34774 1.32584 1.57598
threshold=466.50000000000006 2428.5000000000005 318.50000000000006 202.50000000000003 215.58682556152345 408.50000000000006 250.30073242187504 424.50000000000006 500.50000000000006 98.500000000000014 90.500000000000014 -32.945520353317256 -1217.8302322387692 419.50000000000006
decision_type=2 2 2 2 2 2 2 2 2 2 2 2 2 2
left_child=1 2 3 6 11 -6 9 -2 -3 10 -1 -4 -8 -14
right_child=7 8 4 -5 5 -7 12 -9 -10 -11 -12 -13 13 -15
leaf_value=-0.04441407773792868 0.024359908103054596 -0.071314886164086586 0.022650594242909133 -0.042194634517900252 0.01737203555799097 0.09806936779811487 -0.081235283805230402 0.00061138708924755327 -0.013620535679923718 0.044670828135831668 0.0326549803649668 -0.044782178003893475 -0.030551910827968733 0.050849364507149719
leaf_weight=1.3202142966911252 10.251435275189577 1.8774732807651151 1.8290833337232473 4.8423851039260617 2.1919620800763373 1.4264350347220895 0.75430766679346595 36.175290854647756 4.6137275928631425 3.5865307496860623 1.3390702679753301 1.2455560164526094 2.0338299060240392 0.84025791287422169
leaf_count=41 377 54 53 142 61 30 21 805 139 104 49 35 61 20
internal_value=0.00133224 -0.00619405 0.00111698 -0.00949305 0.0244462 0.0491843 0.00654405 0.00585527 -0.0303077 0.0232643 -0.00560632 -0.00466685 -0.0222377 -0.00675373
internal_weight=74.3276 27.9008 21.4096 14.7166 6.69304 3.6184 9.87421 46.4267 6.4912 6.24582 2.65928 3.07464 3.6284 2.87409
internal_count=1992 810 617 438 179 91 296 1182 193 194 90 88 102 81
is_linear=0
shrinkage=0.05


Tree=58
num_leaves=15
num_cat=0
split_feature=4 23 18 15 32 26 13 1 20 19 1 22 10 15
split_gain=1.28447 0.797613 0.810356 1.92409 1.82596 1.91162 2.56976 1.46476 1.45735 2.28748 1.97473 1.57104 1.62141 1.44413
threshold=-1.4999999999999998 -441.92997741699213 2.5000000000000004 495.50000000000006 1.0000000180025095e-35 -0.1071639363861084 -1671.4450576782224 40.214843750000007 519.50000000000011 2260.0000000000005 22.222656250000004 -21.749944007396696 -469.40104827880856 424.50000000000006
decision_type=2 2 2 2 2 2 2 2 2 2 2 2 2 2
left_child=-1 -2 13 4 8 -6 -7 -8 9 11 -11 -4 -13 -3
right_child=1 2 3 -5 5 6 7 -9 -10 10 -12 12 -14 -15
leaf_value=-0.055725998686845482 0.041444941242677086 0.038091794170391984 -0.028075572280952889 -0.032892540962642908 -0.049248970324745678 -0.022477213821497762 0.055893351290877274 -0.011474113097641934 0.019806994671694271 0.0098672744007693505 -0.091898284251675344 -0.036772850993407026 0.014492919287456291 0.0021359132333394625
leaf_weight=1.0281811226159323 1.173252117820083 3.0539931738749138 5.8020558105781701 5.4149121195077887 0.9129936983808874 1.9316218057647345 4.6907847160473484 0.97450141794979561 3.8322111247107378 0.68290009722113554 1.5787620916962621 1.908323819749058 8.0417866436764598 32.624647041782737
leaf_count=57 35 121 163 142 24 55 148 32 116 20 40 55 234 738
internal_value=-0.000232302 0.000553369 -0.0001181 -0.00543609 -0.000538395 0.0191096 0.0273249 0.0443053 -0.00819206 -0.0141485 -0.0611706 -0.00739718 0.0046607 0.00521364
internal_weight=73.6509 72.6227 71.4495 35.7709 30.3559 8.5099 7.59691 5.66529 21.846 18.0138 2.26166 15.7522 9.95011 35.6786
internal_count=1980 1923 1888 1029 887 259 235 180 628 512 60 452 289 859
is_linear=0
shrinkage=0.05


Tree=59
num_leaves=15
num_cat=0
split_feature=25 19 23 3 14 22 10 28 12 6 23 19 19 18
split_gain=1.36069 1.86717 1.46314 1.06009 1.37195 1.13078 0.876953 2.08783 1.82892 1.55065 1.42403 1.39639 1.40804 1.29115
threshold=-0.13033767175674435 1696.5000000000002 -441.92997741699213 3.5000000000000004 344.00000000000006 -204.43739929199216 -195.17568817138667 1.0000000180025095e-35 20.57701497077942 98.500000000000014 -177.35807800292966 1573.5000000000002 566.00000000000011 8.5000000000000018
decision_type=2 2 2 2 2 2 2 2 2 2 2 2 2 2
left_child=1 -1 -2 5 -5 -4 7 8 13 10 -10 12 -9 -6
right_child=2 -3 3 4 6 -7 -8 11 9 -11 -12 -13 -14 -15
leaf_value=0.012338147528417474 0.061132419442083523 -0.077584617534675812 -0.020879541117842428 -0.041193888916064077 -0.0052007104294299888 0.035081495500424324 0.0058611207386332119 -0.048694259446255189 -0.04760607728805312 0.037730789398568998 0.018584708880969546 -0.066548664389474765 0.038550249584855777 -0.050893672768346679
leaf_weight=1.057676927186548 1.0342402076348651 1.2709746565669773 1.1562114069238303 2.0065707061439744 13.826541686430579 4.1171508599072686 36.680466122925282 0.97764991968870052 1.306669978424907 4.6729495264589787 2.1489268597215396 2.1629107408225536 0.87760239094495773 1.7406597081571806
leaf_count=34 32 35 39 93 342 179 911 21 33 126 58 56 22 42
internal_value=0.000881277 -0.0367416 0.00208623 0.00123421 -0.000479411 0.0228118 0.000789278 -0.00592351 -0.000272225 0.0189512 -0.00644411 -0.03925 -0.00742441 -0.0103099
internal_weight=75.0372 2.32865 72.7086 71.6743 66.4009 5.27336 64.3944 27.7139 23.6957 8.12855 3.4556 4.01816 1.85525 15.5672
internal_count=2023 69 1954 1922 1704 218 1611 700 601 217 91 99 43 384
is_linear=0
shrinkage=0.05


end of trees

feature_importances:
alive_difference=73
t_total_health=68
time_seconds=66
t_avg_z=66
shots_seen=64
t_avg_x=57
ct_total_health=57
ct_avg_health=54
utility_events_seen=48
t_avg_health=46
t_avg_y=40
damage_events_seen=36
ct_avg_y=33
ct_avg_x=28
ct_avg_z=28
t_norm_x=13
map_code=11
t_alive=11
ct_norm_x=10
t_norm_y=9
ct_norm_y=8
map_is_de_ancient=6
kills_seen=3
map_is_de_anubis=3
ct_alive=1
map_is_de_mirage=1

parameters:
[boosting: gbdt]
[objective: binary]
[metric: binary_logloss]
[tree_learner: serial]
[device_type: cpu]
[data_sample_strategy: bagging]
[data: ]
[valid: ]
[num_iterations: 60]
[learning_rate: 0.05]
[num_leaves: 15]
[num_threads: 0]
[seed: 7]
[deterministic: 0]
[force_col_wise: 0]
[force_row_wise: 0]
[histogram_pool_size: -1]
[max_depth: -1]
[min_data_in_leaf: 20]
[min_sum_hessian_in_leaf: 0.001]
[bagging_fraction: 0.8]
[pos_bagging_fraction: 1]
[neg_bagging_fraction: 1]
[bagging_freq: 1]
[bagging_seed: 7]
[bagging_by_query: 0]
[feature_fraction: 0.8]
[feature_fraction_bynode: 1]
[feature_fraction_seed: 7]
[extra_trees: 0]
[extra_seed: 6516]
[early_stopping_round: 0]
[early_stopping_min_delta: 0]
[first_metric_only: 0]
[max_delta_step: 0]
[lambda_l1: 0]
[lambda_l2: 0]
[linear_lambda: 0]
[min_gain_to_split: 0]
[drop_rate: 0.1]
[max_drop: 50]
[skip_drop: 0.5]
[xgboost_dart_mode: 0]
[uniform_drop: 0]
[drop_seed: 15215]
[top_rate: 0.2]
[other_rate: 0.1]
[min_data_per_group: 100]
[max_cat_threshold: 32]
[cat_l2: 10]
[cat_smooth: 10]
[max_cat_to_onehot: 4]
[top_k: 20]
[monotone_constraints: ]
[monotone_constraints_method: basic]
[monotone_penalty: 0]
[feature_contri: ]
[forcedsplits_filename: ]
[refit_decay_rate: 0.9]
[cegb_tradeoff: 1]
[cegb_penalty_split: 0]
[cegb_penalty_feature_lazy: ]
[cegb_penalty_feature_coupled: ]
[path_smooth: 0]
[interaction_constraints: ]
[verbosity: -1]
[saved_feature_importance_type: 0]
[use_quantized_grad: 0]
[num_grad_quant_bins: 4]
[quant_train_renew_leaf: 0]
[stochastic_rounding: 1]
[linear_tree: 0]
[max_bin: 63]
[max_bin_by_feature: ]
[min_data_in_bin: 3]
[bin_construct_sample_cnt: 200000]
[data_random_seed: 61]
[is_enable_sparse: 1]
[enable_bundle: 1]
[use_missing: 1]
[zero_as_missing: 0]
[feature_pre_filter: 1]
[pre_partition: 0]
[two_round: 0]
[header: 0]
[label_column: ]
[weight_column: ]
[group_column: ]
[ignore_column: ]
[categorical_feature: ]
[forcedbins_filename: ]
[precise_float_parser: 0]
[parser_config_file: ]
[objective_seed: 15521]
[num_class: 1]
[is_unbalance: 0]
[scale_pos_weight: 1]
[sigmoid: 1]
[boost_from_average: 1]
[reg_sqrt: 0]
[alpha: 0.9]
[fair_c: 1]
[poisson_max_delta_step: 0.7]
[tweedie_variance_power: 1.5]
[lambdarank_truncation_level: 30]
[lambdarank_norm: 1]
[label_gain: ]
[lambdarank_position_bias_regularization: 0]
[eval_at: ]
[multi_error_top_k: 1]
[auc_mu_weights: ]
[num_machines: 1]
[local_listen_port: 12400]
[time_out: 120]
[machine_list_filename: ]
[machines: ]
[gpu_platform_id: -1]
[gpu_device_id: -1]
[gpu_device_id_list: ]
[gpu_use_dp: 0]
[num_gpu: 1]

end of parameters

pandas_categorical:null
