tree
version=v4
num_class=1
num_tree_per_iteration=1
label_index=0
max_feature_idx=17
objective=binary sigmoid:1
feature_names=health utility_count time_seconds alive_friendly alive_enemy alive_difference visible_enemies bomb_planted bomb_time_remaining player_zone_index target_zone_index action_type_index none carried dropped planted defused detonated
feature_infos=[40:100] [0:2] none none none none none [0:1] [0:9.9581325176744073] [0:6] [-1:6] [0:6] [0:1] [0:1] none [0:1] none none
tree_sizes=1711 1717 1718 1712 1721 1718 1722 1723 1712 1722 1715 1715 1722 1712 1717 1722 1722 1729 1711 1726 1726 1720 1724 1717 1725 1720 1706 1725 1722 1727 1715 1747 1716 1724 1723 1720 1729 1737 1718 1709 1729 1720 1732 1715 1721 1717 1712 1716 1720 1760 1727 1725 1728 1712 1711 1735 1724 1732 1723 1720 1719 1726 1727 1723 1724 1730 1724 1711 1716 1713 1734 1704 1715 1713 1731 1733 1716 1734 1715 1739

Tree=0
num_leaves=15
num_cat=0
split_feature=12 10 7 7 0 0 0 0 1 1 0 0 1 1
split_gain=854.162 122.223 55.7399 34.0431 7.85658 6.69188 8.713 10.1454 14.6705 5.25916 4.01108 15.8701 5.56216 4.76783
threshold=1.0000000180025095e-35 -1.0000000180025095e-35 1.0000000180025095e-35 1.0000000180025095e-35 48.500000000000007 44.500000000000007 65.500000000000014 93.500000000000014 1.0000000180025095e-35 1.0000000180025095e-35 73.500000000000014 77.500000000000014 1.5000000000000002 1.0000000180025095e-35
decision_type=2 2 2 2 2 2 2 2 2 2 2 2 2 2
left_child=1 3 4 10 -3 -4 -7 8 -8 -6 13 -12 -13 -1
right_child=-2 2 5 -5 9 6 7 -9 -10 -11 11 12 -14 -15
leaf_value=-0.22604012634434623 -0.3489333654881791 -0.26378520300199498 -0.2408720689996364 -0.17829317651100962 -0.20014308361288718 -0.30889212547389738 -0.31406316561288461 -0.32713949056612002 -0.23592808811453966 -0.22890912678698441 -0.28678046293267739 -0.20068576432343857 -0.23860956927255822 -0.19867609718131984
leaf_weight=23.59771728515625 181.40745162963867 10.569810867309569 7.8659057617187491 125.11706352233887 26.547431945800781 31.217813491821289 8.6033344268798846 6.8826675415039054 19.910573959350586 39.575338363647461 8.849143981933592 29.005527496337891 14.502763748168944 48.916101455688477
leaf_count=96 738 43 32 509 108 127 35 28 81 161 36 118 59 199
internal_value=-0.258901 -0.218188 -0.253678 -0.196726 -0.223758 -0.284487 -0.289637 -0.272655 -0.259503 -0.21736 -0.215196 -0.225742 -0.213327 -0.207581
internal_weight=582.569 401.161 151.173 249.988 76.6926 74.4803 66.6144 35.3966 28.5139 66.1228 124.871 52.3574 43.5083 72.5138
internal_count=2370 1632 615 1017 312 303 271 144 116 269 508 213 177 295
is_linear=0
shrinkage=1


Tree=1
num_leaves=15
num_cat=0
split_feature=12 10 8 7 11 8 7 11 8 11 8 8 8 0
split_gain=762.271 133.054 80.1833 49.5025 24.2694 32.2673 11.1526 18.3755 25.7418 8.53808 7.82609 19.3063 8.43229 9.46721
threshold=1.0000000180025095e-35 -1.0000000180025095e-35 6.1976873197865601 1.0000000180025095e-35 5.5000000000000009 7.9235245104370504 1.0000000180025095e-35 5.5000000000000009 5.8172488563072333 2.5000000000000004 8.3922138067745564 6.6122601955619533 7.2454176853774586 53.500000000000007
decision_type=2 2 2 2 2 2 2 2 2 2 2 2 2 2
left_child=1 2 6 -3 -4 -6 -1 8 9 -8 11 -5 -13 -14
right_child=-2 3 4 10 5 -7 7 -9 -10 -11 -12 12 13 -15
leaf_value=0.046058136054058535 -0.085272003070887475 0.030674453390207621 0.10975878106692812 -0.048768159736110685 -0.016237240823429158 0.10975878106692812 -0.038471832921727477 -0.050330282040819962 0.099420645937462915 0.032678861792827189 -0.0500433803966902 0.041768372204158292 0.047436528682364372 -0.031649703707297305
leaf_weight=119.85079489648342 178.51102066040039 78.747211202979088 76.391300737857819 24.485449910163879 9.9209481477737445 10.416995555162428 8.4328059256076866 8.4328059256076795 9.6729244440793973 8.4328059256076795 22.757794708013535 12.740244790911673 5.1563526839017895 14.218773663043974
leaf_count=485 736 319 308 100 40 42 34 34 39 34 93 52 21 58
internal_value=0.000956643 0.0385314 0.0611223 0.00258851 0.0968361 0.0482973 0.0388092 0.0139661 0.0343967 -0.00289649 -0.025281 -0.0153247 0.0101733 -0.0106023
internal_weight=588.168 409.657 251.551 158.106 96.7292 20.3379 154.822 34.9713 26.5385 16.8656 79.3586 56.6008 32.1154 19.3751
internal_count=2395 1659 1016 643 390 82 626 141 107 68 324 231 131 79
is_linear=0
shrinkage=0.05


Tree=2
num_leaves=15
num_cat=0
split_feature=9 9 10 8 13 13 11 8 8 8 11 8 8 8
split_gain=423.41 131.586 110.687 119.427 64.7663 51.0534 25.8512 32.8805 23.4611 17.2184 10.9455 8.80444 12.1558 8.97851
threshold=1.5000000000000002 1.0000000180025095e-35 -1.0000000180025095e-35 5.9965779765059937 1.0000000180025095e-35 1.0000000180025095e-35 5.5000000000000009 7.9235245104370504 5.070228966457254 5.1695935808749196 4.5000000000000009 8.3922138067745564 6.6122601955619533 9.1742985502486309
decision_type=2 2 2 2 2 2 2 2 2 2 2 2 2 2
left_child=1 -1 3 5 9 8 -5 -8 -3 -4 -10 12 -11 -13
right_child=-2 2 4 6 -6 -7 7 -9 10 11 -12 13 -14 -15
leaf_value=-0.082388961694612461 -0.082388961694612461 -0.077703464118966836 -0.083192195321638518 0.10359465277816478 0.029817730019546174 0.036876525259933818 -0.020466428896979132 0.10354687692357543 -0.025971227595284585 -0.039705396551208139 0.048853815126608892 -0.085343484669508973 0.008160526463115856 -0.021114684643418893
leaf_weight=28.629266023635864 125.01446163654327 15.3849571198225 13.897399067878721 81.401712685823441 79.740348741412163 121.60783238708973 10.642719909548761 10.73738683760166 12.145341381430628 22.834586709737778 8.1785839945077878 9.7021866887807864 31.646321773529053 12.388856530189512
leaf_count=120 524 64 58 326 322 490 43 43 49 94 33 40 129 51
internal_value=-0.00081362 0.0214075 0.0283133 0.0488273 -0.00303443 0.0214417 0.0907435 0.0418148 -0.0311222 -0.0319906 0.00413924 -0.0226977 -0.0119015 -0.0493234
internal_weight=583.952 458.937 430.308 260.099 170.21 157.317 102.782 21.3801 35.7089 90.4694 20.3239 76.572 54.4809 22.091
internal_count=2386 1862 1742 1048 694 636 412 86 146 372 82 314 223 91
is_linear=0
shrinkage=0.05


Tree=3
num_leaves=15
num_cat=0
split_feature=12 10 8 8 8 0 8 8 8 1 1 8 8 8
split_gain=608.599 81.8841 79.6027 38.3711 8.07717 13.4569 7.08986 20.8501 6.04363 5.62596 6.5727 5.91012 5.55892 5.00294
threshold=1.0000000180025095e-35 -1.0000000180025095e-35 6.1909414538336796 1.0000000180025095e-35 1.0000000180025095e-35 60.500000000000007 6.6122601955619533 7.2454176853774586 5.7749088622029223 1.0000000180025095e-35 1.5000000000000002 8.4105228767977724 7.9235245104370504 5.8339127528637542
decision_type=2 2 2 2 2 2 2 2 2 2 2 2 2 2
left_child=1 2 4 -3 -1 -6 13 -8 -7 -9 11 -11 -4 -5
right_child=-2 3 12 6 5 8 7 9 -10 10 -12 -13 -14 -15
leaf_value=0.034611986579037572 -0.079834438057287738 0.028819196355278 0.074351184031667808 -0.023534886605685524 -0.039579405014921007 0.0032663123456580633 0.048145580730602516 -0.057889828543838617 0.05472561470988857 0.053590722341595454 -0.037930170979394655 -0.017012687321854032 0.098277834990419088 -0.069903880471939503
leaf_weight=121.4524580091238 168.04729373753071 78.718880578875542 48.368031620979309 13.240940839052202 10.637008622288702 11.630633294582369 11.594592452049254 11.333202987909315 11.200333267450331 4.9170567095279694 15.35959404706955 7.4625276178121567 48.735029324889183 10.375337883830069
leaf_count=488 718 317 194 55 43 47 47 47 45 20 63 31 195 43
internal_value=0.000159309 0.0333491 0.050866 0.00449552 0.0286188 0.00687009 -0.0212806 -0.0107346 0.028511 -0.0282071 -0.0160798 0.0110303 0.0863597 -0.0439062
internal_weight=573.073 405.026 252.023 153.002 154.92 33.468 74.2833 50.667 22.831 39.0724 27.7392 12.3796 97.1031 23.6163
internal_count=2353 1635 1012 623 623 135 306 208 92 161 114 51 389 98
is_linear=0
shrinkage=0.05


Tree=4
num_leaves=15
num_cat=0
split_feature=12 10 8 7 11 8 7 11 8 11 8 8 8 1
split_gain=584.544 88.0337 55.9598 35.7555 19.8334 23.8895 9.55554 18.0046 23.3244 32.0886 5.6034 13.5142 6.96144 5.7892
threshold=1.0000000180025095e-35 -1.0000000180025095e-35 6.2173589965874916 1.0000000180025095e-35 5.5000000000000009 7.9235245104370504 1.0000000180025095e-35 5.5000000000000009 5.9965779765059937 4.5000000000000009 6.2173589965874916 7.4424560799990749 5.8339127528637542 1.0000000180025095e-35
decision_type=2 2 2 2 2 2 2 2 2 2 2 2 2 2
left_child=1 2 6 -3 -4 -6 -1 8 9 -8 12 -12 -5 -13
right_child=-2 3 4 10 5 -7 7 -9 -10 -11 11 13 -14 -15
leaf_value=0.039832658470762082 -0.077546198404894698 0.026728902124798865 0.094266725442226945 -0.021971009089996805 -0.0193906553893449 0.093760545686655136 -0.042018515426379757 -0.054630078028189061 0.096006016501941877 0.10642368814183378 0.024239141289735418 -0.059790966787832384 -0.082069851232427021 -0.016863173576050841
leaf_weight=126.43725249171257 169.94731351733208 80.127132415771484 72.228918060660362 13.896177008748056 9.4531738758087176 9.2090368717908841 13.558120340108877 8.1722610741853696 8.9842344820499402 4.9770622104406348 17.18074081838131 10.974662393331526 7.3760739266872397 27.618672385811806
leaf_count=507 742 322 290 58 38 37 55 33 36 20 70 46 31 114
internal_value=0.000427705 0.0327331 0.0509894 0.00334386 0.0823945 0.0364448 0.0333833 0.0105368 0.0298889 -0.00215886 -0.0209763 -0.0126488 -0.0428101 -0.0290704
internal_weight=580.141 410.194 253.02 157.173 90.8911 18.6622 162.129 35.6917 27.5194 18.5352 77.0463 55.7741 21.2723 38.5933
internal_count=2399 1657 1016 641 365 75 651 144 111 75 319 230 89 160
is_linear=0
shrinkage=0.05


Tree=5
num_leaves=15
num_cat=0
split_feature=12 10 13 13 11 11 0 0 0 0 1 0 0 11
split_gain=523.856 88.1548 48.9688 25.3284 16.944 5.7064 5.39631 5.39518 4.8263 10.0781 5.04118 4.20627 5.58642 6.73929
threshold=1.0000000180025095e-35 -1.0000000180025095e-35 1.0000000180025095e-35 1.0000000180025095e-35 5.5000000000000009 4.5000000000000009 76.500000000000014 54.500000000000007 94.500000000000014 75.500000000000014 1.0000000180025095e-35 59.500000000000007 66.500000000000014 3.5000000000000004
decision_type=2 2 2 2 2 2 2 2 2 2 2 2 2 2
left_child=1 3 8 4 5 -1 -6 -5 9 -3 -11 -9 13 -13
right_child=-2 2 -4 7 6 -7 -8 11 -10 10 -12 12 -14 -15
leaf_value=0.065896289044870257 -0.075490780131992119 -0.037250506271252572 0.02799445409438724 0.048920192326065329 0.0098047163611761929 0.092345917364223207 0.057511310139391585 -0.0042896282110674823 -0.072977196084931154 -0.03806228279986746 0.016174950194135559 0.085203351246734685 0.023632045363682689 0.01241395669533866
leaf_weight=77.015671506524086 163.03939244151115 47.967326119542122 81.75703951716423 35.478105813264847 16.055987387895588 27.7360929697752 9.3967362791299802 10.240183204412459 5.4530637860298148 5.6724242120981243 17.506862640380859 8.745143309235571 64.672106862068176 4.9969295412302008
leaf_count=312 729 200 328 142 65 112 38 41 23 24 72 35 259 20
internal_value=0.000390179 0.0303678 0.00108145 0.0486023 0.0640086 0.0728996 0.0274172 0.0324424 -0.0276436 -0.024169 0.00290204 0.0258482 0.0297839 0.0587355
internal_weight=575.733 412.694 158.357 254.337 130.204 104.752 25.4527 124.132 76.5997 71.1466 23.1793 88.6544 78.4142 13.7421
internal_count=2400 1671 647 1024 527 424 103 497 319 296 96 355 314 55
is_linear=0
shrinkage=0.05


Tree=6
num_leaves=15
num_cat=0
split_feature=12 10 8 8 11 8 8 11 11 0 0 0 8 8
split_gain=470.635 72.2814 61.9354 41.951 21.7731 23.5351 8.37026 7.77425 21.3816 8.92405 7.15652 9.15855 8.49927 19.2629
threshold=1.0000000180025095e-35 -1.0000000180025095e-35 6.0528361735440361 1.0000000180025095e-35 5.5000000000000009 7.9235245104370504 1.0000000180025095e-35 4.5000000000000009 5.5000000000000009 60.500000000000007 65.500000000000014 44.500000000000007 6.4199248105956706 7.8240433591792327
decision_type=2 2 2 2 2 2 2 2 2 2 2 2 2 2
left_child=1 2 6 -3 -4 -6 -1 9 -9 -8 11 -5 -12 -14
right_child=-2 3 4 10 5 -7 7 8 -10 -11 12 -13 13 -15
leaf_value=0.030569505031016183 -0.073637561097364454 0.027617584820593719 0.087535358850193368 0.010195875217704115 -0.020176809270679733 0.088663202689510501 -0.072232541985033358 0.094838867879577515 -0.035281291274545379 0.0070033903075964318 -0.046802578358127851 -0.05013335970646382 0.056065325568291705 -0.031215618171342371
leaf_weight=120.94606909155846 155.84023690223694 78.366003006696701 79.837921842932701 7.7645252645015708 10.939575731754305 9.097155809402464 5.9073199331760433 6.2219292819499952 6.4093524515628815 8.9181907176971418 10.148001208901404 33.146072447299957 11.304239839315416 14.341688796877859
leaf_count=484 715 314 326 32 44 37 24 25 26 36 43 140 46 60
internal_value=0.000158502 0.0286708 0.0453987 0.00188856 0.07584 0.0292392 0.0249117 -1.06592e-05 0.0288134 -0.0245687 -0.0243978 -0.0386833 -0.00807012 0.00725617
internal_weight=559.188 403.348 248.278 155.071 99.8747 20.0367 148.403 27.4568 12.6313 14.8255 76.7045 40.9106 35.7939 25.6459
internal_count=2352 1637 1002 635 407 81 595 111 51 60 321 172 149 106
is_linear=0
shrinkage=0.05


Tree=7
num_leaves=15
num_cat=0
split_feature=12 10 7 7 11 0 11 0 0 0 0 0 0 0
split_gain=420.553 82.2643 32.1638 15.5411 20.8248 7.13302 5.21969 5.09794 11.031 4.57518 6.27002 5.91958 3.96667 5.32028
threshold=1.0000000180025095e-35 -1.0000000180025095e-35 1.0000000180025095e-35 1.0000000180025095e-35 5.5000000000000009 48.500000000000007 4.5000000000000009 70.500000000000014 77.500000000000014 65.500000000000014 44.500000000000007 93.500000000000014 64.500000000000014 48.500000000000007
decision_type=2 2 2 2 2 2 2 2 2 2 2 2 2 2
left_child=1 3 5 7 6 -3 12 -1 -9 10 -4 -11 13 -5
right_child=-2 2 9 4 -6 -7 -8 8 -10 11 -12 -13 -14 -15
leaf_value=0.040336300716977101 -0.071959951874283223 -0.016264413716447008 0.0057774932422277533 0.074337231801970591 0.015952427411030586 0.02538253548470434 0.08547986332589147 -0.023692503422626632 0.031743069376801276 -0.0029886494254229724 -0.046277581289336629 -0.053251560942741409 0.070955604266863856 0.033237095497533807
leaf_weight=68.225502103567123 150.33689983189106 11.974570512771605 7.037706345319747 12.081751778721808 25.283728703856468 72.706583708524704 27.110187828540802 11.488555252552031 40.996871173381805 30.437416911125183 32.491590887308121 7.2538549453020087 37.868115991353989 22.607554882764816
leaf_count=273 709 48 29 50 103 291 112 46 164 127 139 31 156 93
internal_value=-0.000482876 0.0258827 -0.00178812 0.0441189 0.0564796 0.0194933 0.0667605 0.0313239 0.0196088 -0.0251257 -0.0370098 -0.012662 0.0597663 0.0475516
internal_weight=557.901 407.564 161.902 245.662 124.951 84.6812 99.6676 120.711 52.4854 77.2206 39.5293 37.6913 72.5574 34.6893
internal_count=2371 1662 665 997 514 339 411 483 210 326 168 158 299 143
is_linear=0
shrinkage=0.05


Tree=8
num_leaves=15
num_cat=0
split_feature=12 10 8 7 7 0 8 0 0 0 0 8 8 8
split_gain=398.75 60.8345 46.3378 24.2646 10.0298 9.46002 6.40848 4.56539 4.42065 3.72823 6.90182 8.7233 15.5695 7.74055
threshold=1.0000000180025095e-35 -1.0000000180025095e-35 5.9965779765059937 1.0000000180025095e-35 1.0000000180025095e-35 48.500000000000007 7.9235245104370504 60.500000000000007 54.500000000000007 44.500000000000007 65.500000000000014 8.1111085370258902 6.4199248105956706 5.9166664450845596
decision_type=2 2 2 2 2 2 2 2 2 2 2 2 2 2
left_child=1 2 4 5 8 -3 -4 -6 -1 -5 -11 12 13 -12
right_child=-2 3 6 9 7 -7 -8 -9 -10 10 11 -13 -14 -15
leaf_value=0.045045077487726591 -0.070434350959969957 -0.021922433300420513 0.056469023158941471 0.0155352113499617 -0.03085552876089824 0.028158027771706243 0.082443404593777497 0.013428863391546621 0.023779260448098527 -0.038872852348339412 0.009099237085740142 -0.039849597951057109 0.046062317301694307 -0.077902412541657765
leaf_weight=33.956052422523499 147.25415706634521 10.96775048971176 49.898594334721565 7.301141992211341 10.302864626049997 67.239711508154869 45.309713557362556 13.375488147139547 87.181076720356941 32.400771662592888 4.967398405075075 13.199239045381544 13.522388845682142 5.267677366733551
leaf_count=136 715 44 207 30 42 269 190 54 349 140 21 56 55 23
internal_value=-0.000213287 0.0259721 0.0417358 0.00154027 0.0239227 0.0211348 0.0688303 -0.00584005 0.0297403 -0.0184501 -0.0220277 -0.00725923 0.0108474 -0.0356778
internal_weight=542.144 394.89 240.024 154.866 144.815 78.2075 95.2083 23.6784 121.137 76.6586 69.3575 36.9567 23.7575 10.2351
internal_count=2331 1616 978 638 581 313 397 96 485 325 295 155 99 44
is_linear=0
shrinkage=0.05


Tree=9
num_leaves=15
num_cat=0
split_feature=12 10 8 8 11 8 8 11 11 8 8 8 1 1
split_gain=375.464 55.4471 50.698 19.8316 12.2143 19.6519 7.67709 8.19841 16.2609 12.3712 5.41918 12.8182 7.89876 4.96713
threshold=1.0000000180025095e-35 -1.0000000180025095e-35 6.1260636086764171 1.0000000180025095e-35 5.5000000000000009 8.0030888834141631 1.0000000180025095e-35 5.5000000000000009 4.5000000000000009 5.8172488563072333 6.6122601955619533 7.2454176853774586 1.0000000180025095e-35 1.5000000000000002
decision_type=2 2 2 2 2 2 2 2 2 2 2 2 2 2
left_child=1 2 6 -3 -4 -6 -1 8 9 -8 -5 -12 -13 -14
right_child=-2 3 4 10 5 -7 7 -9 -10 -11 11 12 13 -15
leaf_value=0.027874995079980119 -0.069045186180597226 0.018540199533661858 0.079956000218214154 -0.036024558212662594 -0.016753070513174588 0.082084216890795092 -0.036016616554712021 -0.047057121992300679 0.086569860907731042 0.057939903000492232 0.03922124067935976 -0.055710855252345662 0.016739596595889843 -0.025843180453871462
leaf_weight=124.76794821023941 145.81793051958084 82.195674508810043 68.1429213732481 24.940417811274529 9.4802692830562609 10.711870655417441 12.608479648828515 7.1289416551589957 5.8241602778434745 4.8515416085720053 11.361276999115942 11.602519646286963 12.51947346329689 15.117653578519821
leaf_count=500 730 329 291 109 38 45 51 29 24 20 46 51 53 64
internal_value=-0.000332615 0.024638 0.039597 0.00154407 0.0698351 0.0356798 0.0223843 -0.000140981 0.0142234 -0.00990932 -0.0169492 -0.0075473 -0.0210885 -0.00655341
internal_weight=547.071 401.253 243.516 157.737 88.3351 20.1921 155.181 30.4131 23.2842 17.46 75.5413 50.6009 39.2396 27.6371
internal_count=2380 1650 998 652 374 83 624 124 95 71 323 214 168 117
is_linear=0
shrinkage=0.05


Tree=10
num_leaves=15
num_cat=0
split_feature=12 10 8 7 8 8 7 0 0 0 8 0 8 8
split_gain=350.476 51.1727 47.3508 22.0456 8.8547 9.05062 6.39127 9.7106 5.80177 6.88162 5.83286 8.22597 7.98528 4.8821
threshold=1.0000000180025095e-35 -1.0000000180025095e-35 6.2173589965874916 1.0000000180025095e-35 8.3922138067745564 8.170336791871895 1.0000000180025095e-35 60.500000000000007 65.500000000000014 47.500000000000007 6.4199248105956706 84.500000000000014 5.9166664450845596 5.7749088622029223
decision_type=2 2 2 2 2 2 2 2 2 2 2 2 2 2
left_child=1 2 6 -3 5 8 -1 -8 9 -5 12 -12 -10 -9
right_child=-2 3 -4 4 -6 -7 7 13 10 -11 11 -13 -14 -15
leaf_value=0.028136478929938903 -0.067774147913464131 0.020766757344823899 0.068943978100504663 0.014681276799459245 -0.043724708117564237 0.059135633094548723 -0.03524373154679282 -0.00061216938021847658 0.016812907585735941 -0.045169652273946884 0.060220321246089115 -0.015226579165250789 -0.074822634365748736 0.043140279358891698
leaf_weight=123.1404917538166 138.72331050038338 76.703927561640739 84.745321959257126 6.4945422112941769 22.280147656798363 4.8194862157106391 10.887610480189322 12.811625689268114 5.151986703276636 18.43683797121048 7.7001761347055417 6.8061317652463913 4.4144694954156876 12.692562460899351
leaf_count=494 717 307 366 27 98 20 45 52 22 81 31 28 20 53
internal_value=0.000642428 0.024544 0.0387404 0.00184975 -0.0172164 -0.00624342 0.022696 0.00428662 -0.0126734 -0.0295787 0.00483495 0.0248218 -0.0254726 0.0211619
internal_weight=535.809 397.085 244.278 152.808 76.1038 53.8236 159.532 36.3918 49.0041 24.9314 24.0728 14.5063 9.56646 25.5042
internal_count=2361 1644 1010 634 327 229 644 150 209 108 101 59 42 105
is_linear=0
shrinkage=0.05


Tree=11
num_leaves=15
num_cat=0
split_feature=12 10 8 8 11 8 8 11 11 8 8 8 8 8
split_gain=312.959 42.7319 53.3601 19.7229 15.3765 23.9401 7.15218 8.85709 16.2766 3.71521 7.83195 7.13189 4.55253 8.12073
threshold=1.0000000180025095e-35 -1.0000000180025095e-35 6.012670468053563 1.0000000180025095e-35 5.5000000000000009 7.9235245104370504 1.0000000180025095e-35 4.5000000000000009 5.5000000000000009 9.5335501127930069 8.4105228767977724 6.6122601955619533 7.4424560799990749 7.9235245104370504
decision_type=2 2 2 2 2 2 2 2 2 2 2 2 2 2
left_child=1 2 6 -3 -4 -6 -1 -8 -9 10 11 -5 -13 -14
right_child=-2 3 4 9 5 -7 7 8 -10 -11 -12 12 13 -15
leaf_value=0.021361641482854 -0.066609347978361114 0.018207122993106364 0.076038272825421541 -0.03373854707727314 -0.032616180947168685 0.077637254887188423 -0.033310989292559275 0.085862373993205468 -0.037748460467054629 0.01935247911352854 -0.056441818070607712 0.022545975766928766 -0.051532198199634151 0.019428337971900449
leaf_weight=126.18224859237671 135.14161595702171 78.936052605509758 70.406349807977676 23.495443761348724 9.2382043749094027 10.54209193587303 14.479477614164354 5.5663124322891218 5.1060235798358917 6.1728785783052436 12.761998102068899 15.028157830238344 7.9851163774728802 8.143735393881796
leaf_count=507 722 316 313 105 37 46 59 23 21 27 57 61 34 34
internal_value=-0.000951363 0.0215667 0.0346515 0.00084708 0.0650952 0.0261444 0.0165087 -0.00783774 0.0267226 -0.0177748 -0.0211744 -0.012939 0.00274587 -0.015703
internal_weight=529.186 394.044 241.521 152.523 90.1866 19.7803 151.334 25.1518 10.6723 73.5873 67.4145 54.6525 31.157 16.1289
internal_count=2362 1640 1006 634 396 83 610 103 44 318 291 234 129 68
is_linear=0
shrinkage=0.05


Tree=12
num_leaves=15
num_cat=0
split_feature=12 10 8 8 11 8 1 8 8 8 1 11 7 8
split_gain=289.87 39.7858 45.0415 12.7075 8.4762 10.2006 8.28441 4.60315 5.41377 4.25319 3.45767 3.43718 12.5888 10.2361
threshold=1.0000000180025095e-35 -1.0000000180025095e-35 6.2173589965874916 5.7019166628289293 5.5000000000000009 8.0692163366597622 1.0000000180025095e-35 6.2173589965874916 7.7638175068149291 7.0970056627574616 1.0000000180025095e-35 5.5000000000000009 1.0000000180025095e-35 5.8172488563072333
decision_type=2 2 2 2 2 2 2 2 2 2 2 2 2 2
left_child=1 2 11 10 -4 -6 -5 -8 9 -9 -3 13 -13 -1
right_child=-2 3 4 6 5 -7 7 8 -10 -11 -12 12 -14 -15
leaf_value=0.018697684619604915 -0.065539410776086091 0.026364049256596314 0.073881787288312489 -0.042675869787070178 -0.0025003047722103851 0.075554394821819415 -0.046182876528827708 -7.0199843079934028e-05 -0.012839100070886348 0.050325371661544285 0.0063178473617062601 0.019824505996234667 -0.057236628097627855 0.07364720059479743
leaf_weight=114.20113921165466 126.98027236759663 34.71748585999012 61.653888657689095 19.05201955139637 8.9904047250747698 7.8321432322263709 5.5749854743480673 8.7348382323980349 24.317177787423134 8.0406277179718 56.548002794384956 27.102794587612152 6.587967410683631 9.1545034348964673
leaf_count=461 702 140 282 86 36 35 26 36 105 33 229 109 27 40
internal_value=0.000126541 0.0213701 0.0343665 0.00187182 0.0652982 0.0338399 -0.0148921 -0.00354947 0.00223455 0.0240848 0.0139434 0.0189099 0.0047558 0.0227756
internal_weight=519.488 392.508 235.523 156.985 78.4764 16.8225 65.7196 46.6676 41.0926 16.7755 91.2655 157.046 33.6908 123.356
internal_count=2347 1645 990 655 353 71 286 200 174 69 369 637 136 501
is_linear=0
shrinkage=0.05


Tree=13
num_leaves=15
num_cat=0
split_feature=12 10 8 7 11 8 7 0 0 8 0 0 8 8
split_gain=285.373 42.7781 41.818 18.3073 7.87569 13.7029 5.92887 8.55591 5.6957 5.02592 4.52577 6.28122 5.80112 11.7098
threshold=1.0000000180025095e-35 -1.0000000180025095e-35 6.1776030915515019 1.0000000180025095e-35 5.5000000000000009 7.9235245104370504 1.0000000180025095e-35 60.500000000000007 96.500000000000014 5.2333895699074224 65.500000000000014 44.500000000000007 8.1111085370258902 6.4199248105956706
decision_type=2 2 2 2 2 2 2 2 2 2 2 2 2 2
left_child=1 2 6 8 -4 -6 -1 -8 -3 -9 11 -5 13 -12
right_child=-2 3 4 10 5 -7 7 9 -10 -11 12 -13 -14 -15
leaf_value=0.024624437006140625 -0.064553462049639868 0.02148184761792921 0.07224811186166695 0.010866924891664253 -0.010598938901527783 0.073803363178789036 -0.039114990287563774 -0.024493115005927154 -0.033661626362673724 0.031172594446922448 -0.033055234533970475 -0.038397394886566454 -0.031091159414199539 0.037977704681826367
leaf_weight=120.85125397145748 127.12420666217804 75.375906571745872 63.459062442183495 8.1901249140501005 8.7344916015863436 10.699737459421156 9.5913785398006457 5.3733417093753841 4.992913380265235 16.525798842310905 9.4501900523901003 30.810955703258514 12.700130105018614 15.028622835874556
leaf_count=487 728 302 298 34 35 49 40 22 20 70 43 139 56 61
internal_value=0.000540476 0.0216619 0.03514 0.00140913 0.0637192 0.0358697 0.0195893 0.000265968 0.0180561 0.017514 -0.0161531 -0.028052 -0.00367109 0.010555
internal_weight=518.908 391.784 235.235 156.549 82.8933 19.4342 152.342 31.4905 80.3688 21.8991 76.18 39.0011 37.1789 24.4788
internal_count=2384 1656 1001 655 382 84 619 132 322 92 333 173 160 104
is_linear=0
shrinkage=0.05


Tree=14
num_leaves=15
num_cat=0
split_feature=12 10 8 7 8 0 0 8 8 8 0 8 8 8
split_gain=252.126 34.7995 39.2309 19.0375 7.71362 5.07673 5.46365 4.94842 4.4205 9.00269 6.45427 8.90848 6.36867 6.35023
threshold=1.0000000180025095e-35 -1.0000000180025095e-35 5.9965779765059937 1.0000000180025095e-35 5.3283627836756713 48.500000000000007 95.500000000000014 7.8955828371541141 8.3922138067745564 7.9235245104370504 65.500000000000014 6.4199248105956706 9.306595269852231 5.9166664450845596
decision_type=2 2 2 2 2 2 2 2 2 2 2 2 2 2
left_child=1 2 4 5 -1 -3 -7 -4 9 10 -5 13 -10 -12
right_child=-2 3 7 8 -6 6 -8 -9 12 -11 11 -13 -14 -15
leaf_value=0.01959503858607968 -0.063643969896544306 -0.013600609061741277 0.046400361522068771 -0.03727320528597871 -0.017479567584792161 0.026755763809751733 -0.02636408764940076 0.070659563447337745 -0.063537888086951266 0.038221535301666359 0.0054509304058540098 0.027907939535446059 -0.0058211064796792264 -0.070871238574604201
leaf_weight=134.51415447890759 121.43143145740032 11.245444044470785 42.562076047062874 23.637608200311661 15.663254767656325 62.829538017511368 5.2447930574417105 41.534436151385307 10.875351443886759 8.1129731982946378 5.3305830061435717 12.81643086671829 8.5269778370857221 5.5765077024698257
leaf_count=544 721 45 195 106 65 252 21 201 51 34 23 52 38 27
internal_value=-0.000758756 0.0188985 0.0310394 0.000452434 0.0157282 0.0175219 0.0226631 0.0583817 -0.01763 -0.0104452 -0.0187818 -0.000357333 -0.0381724 -0.0335706
internal_weight=509.902 388.47 234.274 154.196 150.177 79.3198 68.0743 84.0965 74.8764 55.4741 47.3611 23.7235 19.4023 10.9071
internal_count=2375 1654 1005 649 609 318 273 396 331 242 208 102 89 50
is_linear=0
shrinkage=0.05


Tree=15
num_leaves=15
num_cat=0
split_feature=12 10 8 8 11 8 7 8 8 0 0 11 1 0
split_gain=243.203 29.044 43.6068 13.366 8.67746 11.1681 5.36804 5.8684 6.95263 6.81878 5.17872 5.56085 4.47089 8.87709
threshold=1.0000000180025095e-35 -1.0000000180025095e-35 6.1909414538336796 8.3922138067745564 5.5000000000000009 7.9235245104370504 1.0000000180025095e-35 6.2173589965874916 5.8339127528637542 60.500000000000007 95.500000000000014 2.5000000000000004 1.0000000180025095e-35 61.500000000000007
decision_type=2 2 2 2 2 2 2 2 2 2 2 2 2 2
left_child=1 2 10 6 -4 -6 -3 8 9 -8 11 12 13 -1
right_child=-2 3 4 -5 5 -7 7 -9 -10 -11 -12 -13 -14 -15
leaf_value=-0.054194506842489124 -0.062802628904001498 0.015664922595725068 0.06951147688428419 -0.03927961612267919 -0.0092908416636549775 0.070687713427923071 -0.052982641975639816 0.0080810270410686912 -0.068879750808789872 0.022390980201568003 0.047220199476701037 0.020654331500448757 0.010778388513993892 0.010493008705140569
leaf_weight=9.3543736785650271 118.80211299657822 75.733247384428978 60.702492907643318 17.588396355509758 8.9933726042509097 8.4811222702264768 4.7723447084426907 31.106260016560555 6.5511211752891532 8.0823510587215406 11.403314888477324 82.831432893872261 39.450110763311386 12.247418388724325
leaf_count=38 732 304 301 82 36 41 22 131 33 36 47 338 161 50
internal_value=-0.000414854 0.0192296 0.0301183 0.00155556 0.0605738 0.0295262 0.00724468 -0.00537988 -0.0269568 -0.00559171 0.0147859 0.0122154 0.000765991 -0.0175191
internal_weight=496.099 377.297 233.464 143.834 78.177 17.4745 126.245 50.5121 19.4058 12.8547 155.287 143.883 61.0519 21.6018
internal_count=2352 1620 1012 608 378 77 526 222 91 58 634 587 249 88
is_linear=0
shrinkage=0.05


Tree=16
num_leaves=15
num_cat=0
split_feature=12 10 13 13 11 0 11 0 0 0 1 11 0 0
split_gain=223.433 31.1548 14.855 12.764 13.0656 6.37328 4.31099 3.68171 4.83822 8.51351 5.3763 4.03536 3.31695 3.2646
threshold=1.0000000180025095e-35 -1.0000000180025095e-35 1.0000000180025095e-35 1.0000000180025095e-35 5.5000000000000009 51.500000000000007 4.5000000000000009 96.500000000000014 70.500000000000014 77.500000000000014 1.0000000180025095e-35 3.5000000000000004 74.500000000000014 60.500000000000007
decision_type=2 2 2 2 2 2 2 2 2 2 2 2 2 2
left_child=1 3 -3 4 6 -4 13 8 10 12 11 -5 -10 -1
right_child=-2 2 5 7 -6 -7 -8 -9 9 -11 -12 -13 -14 -15
leaf_value=0.029624434658797733 -0.062022791723602699 -0.016381427908269474 -0.012942787796209061 -0.015256437258091124 0.010050153107858147 0.021896220297011781 0.071221319700392846 0.049586717301159607 -0.0028266621920735604 0.016563967771831608 0.035342275454797949 0.025198318027727998 -0.05417645502311666 0.053950924458992779
leaf_weight=21.898801028728485 114.23252195119858 71.930111214518547 16.469432294368744 11.652959033846857 24.318872734904289 64.686096578836441 21.204999834299088 8.863910183310507 5.7181259989738447 35.845566689968109 43.457677006721497 13.087368756532667 6.9882678091526031 37.252522066235542
leaf_count=106 731 322 66 47 108 260 105 36 23 145 177 53 28 181
internal_value=-0.0006441 0.0176446 0.000162672 0.0292659 0.0421609 0.0148261 0.0518789 0.0185203 0.0161617 0.00409833 0.0247498 0.0061437 -0.031068 0.0449449
internal_weight=497.607 383.375 153.086 230.289 104.675 81.1555 80.3563 125.614 116.75 48.552 68.198 24.7403 12.7064 59.1513
internal_count=2388 1657 648 1009 500 326 392 509 473 196 277 100 51 287
is_linear=0
shrinkage=0.05


Tree=17
num_leaves=15
num_cat=0
split_feature=12 10 13 13 11 11 0 0 0 0 1 0 0 0
split_gain=208.082 28.3101 11.7832 10.5084 15.4268 4.7567 4.57137 4.69082 3.22611 6.45238 4.3314 4.32152 3.1455 2.44121
threshold=1.0000000180025095e-35 -1.0000000180025095e-35 1.0000000180025095e-35 1.0000000180025095e-35 5.5000000000000009 4.5000000000000009 51.500000000000007 96.500000000000014 60.500000000000007 44.500000000000007 1.0000000180025095e-35 93.500000000000014 45.500000000000007 53.500000000000007
decision_type=2 2 2 2 2 2 2 2 2 2 2 2 2 2
left_child=1 3 8 4 5 -1 12 -8 9 -3 -10 -12 -4 -11
right_child=-2 2 6 -5 -6 -7 7 -9 10 13 11 -13 -14 -15
leaf_value=0.042189692055099509 -0.061300252382868528 0.0090541934546643759 0.012939925204352547 0.017604589901421462 0.0046195471527575912 0.069426428609680138 0.023226643894925913 -0.024168005794191399 -0.030089582451893651 -0.032452087844000561 0.011761760279105088 -0.035762329896572104 -0.031926694529641156 -0.07167952776045465
leaf_weight=60.288662612438202 110.81554938852787 7.3881013542413738 7.2450314760208121 124.72800029814243 25.067844539880753 21.83605469763279 57.101613581180573 5.7460723966360083 14.531915619969366 10.779286608099939 25.660487130284313 5.8795777112245551 8.4773742556571943 6.2748867869377127
leaf_count=296 737 31 29 507 110 112 230 23 69 50 111 27 34 30
internal_value=-0.000995858 0.0165437 -0.000455506 0.0274712 0.038952 0.0494316 0.0128612 0.0188934 -0.0152935 -0.0299767 -0.00750378 0.0029025 -0.0112517 -0.0468854
internal_weight=491.82 381.005 149.084 231.921 107.193 82.1247 78.5701 62.8477 70.5143 24.4423 46.072 31.5401 15.7224 17.0542
internal_count=2396 1659 634 1025 518 408 316 253 318 111 207 138 63 80
is_linear=0
shrinkage=0.05


Tree=18
num_leaves=15
num_cat=0
split_feature=12 8 11 11 7 0 0 0 11 8 8 8 0 8
split_gain=198.319 12.4754 21.5116 30.0699 11.1639 9.29865 6.2732 9.02372 6.21879 12.5822 5.68778 5.54815 3.82109 3.3224
threshold=1.0000000180025095e-35 6.2173589965874916 1.5000000000000002 2.5000000000000004 1.0000000180025095e-35 60.500000000000007 63.500000000000007 74.500000000000014 5.5000000000000009 7.9235245104370504 5.4601630815722784 7.2454176853774586 92.500000000000014 7.0109547125351046
decision_type=2 2 2 2 2 2 2 2 2 2 2 2 2 2
left_child=1 4 -3 11 -1 -6 -7 -8 -5 -10 -9 13 -12 -4
right_child=-2 2 3 8 5 6 7 10 9 -11 12 -13 -14 -15
leaf_value=0.015950060043799813 -0.060627867812762172 0.066881852129159355 0.0032049276911908552 0.065891566743185623 -0.040357129402356855 0.047239695792932815 -0.050398155867828746 0.061496187810904435 -0.016472336384388823 0.068928664062252051 0.016539364013604983 -0.016662845935720674 -0.034894565905225196 0.052757550227095155
leaf_weight=205.41078712046146 104.66696122288704 29.974007204174995 10.924948424100874 25.012622371315956 16.968070313334465 6.9556142389774314 8.0834136903285998 4.5255693197250393 8.4977710694074649 8.7578559815883619 9.9270313680171949 38.180105581879616 5.6754930764436713 4.8997683972120276
leaf_count=833 724 159 46 137 76 31 36 19 34 44 46 173 26 20
internal_value=0.000379332 0.017017 0.0298926 0.0183762 0.0107056 -0.00995762 0.00471009 -0.00577569 0.0499621 0.0268718 0.0121446 -0.00634528 -0.00216997 0.0185478
internal_weight=488.46 383.793 126.247 96.2731 257.546 52.1352 35.1671 28.2115 42.2682 17.2556 20.1281 54.0048 15.6025 15.8247
internal_count=2404 1680 613 454 1067 234 158 127 215 78 91 239 72 66
is_linear=0
shrinkage=0.05


Tree=19
num_leaves=15
num_cat=0
split_feature=12 10 8 7 7 8 0 0 8 1 8 8 8 0
split_gain=174.237 28.1242 33.6095 5.13572 4.86678 4.93268 3.91353 4.53415 5.9001 6.01046 4.60319 4.5734 6.89686 4.29699
threshold=1.0000000180025095e-35 -1.0000000180025095e-35 6.1976873197865601 1.0000000180025095e-35 1.0000000180025095e-35 5.1695935808749196 44.500000000000007 60.500000000000007 9.306595269852231 1.0000000180025095e-35 7.2454176853774586 7.1140501386612653 8.4105228767977724 81.500000000000014
decision_type=2 2 2 2 2 2 2 2 2 2 2 2 2 2
left_child=1 2 4 -3 -1 -6 -5 11 9 10 -9 -8 -13 -11
right_child=-2 3 -4 6 5 -7 7 8 -10 13 -12 12 -14 -15
leaf_value=0.017465524970390452 -0.060003281363520157 0.0066999907168666401 0.054708775013649014 0.022506312322356309 -0.052689819771118099 0.0034957251547273215 -0.071549584469215985 -0.0076722988386451994 0.046220965973166488 0.016189569861276339 -0.070850808618479602 0.026895650798279803 -0.053474018942896107 -0.023191639399681996
leaf_weight=118.10912150144577 98.493665307760239 79.8683061003685 70.366463169455528 7.3709945231676093 4.5689304023981121 26.938013210892677 6.3493734151124981 5.0463654398918134 4.5671492069959632 15.68024565279484 6.7255616933107376 4.7672126740217191 6.065912663936615 12.407813578844069
leaf_count=482 709 322 375 31 19 116 31 24 21 69 33 21 30 54
internal_value=-0.000923293 0.0148536 0.0262109 -0.00193127 0.0128079 -0.00465193 -0.0119249 -0.0160442 -0.00760868 -0.0137765 -0.0437676 -0.0378552 -0.0181066 -0.00120696
internal_weight=467.325 368.831 219.983 148.849 149.616 31.5069 68.9806 61.6096 44.4271 39.86 11.7719 17.1825 10.8331 28.0881
internal_count=2337 1628 992 636 617 135 314 283 201 180 57 82 51 123
is_linear=0
shrinkage=0.05


Tree=20
num_leaves=15
num_cat=0
split_feature=12 10 11 7 7 11 1 0 0 0 0 0 0 1
split_gain=165.521 22.6087 10.5086 13.59 10.0054 5.34129 3.88813 3.69425 3.45818 4.20169 4.51124 2.88963 3.59933 3.66362
threshold=1.0000000180025095e-35 -1.0000000180025095e-35 5.5000000000000009 1.0000000180025095e-35 1.0000000180025095e-35 4.5000000000000009 1.0000000180025095e-35 44.500000000000007 74.500000000000014 48.500000000000007 60.500000000000007 47.500000000000007 76.500000000000014 1.0000000180025095e-35
decision_type=2 2 2 2 2 2 2 2 2 2 2 2 2 2
left_child=1 2 3 -1 6 8 -3 -6 9 -5 -11 -4 13 -13
right_child=-2 4 11 5 7 -7 -8 -9 -10 10 -12 12 -14 -15
leaf_value=0.017080968143089601 -0.059420194165720898 0.024886628909001722 0.034020214706780287 0.055575850304060009 0.018924550761335854 0.067695208270979731 0.0022213256486104615 -0.019047195622998697 0.052511816836031733 -0.0063778199544434174 0.036918868971862355 0.013303846812068122 0.016553178138466598 -0.026502105157586754
leaf_weight=93.63162761926651 97.649994671344757 30.37692479789257 6.8194305002689353 9.4921095818281156 7.1404849290847769 19.982967734336853 50.175662741065025 62.219966903328896 23.140587389469147 11.483272641897203 12.636968061327932 8.7813888937234896 17.397984534502029 16.913993954658508
leaf_count=383 732 123 30 52 30 110 202 288 122 56 64 37 75 72
internal_value=-0.00151399 0.0137606 0.0239541 0.0298652 -0.0012177 0.0454643 0.0107686 -0.0151381 0.0376367 0.0273958 0.016306 0.00377779 -0.001008 -0.0128984
internal_weight=467.843 370.193 220.28 170.368 149.913 76.7359 80.5526 69.3605 56.7529 33.6124 24.1202 49.9128 43.0934 25.6954
internal_count=2376 1644 1001 787 643 404 325 318 294 172 120 214 184 109
is_linear=0
shrinkage=0.05


Tree=21
num_leaves=15
num_cat=0
split_feature=12 10 8 11 8 0 1 0 0 8 8 8 0 11
split_gain=157.218 22.8217 31.3323 11.4836 15.6006 6.10403 6.46653 5.07733 4.71368 4.00724 7.02988 4.06868 4.2936 3.24188
threshold=1.0000000180025095e-35 -1.0000000180025095e-35 6.1976873197865601 5.5000000000000009 7.9235245104370504 58.500000000000007 1.5000000000000002 45.500000000000007 96.500000000000014 7.1140501386612653 8.4501217817757119 5.0409671644751093 48.500000000000007 5.5000000000000009
decision_type=2 2 2 2 2 2 2 2 2 2 2 2 2 2
left_child=1 2 13 -4 -5 6 9 -8 -7 11 -11 12 -3 -1
right_child=-2 5 3 4 -6 8 7 -9 -10 10 -12 -13 -14 -15
leaf_value=0.015531448928383216 -0.058877196205096106 -0.035225964905238986 0.064013652048583516 -0.028645891937040598 0.066617224733656236 0.010029006094791626 -0.0011961069770177715 -0.053536413277217212 -0.029927170517274226 0.068648967475849518 -0.015177673353237622 -0.051938319365974539 0.015462151990017915 -0.0018377018884404564
leaf_weight=117.38527643680573 92.446015015244484 6.2489191293716493 51.590945884585381 8.9962559193372744 8.2285763025283796 86.333925440907478 6.9247924536466625 14.00283372402191 8.0713716447353345 4.8798415213823301 5.1306739747524261 5.0331618934869757 12.605251654982565 34.837366819381714
leaf_count=489 722 25 303 36 44 371 28 63 35 21 24 25 51 143
internal_value=-0.000548932 0.014014 0.0242136 0.0522116 0.0168628 -0.00109336 -0.0143629 -0.0362174 0.00661287 -0.000870541 0.0256854 -0.0119994 -0.00133763 0.0115564
internal_weight=462.715 370.269 221.038 68.8158 17.2248 149.231 54.8255 20.9276 94.4053 33.8978 10.0105 23.8873 18.8542 152.223
internal_count=2380 1658 1015 383 80 643 237 91 406 146 45 101 76 632
is_linear=0
shrinkage=0.05


Tree=22
num_leaves=15
num_cat=0
split_feature=9 9 10 8 13 8 0 0 0 0 8 8 13 8
split_gain=100.622 26.5311 18.665 34.134 5.43723 10.5956 6.5736 5.02715 6.16562 4.02518 4.50122 5.46367 4.19054 3.92808
threshold=1.5000000000000002 1.0000000180025095e-35 -1.0000000180025095e-35 6.2173589965874916 1.0000000180025095e-35 5.1695935808749196 60.500000000000007 65.500000000000014 96.500000000000014 70.500000000000014 8.1111085370258902 6.4199248105956706 1.0000000180025095e-35 7.9235245104370504
decision_type=2 2 2 2 2 2 2 2 2 2 2 2 2 2
left_child=1 -1 3 4 5 -3 -7 -4 9 -9 11 12 -11 -5
right_child=-2 2 7 13 -6 6 -8 8 -10 10 -12 -13 -14 -15
leaf_value=-0.058367082140362486 -0.058367082140362486 -0.052035882468519569 -0.011372963440001334 0.038879850035424587 0.013552976270484546 -0.026502563337897148 0.025081849759771548 0.037852302460291733 -0.034284739126084186 -0.022942109800901445 -0.023498167025012909 0.044953889315147016 0.01398780140526135 0.063358090323475377
leaf_weight=13.999517664313315 64.225857354700565 10.113478988409041 71.754559427499771 32.383555725216866 118.03424988687038 9.2978575080633181 18.393912643194199 12.08909536898136 8.1755235791206342 10.534203380346296 10.503803580999373 10.292316049337385 28.367344468832016 33.183415114879608
leaf_count=114 523 65 318 175 485 40 82 53 37 59 49 42 115 201
internal_value=-0.000406939 0.00920897 0.0117444 0.0210016 0.0082674 -0.00823503 0.00776174 -0.00176499 0.00685678 0.0115422 0.0062143 0.0125585 0.0039875 0.0512683
internal_weight=451.349 387.123 373.123 221.406 155.839 37.8052 27.6918 151.717 79.9623 71.7868 59.6977 49.1939 38.9015 65.567
internal_count=2358 1835 1721 1048 672 187 122 673 355 318 265 216 174 376
is_linear=0
shrinkage=0.05


Tree=23
num_leaves=15
num_cat=0
split_feature=12 8 11 11 7 8 8 11 8 8 8 8 11 11
split_gain=138.016 12.0718 19.5824 16.7347 8.81017 9.68414 8.68572 8.13705 13.2684 7.1736 5.46087 4.60025 4.11236 6.11713
threshold=1.0000000180025095e-35 6.2173589965874916 1.5000000000000002 2.5000000000000004 1.0000000180025095e-35 5.1695935808749196 5.3283627836756713 5.5000000000000009 8.0030888834141631 7.4424560799990749 7.0638297761390536 5.4729041365497944 5.5000000000000009 2.5000000000000004
decision_type=2 2 2 2 2 2 2 2 2 2 2 2 2 2
left_child=1 4 -3 9 -1 -6 -7 -5 -9 10 -4 -8 13 -13
right_child=-2 2 3 7 5 6 11 8 -10 -11 -12 12 -14 -15
leaf_value=0.010402982704558729 -0.057921502475841213 0.062777042500878469 0.0026083796643247923 0.061823211159439798 -0.065748927644612182 0.046189333834061791 -0.054671314509363335 -0.027391643549346464 0.064487186151642353 -0.016165878910841598 0.059853227308840067 -0.013017878159342886 -0.048094769361204326 0.042697324395675459
leaf_weight=198.16022764146328 87.707554019987583 26.677478864789009 12.299466580152513 20.01421269774437 7.4274345636367789 7.1988130509853354 5.8240291327238074 8.7450530380010587 7.1357166618108741 36.429180905222893 6.3000653833150855 18.092139706015594 4.8693090230226508 6.7699965983629218
leaf_count=810 743 165 52 130 32 31 26 35 41 170 26 88 20 32
internal_value=-0.00158854 0.0119131 0.0251099 0.0140581 0.00566382 -0.0130504 -0.00389546 0.0406175 0.0138923 -0.00326645 0.0219985 -0.014036 -0.00607602 0.00215345
internal_weight=453.651 365.943 117.601 90.9237 248.342 50.1817 42.7543 35.895 15.8808 55.0287 18.5995 35.5555 29.7314 24.8621
internal_count=2401 1658 619 454 1039 229 197 206 76 248 78 166 140 120
is_linear=0
shrinkage=0.05


Tree=24
num_leaves=15
num_cat=0
split_feature=9 9 10 8 13 8 13 8 8 0 0 0 8 8
split_gain=86.1129 25.1327 17.6421 29.0245 7.66894 8.78579 7.55665 8.95407 6.13678 6.12803 7.76865 5.5955 5.42148 8.66512
threshold=1.5000000000000002 1.0000000180025095e-35 -1.0000000180025095e-35 6.1628348327876354 1.0000000180025095e-35 5.1695935808749196 1.0000000180025095e-35 5.1695935808749196 5.3283627836756713 93.500000000000014 65.500000000000014 60.500000000000007 6.4199248105956706 8.1111085370258902
decision_type=2 2 2 2 2 2 2 2 2 2 2 2 2 2
left_child=1 -1 3 6 5 -4 7 -3 -7 10 -10 -9 -12 -14
right_child=-2 2 4 -5 -6 8 -8 11 9 -11 12 -13 13 -15
leaf_value=-0.057448531337165154 -0.057448531337165154 -0.050076700707561761 -0.062810855905189242 0.049036894726961613 0.0091530862872209861 0.058977883010963683 0.014691373898096381 -0.027960840661483508 -0.021983199513946478 -0.064707133924092358 -0.031893770539744591 0.022304062307246519 0.057331857816839575 -0.0072883109323383715
leaf_weight=13.879951938986776 56.64825913310051 10.638437271118162 7.9543913975358 62.581268221139908 79.059673592448235 3.3242332935333243 116.17693591117859 8.474946469068529 34.06748953461647 4.8549019843339911 5.0864538252353695 15.969634696841238 10.599382296204569 10.160855606198309
leaf_count=123 502 72 58 377 320 15 479 36 163 23 25 71 43 47
internal_value=8.81651e-05 0.00860204 0.0110869 0.0203987 -0.00175094 -0.0130868 0.00855006 -0.0117868 -0.00727828 -0.0106788 -0.00630088 0.0048772 0.0143694 0.0257043
internal_weight=439.477 382.829 368.949 213.841 155.107 76.0477 151.26 35.083 68.0933 64.7691 59.9142 24.4446 25.8467 20.7602
internal_count=2354 1852 1729 1035 694 374 658 179 316 301 278 107 115 90
is_linear=0
shrinkage=0.05


Tree=25
num_leaves=15
num_cat=0
split_feature=12 10 8 11 8 0 0 8 8 0 8 7 11 11
split_gain=127.282 19.0414 24.783 12.6803 12.9343 6.7943 3.97544 6.96201 6.80835 6.25098 6.37301 3.0486 10.9809 10.1859
threshold=1.0000000180025095e-35 -1.0000000180025095e-35 6.0797180456486251 5.5000000000000009 7.9235245104370504 96.500000000000014 65.500000000000014 9.1742985502486309 8.3922138067745564 70.500000000000014 8.9232888462075426 1.0000000180025095e-35 4.5000000000000009 5.5000000000000009
decision_type=2 2 2 2 2 2 2 2 2 2 2 2 2 2
left_child=1 2 11 -4 -5 6 7 8 -3 -8 -11 -1 -13 -14
right_child=-2 5 3 4 -6 -7 9 -9 -10 10 -12 12 13 -15
leaf_value=0.014737013505709077 -0.057056399536304564 -0.0063010233356101042 0.061557905487998658 -0.029378410657767442 0.063028374413186955 -0.043781695000926324 0.047410476198594689 0.050735938634546056 -0.068178899162324946 0.0091557910433390111 -0.051111250785751863 -0.032185639005511989 0.076564287358547589 -0.021197824629378796
leaf_weight=119.97943049669266 79.109380677342415 59.338753700256348 47.916074678301811 8.9845711439847928 6.5457126498222342 8.6296473592519742 9.803092956542967 4.927580013871192 4.8054056018590918 54.585958749055862 4.7698774337768546 14.841645047068598 6.1215401738882047 4.7178012132644653
leaf_count=496 730 256 318 36 40 38 41 24 25 231 23 62 28 20
internal_value=0.000310474 0.0130596 0.0227509 0.0488322 0.00956925 -0.000739375 0.00194773 -0.00653692 -0.0109366 0.0104217 0.00431269 0.0113904 -0.00424453 0.0340135
internal_weight=435.076 355.967 209.107 63.4464 15.5303 146.86 138.231 69.0717 64.1442 69.1589 59.3558 145.66 25.681 10.8393
internal_count=2368 1638 1000 394 76 638 600 305 281 295 254 606 110 48
is_linear=0
shrinkage=0.05


Tree=26
num_leaves=15
num_cat=0
split_feature=12 8 8 8 8 8 8 8 7 0 8 0 8 0
split_gain=112.407 5.045 6.64188 5.34337 8.82902 8.27516 4.6087 6.47481 5.82413 9.88633 5.26582 3.33376 3.50753 3.17771
threshold=1.0000000180025095e-35 7.9235245104370504 8.1111085370258902 7.4424560799990749 7.0638297761390536 7.2454176853774586 6.9781452719047961 6.7679075746260784 1.0000000180025095e-35 75.500000000000014 5.2529385639801509 81.500000000000014 5.5259504480689543 60.500000000000007
decision_type=2 2 2 2 2 2 2 2 2 2 2 2 2 2
left_child=1 3 -3 4 6 -6 7 8 -1 10 -10 -11 -13 -12
right_child=-2 2 -4 -5 5 -7 -8 -9 9 11 13 12 -14 -15
leaf_value=0.01267583103668765 -0.056667602641497443 0.090269151111473545 0.021261004922599799 -0.01987125823523864 0.084227093227176281 -0.0012591029237945823 -0.040999766360860418 0.053135379531381755 -0.056654166559062115 0.058243827232110523 -0.030110698430136935 0.036888302258709482 -0.0090770095686010591 0.0039782456460965244
leaf_weight=195.35912239551544 71.626708194613457 3.73710112273693 52.065763041377068 14.727826192975042 7.6748825311660749 4.4853189885616302 4.5076114833354941 8.4163060188293439 8.215948745608328 4.7573112249374416 12.244526445865633 7.3296258598566082 9.568194851279257 15.478274926543234
leaf_count=803 690 21 310 77 39 24 23 40 37 23 59 31 50 75
internal_value=0.000381459 0.0121044 0.0258825 0.0094782 0.0110329 0.0526953 0.00912738 0.00999188 0.0085564 -0.00541675 -0.0214972 0.0212703 0.010861 -0.0110781
internal_weight=420.195 348.568 55.8029 292.765 278.037 12.1602 265.877 261.369 252.953 57.5939 35.9388 21.6551 16.8978 27.7228
internal_count=2302 1612 331 1281 1204 63 1141 1118 1078 275 171 104 81 134
is_linear=0
shrinkage=0.05


Tree=27
num_leaves=15
num_cat=0
split_feature=12 10 8 7 0 0 0 7 8 8 0 0 0 0
split_gain=106.092 13.7084 25.7109 4.35944 4.33396 13.7524 5.65655 4.56431 6.66013 4.25903 2.97018 2.68372 5.05547 2.99047
threshold=1.0000000180025095e-35 -1.0000000180025095e-35 6.1976873197865601 1.0000000180025095e-35 95.500000000000014 92.500000000000014 87.500000000000014 1.0000000180025095e-35 5.635849483702855 7.9235245104370504 66.500000000000014 77.500000000000014 74.500000000000014 81.500000000000014
decision_type=2 2 2 2 2 2 2 2 2 2 2 2 2 2
left_child=1 2 4 -3 5 6 7 10 -9 -4 -1 12 -12 -13
right_child=-2 3 9 -5 -6 -7 -8 8 -10 -11 11 13 -14 -15
leaf_value=0.017955751887952107 -0.056299737663145548 0.0064360902191294735 0.033187625584655114 -0.010581224675644237 0.038448614190957811 -0.072089487739204636 0.049936373940819651 -0.047713635512311336 0.0072042800423281969 0.06027136912073338 0.0034453153958836449 0.037442989313828647 -0.054488511867722834 -6.9007008184408336e-05
leaf_weight=56.005641505122185 72.33820902556181 83.231141492724419 29.04336516559124 68.698024019598961 10.436217352747915 5.547238513827323 7.6750651448965064 9.0720602571964282 14.102851465344427 29.018876269459724 12.139357745647432 7.4783665537834194 5.4590011537075034 18.349110692739487
leaf_count=234 728 338 172 322 45 23 32 39 65 207 50 31 22 76
internal_value=-0.00109393 0.0101157 0.0185731 -0.00125865 0.00739826 0.00501255 0.00829547 0.00568878 -0.0142939 0.0467238 0.0103462 0.000532339 -0.0145257 0.0107926
internal_weight=428.595 356.256 204.327 151.929 146.265 135.829 130.281 122.606 23.1749 58.0622 99.4315 43.4258 17.5984 25.8275
internal_count=2384 1656 996 660 617 572 549 517 104 379 413 179 72 107
is_linear=0
shrinkage=0.05


Tree=28
num_leaves=15
num_cat=0
split_feature=12 10 8 11 8 8 11 7 8 8 8 8 0 8
split_gain=104.69 9.96004 22.0027 10.0348 21.8802 9.33695 9.20695 11.1381 4.42529 9.46991 6.68537 6.76651 4.54725 4.40394
threshold=1.0000000180025095e-35 -1.0000000180025095e-35 7.9235245104370504 5.5000000000000009 5.9965779765059937 5.8339127528637542 4.5000000000000009 1.0000000180025095e-35 7.4424560799990749 7.0638297761390536 5.8339127528637542 6.2173589965874916 51.500000000000007 7.9235245104370504
decision_type=2 2 2 2 2 2 2 2 2 2 2 2 2 2
left_child=1 2 3 4 6 -5 7 -1 9 10 12 -12 -3 -10
right_child=-2 8 -4 5 -6 -7 -8 -9 13 -11 11 -13 -14 -15
leaf_value=0.01209469609828407 -0.055953229735383594 -0.014300653460503229 0.059637852789296598 0.0040376248836895912 0.061938620913054701 -0.050056052113881346 0.076224388302393351 -0.034293638333198352 -0.04805035726827378 0.066309690999401941 -0.065796984225329799 -0.002912093751580763 0.01342679483607166 -0.0052984691074879848
leaf_weight=91.551719754934311 71.300637193024158 18.692635595798492 27.120855927467346 29.426743298768997 23.227653130888939 10.944018259644507 4.8146840184926978 15.069903075695036 7.8559762686491004 6.0350449234247199 6.635822772979739 12.037720203399656 70.763294205069542 25.828928381204605
leaf_count=382 750 78 202 123 154 44 22 63 36 25 37 52 295 124
internal_value=-0.000730864 0.0105187 0.0177319 0.0112388 0.0177937 -0.0106265 0.00859222 0.00553817 0.000655944 0.0053547 0.00195262 -0.0252588 0.00763289 -0.015269
internal_weight=421.306 350.005 202.156 175.035 134.664 40.3708 111.436 106.622 147.849 114.165 108.129 18.6735 89.4559 33.6849
internal_count=2387 1637 990 788 621 167 467 445 647 487 462 89 373 160
is_linear=0
shrinkage=0.05


Tree=29
num_leaves=15
num_cat=0
split_feature=12 11 11 8 8 11 11 8 7 8 7 0 0 0
split_gain=90.7029 7.32407 13.9422 23.5743 11.679 8.68863 9.12354 7.63304 5.31075 5.25728 5.06907 4.04777 3.55426 3.40585
threshold=1.0000000180025095e-35 2.5000000000000004 1.5000000000000002 5.9965779765059937 7.9235245104370504 5.5000000000000009 4.5000000000000009 1.0000000180025095e-35 1.0000000180025095e-35 5.8172488563072333 1.0000000180025095e-35 48.500000000000007 44.500000000000007 65.500000000000014
decision_type=2 2 2 2 2 2 2 2 2 2 2 2 2 2
left_child=1 2 3 7 5 6 9 -1 -7 -3 11 12 -4 -10
right_child=-2 4 10 -5 -6 8 -8 -9 13 -11 -12 -13 -14 -15
leaf_value=0.010179058101387518 -0.055630239394039299 0.010250317752117488 0.001148953306706257 0.060674759206928441 0.059255932448498187 0.0089227300046371832 0.066123417582607161 -0.037276837030933707 -0.051297414171011427 0.062644168745677534 -0.016470814890463741 0.0068509298054545368 -0.057119315043379998 -0.0063488456231224275
leaf_weight=54.40936253964901 66.034964218735695 46.784668236970901 5.4988206773996335 24.190575413405895 15.082417532801626 27.899417236447334 10.790713615715502 10.036405503749846 7.640539780259135 5.3336895108222953 68.456068187952042 65.949355989694595 4.9939846992492676 9.3983418345451337
leaf_count=227 726 196 22 173 116 116 68 42 32 35 323 269 20 38
internal_value=-0.00180466 0.00816652 0.00296667 0.0185868 0.0180449 0.0122815 0.0242763 0.00278856 -0.00450995 0.0156122 -0.0065884 0.00226157 -0.0265835 -0.0265046
internal_weight=422.499 356.464 233.535 88.6363 122.93 107.847 62.9091 64.4458 44.9383 52.1184 144.898 76.4422 10.4928 17.0389
internal_count=2403 1677 1076 442 601 485 299 269 186 231 634 311 42 70
is_linear=0
shrinkage=0.05


Tree=30
num_leaves=15
num_cat=0
split_feature=12 10 8 11 8 0 8 0 11 8 0 0 0 0
split_gain=95.9302 10.3128 21.7137 12.2827 10.3706 5.3296 4.96315 5.15119 4.50247 7.8844 5.73362 5.66103 8.3285 3.67746
threshold=1.0000000180025095e-35 -1.0000000180025095e-35 5.9965779765059937 5.5000000000000009 7.9235245104370504 44.500000000000007 5.3283627836756713 93.500000000000014 3.5000000000000004 5.0212933654631202 76.500000000000014 61.500000000000007 76.500000000000014 90.500000000000014
decision_type=2 2 2 2 2 2 2 2 2 2 2 2 2 2
left_child=1 2 5 -4 -5 -1 13 -8 9 -7 -11 -10 -13 -3
right_child=-2 6 3 4 -6 8 7 -9 11 10 -12 12 -14 -15
leaf_value=0.043886791743961401 -0.055326338712139406 0.0058930438722394592 0.059613499667628335 -0.021586436725335511 0.059946084776542667 0.0057872718811814985 -0.0037438169095663242 -0.051202886455726654 0.038269304342816099 -0.061423015735049748 0.0043980172469186294 -0.022165112918825274 0.026150399002575347 0.03659494577303276
leaf_weight=10.044092297554014 62.635235480964184 70.697699934244156 41.421731881797314 10.464880064129831 6.2172615975141516 62.621197625994682 60.466002717614174 6.3146416246891013 19.926436021924019 8.5043532252311689 5.4153910875320426 15.807127401232718 20.46954819560051 11.314355179667471
leaf_count=43 720 291 317 42 45 262 287 31 85 36 22 66 87 46
internal_value=0.00165852 0.0118656 0.0192554 0.0450245 0.00879989 0.00876931 0.00188834 -0.00823145 0.00611214 -0.00177866 -0.0358157 0.0168583 0.00509749 0.0101287
internal_weight=412.32 349.685 200.892 58.1039 16.6821 142.788 148.793 66.7806 132.744 76.5409 13.9197 56.2031 36.2767 82.0121
internal_count=2380 1660 1005 404 87 601 655 318 558 320 58 238 153 337
is_linear=0
shrinkage=0.05


Tree=31
num_leaves=15
num_cat=0
split_feature=12 10 11 7 7 1 11 11 1 10 1 7 1 11
split_gain=86.603 12.215 9.03264 12.2742 6.61202 3.60977 3.39537 3.16168 2.41682 1.17255 1.1513 0.67404 0.483813 2.37048
threshold=1.0000000180025095e-35 -1.0000000180025095e-35 5.5000000000000009 1.0000000180025095e-35 1.0000000180025095e-35 1.0000000180025095e-35 3.5000000000000004 4.5000000000000009 1.0000000180025095e-35 3.5000000000000004 1.0000000180025095e-35 1.0000000180025095e-35 1.5000000000000002 3.5000000000000004
decision_type=2 2 2 2 2 2 2 2 2 2 2 2 2 2
left_child=1 2 3 5 8 6 -1 -5 -3 -10 -6 -4 -7 -14
right_child=-2 4 11 7 10 12 -8 -9 9 -11 -12 -13 13 -15
leaf_value=-0.014520720712243709 -0.055038700729054514 0.020410903110043899 0.0046066936282061722 0.035281047119301905 -0.023593268259817713 0.023392535082954587 0.022547103979838366 0.061934652823053708 0.012865607041291298 -0.0035181898391809276 -0.0087572301882268885 -0.0073022054117972413 0.0063885216052248367 0.039671401531494468
leaf_weight=18.591842502355576 60.456073686480522 28.237180665135384 26.055985510349274 41.44097488373518 17.975032165646553 34.506345897912979 9.2521409243345278 15.209748968482016 16.511200293898582 32.251911967992783 47.984480455517769 21.841955780982971 21.653907254338268 7.105142578482627
leaf_count=77 727 116 109 283 91 146 39 115 67 131 224 108 91 30
internal_value=8.5822e-05 0.00992763 0.0180451 0.0241617 -0.00118212 0.0127982 -0.00220363 0.0424371 0.00877016 0.00202937 -0.0128003 -0.000823887 0.0194008 0.0146113
internal_weight=399.074 338.618 195.658 147.76 142.96 91.1094 27.844 56.6507 77.0003 48.7631 65.9595 47.8979 63.2654 28.759
internal_count=2354 1627 998 781 629 383 116 398 314 198 315 217 267 121
is_linear=0
shrinkage=0.05


Tree=32
num_leaves=15
num_cat=0
split_feature=12 10 8 8 8 8 8 8 8 8 8 0 0 0
split_gain=81.0668 8.43413 19.377 5.45952 5.18994 5.18269 3.79029 6.11051 3.62977 5.33814 3.48731 2.88833 2.83578 3.98999
threshold=1.0000000180025095e-35 -1.0000000180025095e-35 6.6122601955619533 7.4424560799990749 9.1742985502486309 7.0638297761390536 8.3922138067745564 7.9235245104370504 5.8339127528637542 6.2173589965874916 7.9235245104370504 60.500000000000007 48.500000000000007 49.500000000000007
decision_type=2 2 2 2 2 2 2 2 2 2 2 2 2 2
left_child=1 2 12 5 6 8 7 -5 -3 -10 -4 -6 -1 -14
right_child=-2 3 10 4 11 -7 -8 -9 9 -11 -12 -13 13 -15
leaf_value=0.024248873144262946 -0.054770311605069004 0.0065536000358019601 0.030341192054631396 -0.049628575765508415 -0.015264845936910014 0.050736812005773617 -0.059451859367636251 0.012799288034437915 -0.064058792577653151 -0.00021303170139688374 0.057838265993132021 0.040352218056047454 -0.048354252934780649 0.0060137972281435123
leaf_weight=21.293040663003922 57.798081435263157 92.081806153059006 22.671432338654995 7.381922289729121 4.4991768747568113 5.9472249001264563 7.6136065125465384 8.3576451539993268 4.7033905535936347 10.772006273269652 23.465289108455181 4.8516239374876022 3.466602995991706 127.17638527601957
leaf_count=96 727 386 151 35 22 25 42 36 28 47 203 23 15 554
internal_value=2.40315e-05 0.00922293 0.0159466 0.000114161 -0.0178856 0.00530043 -0.0304895 -0.0164796 0.00278809 -0.0196175 0.0443263 0.0135918 0.00732888 0.00457114
internal_weight=402.079 344.281 198.073 146.208 32.704 113.504 23.3532 15.7396 107.557 15.4754 46.1367 9.3508 151.936 130.643
internal_count=2390 1663 1019 644 158 486 113 71 461 75 354 45 665 569
is_linear=0
shrinkage=0.05


Tree=33
num_leaves=15
num_cat=0
split_feature=9 9 10 8 11 8 0 0 0 11 8 11 0 8
split_gain=47.4684 13.5182 10.4162 21.9703 9.82244 9.7506 5.51416 4.62093 9.22236 7.05199 7.26679 5.33594 5.15639 4.49761
threshold=1.5000000000000002 1.0000000180025095e-35 -1.0000000180025095e-35 6.2173589965874916 5.5000000000000009 7.9235245104370504 54.500000000000007 59.500000000000007 62.500000000000007 5.5000000000000009 6.012670468053563 2.5000000000000004 76.500000000000014 8.3922138067745564
decision_type=2 2 2 2 2 2 2 2 2 2 2 2 2 2
left_child=1 -1 3 6 -5 -6 -3 11 -9 10 -10 -8 -11 -4
right_child=-2 2 13 4 5 -7 7 8 9 12 -12 -13 -14 -15
leaf_value=-0.05449886965298642 -0.05449886965298642 0.019054933676040692 -0.002006706991424077 0.057554001135212286 -0.023315015553905832 0.058936671351839678 -0.061436383490276802 0.059539613559382587 0.00046737391402191971 -0.056650917080081131 0.062977315783484242 0.00047919415852816516 -0.0068953664973219059 -0.028940461531236691
leaf_weight=9.8455891013145429 39.458091706037521 40.261473119258881 128.83541779220104 32.366581253707409 9.237516060471533 5.9073315709829322 6.7337380647659284 6.3635260164737693 68.025746732950211 9.0229514390230197 4.9903350919485083 7.2010288387537003 12.313139632344244 17.619663968682289
leaf_count=130 521 181 584 287 37 46 31 28 304 40 31 33 56 92
internal_value=-0.00244615 0.00327942 0.00490996 0.0122586 0.0420028 0.00876771 0.00313614 -0.00245402 0.00127975 -0.00264955 0.00473966 -0.0294405 -0.0279368 -0.00524704
internal_weight=398.182 358.724 348.878 202.423 47.5114 15.1448 154.912 114.65 100.716 94.3522 73.0161 13.9348 21.3361 146.455
internal_count=2401 1880 1750 1074 370 83 704 523 459 431 335 64 96 676
is_linear=0
shrinkage=0.05


Tree=34
num_leaves=15
num_cat=0
split_feature=12 8 10 7 8 8 8 8 8 10 0 8 0 0
split_gain=74.0748 6.62765 15.7711 7.71011 6.89244 9.62939 6.13835 4.96258 4.21508 5.04183 4.89533 4.14883 4.1298 2.93396
threshold=1.0000000180025095e-35 6.2173589965874916 -1.0000000180025095e-35 1.0000000180025095e-35 5.1695935808749196 5.3283627836756713 7.2454176853774586 5.4729041365497944 5.8339127528637542 -1.0000000180025095e-35 76.500000000000014 7.9235245104370504 97.500000000000014 77.500000000000014
decision_type=2 2 2 2 2 2 2 2 2 2 2 2 2 2
left_child=1 3 11 12 -5 -6 -4 -7 10 -10 -9 -3 13 -1
right_child=-2 2 6 4 5 7 -8 8 9 -11 -12 -13 -14 -15
leaf_value=0.0058173910973893586 -0.054305907958771452 0.027085754218757904 0.026112205138538309 -0.06032521994510779 0.047242940416369561 -0.05832985454747798 -0.010739087420743183 -0.0090850153582936466 -0.002828012252456772 -0.063453061277528672 0.054002695506624891 0.057034228246282806 -0.03687238714319617 0.018942347748590545
leaf_weight=131.73066122829914 53.403309777379036 24.688698761165142 16.598442256450653 6.7253952473402014 7.1007049381732932 5.9297407716512671 35.401525646448135 9.4331337213516253 8.5541054606437648 5.7244557589292535 4.5619719624519339 21.753619141876698 4.8030185252428046 62.915588736534119
leaf_count=549 732 168 71 31 31 28 172 44 46 35 20 204 20 262
internal_value=0.000502444 0.00896376 0.0199371 0.00459877 -0.0133855 -0.00574251 0.00102388 -0.0167424 -0.00802042 -0.0271334 0.0114796 0.0411136 0.00892958 0.0100598
internal_weight=399.324 345.921 98.4423 247.479 48.0295 41.3041 52 34.2034 28.2737 14.2786 13.9951 46.4423 199.449 194.646
internal_count=2413 1681 615 1066 235 204 243 173 145 81 64 372 831 811
is_linear=0
shrinkage=0.05


Tree=35
num_leaves=15
num_cat=0
split_feature=12 8 10 7 0 0 0 8 0 0 8 0 8 8
split_gain=66.8316 5.77975 15.786 6.03836 7.93877 8.39196 6.11076 4.47301 3.53707 5.54643 5.19254 8.46455 3.21493 2.98062
threshold=1.0000000180025095e-35 6.6122601955619533 -1.0000000180025095e-35 1.0000000180025095e-35 60.500000000000007 63.500000000000007 76.500000000000014 6.9781452719047961 82.500000000000014 65.500000000000014 9.1742985502486309 53.500000000000007 7.9235245104370504 5.4601630815722784
decision_type=2 2 2 2 2 2 2 2 2 2 2 2 2 2
left_child=1 3 12 -1 -5 -6 -7 -4 9 10 11 -9 -3 -8
right_child=-2 2 7 4 5 6 13 8 -10 -11 -12 -13 -14 -15
leaf_value=0.0078610937662487133 -0.05407790424845918 0.02811354183430529 0.041863308228028133 -0.038912674386178729 0.051711413742551053 -0.042244943990090447 0.041385410693686314 0.0048519145262616069 -0.033916283348416898 0.032974475396630509 0.029527221726594628 -0.067338581832104949 0.056603396586337687 -0.0043104114366951489
leaf_weight=192.61907035112381 50.584579169750214 20.41567251086235 5.3617036193609229 17.358391761779785 6.9238596335053435 9.5933663100004214 4.6450639516115215 9.323698729276666 9.2433855533599836 9.5933292508125287 5.4937539994716635 7.1932551115751258 19.22860050201416 15.398229405283926
leaf_count=804 726 142 22 89 34 49 20 43 44 43 27 39 189 81
internal_value=-0.000536362 0.00761179 0.0187846 0.00372102 -0.0110689 0.00215086 -0.00942772 -0.00107421 -0.00671026 0.00124682 -0.0125816 -0.0265876 0.0419319 0.00627967
internal_weight=382.976 332.391 85.8534 246.538 53.9189 36.5605 29.6367 46.2091 40.8474 31.604 22.0107 16.517 39.6443 20.0433
internal_count=2352 1626 549 1077 273 184 150 218 196 152 109 82 331 101
is_linear=0
shrinkage=0.05


Tree=36
num_leaves=15
num_cat=0
split_feature=12 10 8 11 8 8 11 11 8 8 8 8 8 8
split_gain=64.4362 6.95513 14.8488 11.6355 8.47748 2.12881 2.92751 12.3106 6.47627 2.00769 4.03853 3.11089 1.6216 5.74072
threshold=1.0000000180025095e-35 -1.0000000180025095e-35 6.1909414538336796 5.5000000000000009 8.140918559783044 1.0000000180025095e-35 5.5000000000000009 4.5000000000000009 5.635849483702855 9.5335501127930069 8.3922138067745564 8.9016710583598488 7.9235245104370504 7.4424560799990749
decision_type=2 2 2 2 2 2 2 2 2 2 2 2 2 2
left_child=1 2 5 -4 -5 -1 7 8 -7 10 12 -12 13 -3
right_child=-2 9 3 4 -6 6 -8 -9 -10 -11 11 -13 -14 -15
leaf_value=0.0091792475931632162 -0.053863884116118359 0.0020628952404718177 0.056819915038778195 -0.027138139396794075 0.057489224356171181 -0.044317973620058092 -0.034265314246237091 0.069173530711460707 0.018919011243744153 0.027870630984940855 -0.063767762337441192 -0.0096047675782715419 0.023415196997621464 -0.042437791284731831
leaf_weight=113.10233674943447 49.175745129585266 117.21059510111809 29.972528591752052 8.9768017083406431 4.4145734310150138 9.7935742288827985 6.9640963822603217 5.3187669664621344 6.9022188037633887 5.9465464055538169 4.3383287489414197 6.8164252936840057 7.3904570341110221 7.7248864024877539
leaf_count=479 739 504 291 36 39 42 30 29 34 28 26 36 32 38
internal_value=-0.000418992 0.00742935 0.0138977 0.0395078 0.000759945 0.0060813 -0.00600985 0.0029285 -0.0181751 -0.000598061 -0.00177794 -0.0306699 0.000657581 -0.000688627
internal_weight=384.048 334.872 185.445 43.3639 13.3914 142.081 28.9787 22.0146 16.6958 149.427 143.481 11.1548 132.326 124.935
internal_count=2383 1644 980 366 75 614 135 105 76 664 636 62 574 542
is_linear=0
shrinkage=0.05


Tree=37
num_leaves=15
num_cat=0
split_feature=12 10 8 11 8 8 8 11 8 8 8 8 7 8
split_gain=61.4007 4.72211 15.9498 4.67312 17.7377 6.15546 4.20879 4.15659 5.28222 4.27039 3.43604 1.60624 3.21228 2.50558
threshold=1.0000000180025095e-35 -1.0000000180025095e-35 7.9235245104370504 5.5000000000000009 5.9965779765059937 5.9166664450845596 8.3922138067745564 3.5000000000000004 1.0000000180025095e-35 1.0000000180025095e-35 8.9016710583598488 7.9235245104370504 1.0000000180025095e-35 5.2333895699074224
decision_type=2 2 2 2 2 2 2 2 2 2 2 2 2 2
left_child=1 2 3 4 7 -5 11 8 -1 -9 -8 12 -3 -14
right_child=-2 6 -4 5 -6 -7 10 9 -10 -11 -12 -13 13 -15
leaf_value=0.004743208646625848 -0.053658853352731711 0.0081673728665273403 0.055967163358140851 0.0058686790662384504 0.05837624945059209 -0.036113656690460808 -0.06345800713028453 0.013841620267433689 -0.03059507046325188 0.070315085759701509 -0.010255949120038264 0.025424225468214767 -0.047346114915465864 -0.0050948597469732959
leaf_weight=68.934683963656425 46.606321826577187 80.561829328536987 19.223774924874306 29.412629663944244 18.201584756374359 12.417019605636595 3.9300588816404369 24.961099386215214 12.490727946162222 3.8659421503543845 13.323808327317236 8.1428060233592969 3.9005144238471976 34.946918979287148
leaf_count=292 734 330 205 125 157 50 24 107 54 20 67 35 19 169
internal_value=0.000105477 0.00760071 0.0127952 0.00792138 0.0126481 -0.00659367 0.00080271 0.00509878 -0.000677714 0.0214152 -0.0223742 0.00393784 0.00247263 -0.00933714
internal_weight=380.92 334.313 189.507 170.284 128.454 41.8296 144.806 110.252 81.4254 28.827 17.2539 127.552 119.409 38.8474
internal_count=2388 1654 1010 805 630 175 644 473 346 127 91 553 518 188
is_linear=0
shrinkage=0.05


Tree=38
num_leaves=15
num_cat=0
split_feature=12 10 8 0 0 8 8 8 8 8 8 8 8 8
split_gain=55.4839 6.12057 16.5048 8.23147 5.31353 3.95991 3.59815 6.29752 3.38167 2.68533 8.1527 4.98035 3.4885 2.64851
threshold=1.0000000180025095e-35 -1.0000000180025095e-35 6.5877092693416088 96.500000000000014 91.500000000000014 5.4601630815722784 8.3922138067745564 9.1742985502486309 7.9235245104370504 7.4424560799990749 7.0638297761390536 5.8339127528637542 6.2173589965874916 7.9235245104370504
decision_type=2 2 2 2 2 2 2 2 2 2 2 2 2 2
left_child=1 2 -1 4 6 -6 8 -8 9 10 11 -3 -13 -4
right_child=-2 3 13 -5 5 -7 7 -9 -10 -11 -12 12 -14 -15
leaf_value=0.0046713900647394509 -0.053470095663919408 0.002978037003434234 0.028989864754174588 -0.049872167566470754 0.071095354548131248 0.0047007639022659253 -0.063944901999953646 0.0040373403749571378 0.035516958909060738 -0.031400086386829305 0.062033010290516277 -0.062884602420415964 -0.010931812633313415 0.055625084646484295
leaf_weight=149.53811818361282 44.269737802445889 79.249497830867767 19.382598668336868 8.3291656449437124 4.5731892138719541 4.4126559346914291 5.9949715137481672 7.8899818658828735 6.9230710119009009 6.614433377981185 5.2669530212879172 4.9842331856489173 9.1867648363113386 18.001183122396469
leaf_count=664 730 335 151 38 19 22 36 38 29 32 22 31 40 201
internal_value=-0.000905687 0.00613846 0.0121001 -0.00163114 0.00134311 0.0384911 -0.00130384 -0.0253147 0.00166688 -0.000558588 0.00150853 -0.00190377 -0.0292047 0.0418154
internal_weight=374.617 330.347 186.922 143.425 135.096 8.98585 126.11 13.885 112.225 105.302 98.6874 93.4205 14.171 37.3838
internal_count=2388 1658 1016 642 604 41 563 74 489 460 428 406 71 352
is_linear=0
shrinkage=0.05


Tree=39
num_leaves=15
num_cat=0
split_feature=12 0 0 0 0 0 0 11 0 11 0 0 7 0
split_gain=53.9619 4.45204 3.26574 7.35237 7.1342 5.6119 3.40269 3.07576 2.70499 2.56478 2.51748 2.65496 3.07559 2.14365
threshold=1.0000000180025095e-35 97.500000000000014 44.500000000000007 58.500000000000007 42.500000000000007 41.500000000000007 40.500000000000007 1.5000000000000002 54.500000000000007 2.5000000000000004 70.500000000000014 84.500000000000014 1.0000000180025095e-35 77.500000000000014
decision_type=2 2 2 2 2 2 2 2 2 2 2 2 2 2
left_child=1 2 4 8 5 6 -1 10 -4 -10 -5 12 13 -12
right_child=-2 -3 3 7 -6 -7 -8 -9 9 -11 11 -13 -14 -15
leaf_value=0.011289232358414371 -0.053289039362824323 -0.031943129284170868 -0.00076867139760521065 0.038097140068674651 0.067448910724628164 -0.025626951850159986 0.067782221995941944 0.0083216765632140866 -0.034047931770550911 0.0042735946271822084 -0.037549907657342604 0.029107363131878807 0.033907163624145337 0.0054698711029171586
leaf_weight=8.0178271755576187 41.435871839523315 7.081201806664466 66.533293329179287 17.141611218452454 7.1943674981594077 7.254121206700801 3.992866985499858 157.9286000430584 13.585083618760111 6.4341141656041136 5.1497408747673052 15.758914329111574 4.8644722104072562 6.6158745586872101
leaf_count=43 716 39 337 96 37 38 19 762 65 32 21 86 43 28
internal_value=0.00047097 0.0072717 0.0081382 0.00662404 0.0249634 0.00909739 0.0300699 0.0117311 -0.00561728 -0.0217315 0.0226022 0.0144017 0.000466392 -0.0133596
internal_weight=368.988 327.552 320.471 294.012 26.4592 19.2648 12.0107 207.459 86.5525 20.0192 49.5306 32.389 16.6301 11.7656
internal_count=2362 1646 1607 1470 137 100 62 1036 434 97 274 178 92 49
is_linear=0
shrinkage=0.05


Tree=40
num_leaves=15
num_cat=0
split_feature=12 10 8 11 8 8 11 8 11 11 1 8 8 8
split_gain=52.0764 8.80087 14.6881 5.4635 4.91739 2.36254 4.80801 9.48345 3.95296 1.71424 1.94099 1.3357 4.3131 4.02499
threshold=1.0000000180025095e-35 -1.0000000180025095e-35 6.4199248105956706 5.5000000000000009 7.9235245104370504 1.0000000180025095e-35 5.5000000000000009 5.9965779765059937 2.5000000000000004 2.5000000000000004 1.0000000180025095e-35 8.3922138067745564 8.9016710583598488 7.9235245104370504
decision_type=2 2 2 2 2 2 2 2 2 2 2 2 2 2
left_child=1 2 5 -4 -5 9 7 8 -7 10 -1 13 -13 -3
right_child=-2 11 3 4 -6 6 -8 -9 -10 -11 -12 12 -14 -15
leaf_value=-0.0090400450252557368 -0.053119988498470549 -0.0028774449993996748 0.055580975942307709 -0.0093229221904373109 0.056383904654628128 -0.03710800604513563 -0.03899447058472183 0.061041878681745869 0.01269684096839201 0.015599455920125863 0.011191699952754826 -0.062164590186491557 -0.0014305895606794993 0.033292892630586948
leaf_weight=19.382009819149971 40.439172077924013 118.72413163632154 25.147398144006729 7.7387228459119779 4.5050495788455009 8.3510593026876503 7.8616060614585868 5.8551058247685424 7.6185483336448661 66.383888751268387 30.525583848357201 3.8275527060031918 12.372892320156096 8.2240710407495481
leaf_count=81 732 518 284 31 45 36 34 41 36 284 131 25 63 35
internal_value=0.000402377 0.00703112 0.014284 0.0422448 0.0148537 0.00712204 -0.00546757 0.00660934 -0.0133478 0.0103359 0.00333454 -0.00225959 -0.0157797 -0.000534226
internal_weight=366.957 326.518 183.369 37.3912 12.2438 145.978 29.6863 21.8247 15.9696 116.291 49.9076 143.149 16.2004 126.948
internal_count=2376 1644 1003 360 76 643 147 113 72 496 212 641 88 553
is_linear=0
shrinkage=0.05


Tree=41
num_leaves=15
num_cat=0
split_feature=9 9 10 8 0 0 1 1 0 0 0 8 0 0
split_gain=32.9912 8.43023 7.22284 13.1892 4.60133 3.628 5.02552 2.33288 4.49708 3.31697 3.78743 3.65033 2.50573 2.32318
threshold=1.5000000000000002 1.0000000180025095e-35 -1.0000000180025095e-35 7.9235245104370504 96.500000000000014 91.500000000000014 1.5000000000000002 1.5000000000000002 84.500000000000014 70.500000000000014 65.500000000000014 6.6122601955619533 63.500000000000007 42.500000000000007
decision_type=2 2 2 2 2 2 2 2 2 2 2 2 2 2
left_child=1 -1 3 -3 5 7 -7 8 9 10 12 -11 -4 -9
right_child=-2 2 4 -5 -6 6 -8 13 -10 11 -12 -13 -14 -15
leaf_value=-0.052925723641345013 -0.052925723641345013 0.0082499525081087786 0.0031684457081031328 0.054976585173805131 -0.038864757208899356 -0.0059179929259103037 0.065647707180938791 -0.050624598780884114 0.041692439230205762 -0.030004053310028089 0.033087928286441158 0.017451653742752413 -0.0338393740831473 -0.0085291073730950542
leaf_weight=6.2146474644541732 26.738651275634766 167.0188650675118 44.329595357179642 16.603139914572239 8.1618340685963613 5.0181119963526708 4.7990763783454895 3.5799429714679709 6.662132926285266 15.939796991646292 10.00173322111368 5.4335773736238471 5.1001404225826255 38.803868249058723
leaf_count=119 512 841 208 205 40 26 21 15 32 75 44 25 27 183
internal_value=0.000537002 0.00477053 0.00585232 0.012475 -0.0023738 -0.000241361 0.0290665 -0.00245714 0.00220808 -0.0010473 0.00502776 -0.0179398 -0.000650006 -0.0120847
internal_weight=364.405 337.666 331.452 183.622 147.83 139.668 9.81719 129.851 87.467 80.8048 59.4315 21.3734 49.4297 42.3838
internal_count=2373 1861 1742 1046 696 656 47 609 411 379 279 100 235 198
is_linear=0
shrinkage=0.05


Tree=42
num_leaves=15
num_cat=0
split_feature=12 10 8 11 8 8 1 1 11 8 11 8 8 8
split_gain=46.9561 4.05764 14.331 4.82387 4.37739 3.48278 5.93729 9.03528 2.90682 7.37531 6.85818 2.86513 6.64439 2.50788
threshold=1.0000000180025095e-35 -1.0000000180025095e-35 6.6122601955619533 5.5000000000000009 7.9235245104370504 7.2454176853774586 1.0000000180025095e-35 1.5000000000000002 5.5000000000000009 5.7959825289101827 4.5000000000000009 5.8172488563072333 1.0000000180025095e-35 6.6122601955619533
decision_type=2 2 2 2 2 2 2 2 2 2 2 2 2 2
left_child=1 2 8 -4 -5 13 -7 -8 10 -10 11 12 -1 -3
right_child=-2 5 3 4 -6 6 7 -9 9 -11 -12 -13 -14 -15
leaf_value=0.0078612102244476866 -0.052832211580377091 0.0017011936904651782 0.054999658761748074 -0.010577945416631391 0.055719186428850001 -0.049653279335752774 0.032958881368692308 -0.027921620930597326 0.0012704209791322295 -0.065937796929889034 0.065722000432130001 0.040063057823524477 -0.035607203971825811 0.026922018192028958
leaf_weight=93.572492823004723 37.667145885527134 99.025106385350227 21.547384224832058 6.7395790964364988 3.9485056027770042 8.7313752323389036 10.697100624442101 14.163502484560013 27.627008020877838 4.789727956056594 4.9744215831160536 5.7426688075065604 9.7027681320905668 10.946155086159704
leaf_count=402 744 430 267 27 43 50 51 68 118 20 32 40 42 46
internal_value=-8.72085e-06 0.00616652 0.0111965 0.0413773 0.0139142 -9.25823e-05 -0.0141833 -0.00172576 0.00455147 -0.00865992 0.00830847 0.00568873 0.00377733 0.00421159
internal_weight=359.875 322.208 178.645 32.2355 10.6881 143.563 33.592 24.8606 146.409 32.4167 113.992 109.018 103.275 109.971
internal_count=2380 1636 991 337 70 645 169 119 654 138 516 484 444 476
is_linear=0
shrinkage=0.05


Tree=43
num_leaves=15
num_cat=0
split_feature=12 0 0 0 11 11 11 0 0 0 0 0 0 1
split_gain=40.2267 3.16253 5.99071 6.43509 2.88223 11.7139 4.33169 4.64445 2.83662 4.03247 2.78491 3.35918 2.62845 2.64556
threshold=1.0000000180025095e-35 44.500000000000007 42.500000000000007 41.500000000000007 5.5000000000000009 4.5000000000000009 2.5000000000000004 58.500000000000007 70.500000000000014 73.500000000000014 65.500000000000014 62.500000000000007 54.500000000000007 1.5000000000000002
decision_type=2 2 2 2 2 2 2 2 2 2 2 2 2 2
left_child=1 2 3 -1 5 6 7 12 10 -10 11 -9 13 -3
right_child=-2 4 -4 -5 -6 -7 -8 8 9 -11 -12 -13 -14 -15
leaf_value=0.029532539117015411 -0.052679435747671567 0.0020674015676497132 0.061994219211032354 -0.03272558391655455 -0.010119082029677443 0.059368722701376803 0.016222186162674533 0.024175301779322048 -0.039221143301831948 0.0018500409321391799 0.029739250592294705 -0.0111349295138657 -0.032058650541428639 -0.0228528936211061
leaf_weight=10.957168262451892 35.079769093543291 29.340226836502552 6.5346013568341723 6.6813959330320349 40.409671790897846 9.2894209958612901 44.94785450398922 11.975238464772703 6.3930130600929251 91.701160050928593 17.760154895484447 15.39396198838949 13.510923527181147 16.71863704174757
leaf_count=61 728 143 35 36 194 97 226 60 30 444 82 84 66 86
internal_value=-0.0018379 0.00370761 0.0210998 0.00594949 0.00229414 0.00424571 0.00217879 -0.000933835 0.00394612 -0.000826658 0.0143203 0.00431486 -0.0126667 -0.00697827
internal_weight=356.693 321.613 24.1732 17.6386 297.44 257.031 247.741 202.793 143.224 98.0942 45.1294 27.3692 59.5698 46.0589
internal_count=2372 1644 132 97 1512 1318 1221 995 700 474 226 144 295 229
is_linear=0
shrinkage=0.05


Tree=44
num_leaves=15
num_cat=0
split_feature=9 9 8 10 0 8 8 13 8 8 8 0 0 8
split_gain=26.9373 7.54254 4.47432 11.1794 7.33274 15.643 7.16055 3.19528 9.54866 7.71364 6.5352 4.16991 6.24031 8.07888
threshold=1.5000000000000002 1.0000000180025095e-35 7.9235245104370504 -1.0000000180025095e-35 82.500000000000014 8.3922138067745564 9.1742985502486309 1.0000000180025095e-35 5.1695935808749196 5.3283627836756713 5.4729041365497944 65.500000000000014 48.500000000000007 7.3618776919946827
decision_type=2 2 2 2 2 2 2 2 2 2 2 2 2 2
left_child=1 -1 7 -4 5 -5 -7 8 -3 -10 -11 12 13 -12
right_child=-2 2 3 4 -6 6 -8 -9 9 10 11 -13 -14 -15
leaf_value=-0.052497035781706239 -0.052497035781706239 -0.049668411227789165 0.054462609943666987 0.07743357525450327 -0.04730993501030669 -0.06220601423711733 0.01299211075286996 0.0062827872145538883 0.050176204071416403 -0.057016924141842534 0.048753635611346297 0.012561349491406243 -0.025671035202047485 -0.042844511131830888
leaf_weight=5.8440617881715289 22.696705084294081 10.603772122412918 15.097753819078205 6.698667421936995 6.1516750156879416 5.1780653148889533 8.1458596438169462 191.5725981593132 7.2000544220209113 5.3946391493082038 7.5244716852903348 34.305823922157288 24.928151406347752 3.5396293774247169
leaf_count=129 501 117 205 28 32 34 39 809 32 27 45 207 147 22
internal_value=0.000203334 0.00380411 0.00481234 0.020199 0.000435219 0.0151043 -0.0162321 0.00258467 -0.00499269 0.000722298 -0.00398186 8.80202e-05 -0.0118009 0.0194495
internal_weight=354.882 332.185 326.341 41.272 26.1743 20.0226 13.3239 285.069 93.4965 82.8928 75.6927 70.2981 35.9923 11.0641
internal_count=2374 1873 1744 338 133 101 73 1406 597 480 448 421 214 67
is_linear=0
shrinkage=0.05


Tree=45
num_leaves=15
num_cat=0
split_feature=12 0 8 8 10 8 1 1 11 8 0 0 0 8
split_gain=41.3057 3.32513 3.3708 11.0598 10.5281 5.85194 4.79208 5.25764 4.53333 5.17872 4.01509 3.51382 7.23375 3.47876
threshold=1.0000000180025095e-35 97.500000000000014 7.0638297761390536 7.2454176853774586 -1.0000000180025095e-35 6.9781452719047961 1.0000000180025095e-35 1.5000000000000002 5.5000000000000009 8.2048112552248131 65.500000000000014 82.500000000000014 60.500000000000007 6.7679075746260784
decision_type=2 2 2 2 2 2 2 2 2 2 2 2 2 2
left_child=1 2 5 -4 8 13 -6 10 -5 -10 -8 12 -9 -1
right_child=-2 -3 3 4 6 -7 7 11 9 -11 -12 -13 -14 -15
leaf_value=0.0053843960531351799 -0.052418908746243546 -0.025139915368394342 0.079002606466931413 0.054472022781273777 -0.035631241112308573 -0.051170063380727354 0.0034002747874123315 -0.030856311570875563 -0.033116320110684237 0.055096229137630043 0.062756894965926693 -0.052787291132732818 0.05216554056186018 0.041072539673097798
leaf_weight=237.9370594471693 31.929883565753698 7.7537899985909453 6.701022580265998 14.706367343664171 9.5764986202120763 4.4937805756926528 6.0792256146669388 6.8193291723728162 3.8456231877207747 2.9325757324695587 5.3618824779987335 4.1636964231729516 4.2644803822040558 7.0301175937056533
leaf_count=1067 727 40 41 203 56 28 31 35 20 35 23 19 19 42
internal_value=0.00182181 0.00720598 0.00800494 0.0181984 0.0111429 0.00537136 -0.00528902 0.00559847 0.0388794 0.00504868 0.0312178 -0.0136252 0.00108623 0.00640858
internal_weight=353.595 321.665 313.912 64.4507 57.7497 249.461 36.2651 26.6886 21.4846 6.7782 11.4411 15.2475 11.0838 244.967
internal_count=2386 1659 1619 482 441 1137 183 127 258 55 54 73 54 1109
is_linear=0
shrinkage=0.05


Tree=46
num_leaves=15
num_cat=0
split_feature=12 8 8 11 8 8 11 8 0 8 8 0 0 0
split_gain=35.1543 4.59665 8.7295 7.30303 5.95583 5.22116 6.07533 5.18289 5.99183 4.51423 4.03966 3.74376 2.75811 2.52083
threshold=1.0000000180025095e-35 7.0638297761390536 7.2454176853774586 1.5000000000000002 6.9781452719047961 7.9235245104370504 2.5000000000000004 7.754961067745878 65.500000000000014 8.3922138067745564 9.5335501127930069 84.500000000000014 44.500000000000007 49.500000000000007
decision_type=2 2 2 2 2 2 2 2 2 2 2 2 2 2
left_child=1 4 -3 -4 11 7 9 8 -5 -7 -11 12 -1 -14
right_child=-2 2 3 5 -6 6 -8 -9 -10 10 -12 -13 13 -15
leaf_value=0.018244849541175365 -0.052293304843380711 0.077600293554399458 0.054464982237812057 -0.03046555714181394 -0.056072960579637468 0.034240973612283544 0.054076421762837092 -0.063424620414124194 0.049112936794990597 -0.033463613369591381 0.021017645148975451 0.013994075609912771 -0.019190951138568946 -0.00074081537782919287
leaf_weight=16.887458898127079 30.50374411419034 5.3367438688874236 7.9975758865475646 6.3700385838747007 4.4823662266135207 7.1707854121923509 7.3840456940233699 4.9292130395770064 3.7626106590032578 9.5595350787043554 5.2826454788446418 52.122917406260967 20.952098786830902 159.05037592351437
leaf_count=78 729 35 110 38 26 31 110 28 19 59 25 238 98 715
internal_value=-0.00106818 0.00395147 0.0166764 0.0104782 0.00105037 0.00256557 0.0148304 -0.0213723 -0.000915251 0.00166569 -0.0140726 0.00207862 -0.00107577 -0.00288839
internal_weight=341.792 311.288 57.7932 52.4564 253.495 44.4589 29.397 15.0619 10.1326 22.013 14.8422 249.013 196.89 180.002
internal_count=2339 1610 455 420 1155 310 225 85 57 115 84 1129 891 813
is_linear=0
shrinkage=0.05


Tree=47
num_leaves=15
num_cat=0
split_feature=12 8 10 8 7 0 0 0 0 8 0 8 0 8
split_gain=32.9867 2.90302 14.0775 3.27346 2.85135 7.42413 8.01261 6.11687 5.19044 5.18317 2.63911 3.06117 2.5811 4.88365
threshold=1.0000000180025095e-35 6.6122601955619533 -1.0000000180025095e-35 6.9781452719047961 1.0000000180025095e-35 60.500000000000007 63.500000000000007 74.500000000000014 45.500000000000007 5.4601630815722784 53.500000000000007 8.4105228767977724 90.500000000000014 6.012670468053563
decision_type=2 2 2 2 2 2 2 2 2 2 2 2 2 2
left_child=1 4 -3 -4 -1 8 -7 -8 -6 -9 11 -5 13 -11
right_child=-2 2 3 10 5 6 7 9 -10 12 -12 -13 -14 -15
leaf_value=0.0046336873615132569 -0.052176943751113307 0.039251658114663052 0.032993905931447208 0.036088692352116709 0.013424808880037359 0.050911577125570179 -0.047865521202617334 0.058056395151183805 -0.053800057520291669 0.054096110586702655 -0.017837320639253685 -0.015733544089350422 -0.02604437090393686 -0.020423307932499333
leaf_weight=192.27075174450874 27.926561493426561 30.530617829412222 5.0803267508745185 5.8084936589002591 3.7959091886878005 7.2376744598150244 7.1922394111752537 3.8411180004477528 11.788515157997606 3.9477528929710406 28.2271658629179 5.5942299515008926 8.3939791917800886 4.9621075689792633
leaf_count=814 700 345 21 25 19 38 37 17 65 19 145 30 48 32
internal_value=-7.07949e-05 0.0044955 0.0130794 -0.00479249 0.00184234 -0.00864831 0.00395847 -0.00803394 -0.037426 0.00551436 -0.00963649 0.0106645 -0.00614895 0.0125945
internal_weight=346.597 318.671 75.2408 44.7102 243.43 51.1593 35.5749 28.3372 15.5844 21.145 39.6299 11.4027 17.3038 8.90986
internal_count=2355 1655 566 221 1089 275 191 153 84 116 200 55 99 51
is_linear=0
shrinkage=0.05


Tree=48
num_leaves=15
num_cat=0
split_feature=9 9 10 8 11 8 8 13 8 0 0 8 0 0
split_gain=20.3879 5.60153 2.07047 12.3924 8.10585 7.21982 3.54265 4.09478 4.63264 3.29681 5.33735 3.62636 3.98869 3.11279
threshold=1.5000000000000002 1.0000000180025095e-35 -1.0000000180025095e-35 6.1976873197865601 5.5000000000000009 8.3922138067745564 8.170336791871895 1.0000000180025095e-35 5.1695935808749196 65.500000000000014 81.500000000000014 7.3618776919946827 48.500000000000007 65.500000000000014
decision_type=2 2 2 2 2 2 2 2 2 2 2 2 2 2
left_child=1 -1 3 -3 -5 6 7 8 -4 11 -11 12 -10 -6
right_child=-2 2 5 4 13 -7 -8 -9 9 10 -12 -13 -14 -15
leaf_value=-0.05202530022195221 -0.05202530022195221 0.00014413942466881099 -0.06242556878515873 0.054495330825584658 -0.022731363768081755 -0.034294645498107623 0.042932511403051127 0.0071763927578154781 0.036145430836644836 0.030897613449499539 -0.020584839641618776 -0.059997261318133446 -0.025509457802080512 0.028384978988254529
leaf_weight=4.7515348754823199 18.557175576686859 147.111209128052 4.1331810392439357 19.575934134423733 6.1072264015674609 15.302518680691717 5.0927231013774863 77.724220439791679 3.5869943052530315 10.908658578991892 9.3490142375230771 4.703742340207099 9.763218089938162 5.8132909014821053
leaf_count=127 496 694 52 277 40 89 22 320 17 50 43 26 52 36
internal_value=-0.00105657 0.00186337 0.00266561 0.00623818 0.0347017 -0.00187385 0.00208681 0.000355785 -0.012134 -0.00670838 0.00713821 -0.0222451 -0.00894375 0.0021966
internal_weight=342.481 323.923 319.172 178.608 31.4965 140.564 125.262 120.169 42.4448 38.3116 20.2577 18.054 13.3502 11.9205
internal_count=2341 1845 1718 1047 353 671 582 560 240 188 93 95 69 76
is_linear=0
shrinkage=0.05


Tree=49
num_leaves=15
num_cat=0
split_feature=12 11 11 7 10 7 1 11 7 10 11 1 1 1
split_gain=31.4205 1.81335 11.0592 1.69217 0.810917 1.93737 0.845264 1.40838 0.885035 1.26908 0.758745 1.35306 0.645632 1.132
threshold=1.0000000180025095e-35 5.5000000000000009 4.5000000000000009 1.0000000180025095e-35 3.5000000000000004 1.0000000180025095e-35 1.5000000000000002 3.5000000000000004 1.0000000180025095e-35 -1.0000000180025095e-35 1.5000000000000002 1.0000000180025095e-35 1.5000000000000002 1.0000000180025095e-35
decision_type=2 2 2 2 2 2 2 2 2 2 2 2 2 2
left_child=1 2 4 -3 6 -6 8 -8 10 -10 11 -1 13 -7
right_child=-2 3 -4 -5 5 12 7 -9 9 -11 -12 -13 -14 -15
leaf_value=-0.01307739202629523 -0.051966258568232004 0.0040245975412043838 0.059557021926730049 -0.01604397214728066 0.0070894012367680977 -0.014160612087966094 0.0087466271168811765 0.032956401191243011 0.019419638012531396 -0.00081828553896934992 0.0056663508417337726 0.0065372923623900348 -0.014750804332104192 0.0078242632976955259
leaf_weight=19.259184196591377 26.172063328325748 24.640832677483559 9.4887134060263616 18.308547303080559 54.528757765889168 10.574273444712162 51.533860087394714 6.7999479174613944 19.003669302910566 13.076828137040136 44.840870499610901 16.177427977323532 17.028630569577217 13.119713336229324
leaf_count=81 721 105 108 106 225 60 290 30 179 68 192 71 82 67
internal_value=0.000696441 0.0050255 0.00651558 -0.00453027 0.00462309 0.000927064 0.00668558 0.0115688 0.00415035 0.0111701 0.00134509 -0.00412295 -0.00732448 -0.00198726
internal_weight=344.553 318.381 275.432 42.9494 265.943 95.2514 170.692 58.3338 112.358 32.0805 80.2775 35.4366 40.7226 23.694
internal_count=2385 1664 1453 211 1345 434 911 320 591 247 344 152 209 127
is_linear=0
shrinkage=0.05


Tree=50
num_leaves=15
num_cat=0
split_feature=12 8 8 10 8 1 1 0 8 0 8 8 8 8
split_gain=30.0779 1.89905 10.9077 9.33887 5.19092 5.0751 5.52923 3.33994 2.53557 5.7954 6.76639 5.66883 8.69085 14.493
threshold=1.0000000180025095e-35 7.0638297761390536 7.2454176853774586 -1.0000000180025095e-35 7.9235245104370504 1.0000000180025095e-35 1.5000000000000002 60.500000000000007 1.0000000180025095e-35 60.500000000000007 5.1695935808749196 5.5259504480689543 5.7749088622029223 5.9166664450845596
decision_type=2 2 2 2 2 2 2 2 2 2 2 2 2 2
left_child=1 8 -3 4 -4 -5 -7 -8 -1 -10 -11 -12 -13 -14
right_child=-2 2 3 5 -6 6 7 -9 9 10 11 12 13 -15
leaf_value=0.0060138212942157376 -0.0518696624493451 0.076125316270212948 -0.00017701530473649817 -0.042905072454760225 0.053462854343106159 0.028096318418177904 -0.043995531102809737 0.0042865918068578741 -0.02928132483776387 -0.060127111168570016 0.045457811900754923 -0.067544839050557623 0.10874332553653998 -0.0030208041828326173
leaf_weight=190.90791623294353 25.079099394381046 6.1510653495788565 7.1709889136254814 8.7015099972486478 12.156247198581694 10.961690470576286 6.9386857748031616 7.4037276655435562 18.267332442104816 3.7427372932434073 8.8722704797983152 4.1145373284816769 3.2954125180840519 24.213518403470516
leaf_count=811 724 40 66 54 208 54 38 34 105 18 39 19 15 154
internal_value=0.000816382 0.00503923 0.0130792 0.00580783 0.0335608 -0.00996571 0.00136139 -0.0190717 0.00315201 -0.00558866 0.00419472 0.0101395 0.000230653 0.0103679
internal_weight=337.977 312.898 59.4839 53.3329 19.3272 34.0056 25.3041 14.3424 253.414 62.5058 44.2385 40.4957 31.6235 27.5089
internal_count=2379 1655 494 454 274 180 126 72 1161 350 245 227 188 169
is_linear=0
shrinkage=0.05


Tree=51
num_leaves=15
num_cat=0
split_feature=12 0 8 10 8 8 8 7 0 0 0 0 0 0
split_gain=27.2992 3.8246 3.40392 5.39192 3.79795 3.2001 2.81161 2.18184 5.23361 2.98268 10.7671 3.06125 2.39002 4.41182
threshold=1.0000000180025095e-35 97.500000000000014 6.7679075746260784 -1.0000000180025095e-35 7.3618776919946827 7.9235245104370504 7.2454176853774586 1.0000000180025095e-35 60.500000000000007 74.500000000000014 77.500000000000014 71.500000000000014 63.500000000000007 74.500000000000014
decision_type=2 2 2 2 2 2 2 2 2 2 2 2 2 2
left_child=1 2 7 5 -5 6 -4 9 -9 11 -11 -1 -10 -14
right_child=-2 -3 3 4 -6 -7 -8 8 12 10 -12 -13 13 -15
leaf_value=0.0072745803125142368 -0.051773677056902979 -0.033103021031205257 0.040343098905083606 0.028285295112536791 -0.005368582688410185 0.05330950471583612 -0.0017743002868785438 -0.031436915560791888 0.027387474097970238 -0.050585173311491094 0.0041014918685603379 0.043813249830633678 -0.038855028350544552 0.0073560507991643591
leaf_weight=109.75980278849602 23.849578868597746 6.9111151657998553 7.4131361506879356 11.33107155561447 32.225929707288742 10.576117124408482 8.5129120014607889 15.760907031595705 7.9037562012672415 10.494583189487455 63.230748906731606 6.0482458621263495 6.7896914258599308 21.583823472261429
leaf_count=467 723 39 67 49 171 189 72 88 43 43 270 25 37 118
internal_value=-0.000176478 0.00368666 0.00450256 0.0142061 0.00338626 0.0319888 0.0178302 0.00168839 -0.0073802 0.00417826 -0.00368299 0.00918287 0.0030714 -0.00370211
internal_weight=342.391 318.542 311.631 70.0592 43.557 26.5022 15.926 241.572 52.0382 189.533 73.7253 115.808 36.2773 28.3735
internal_count=2401 1678 1639 548 220 328 139 1091 286 805 313 492 198 155
is_linear=0
shrinkage=0.05


Tree=52
num_leaves=15
num_cat=0
split_feature=12 10 8 11 8 0 0 8 8 0 0 8 11 0
split_gain=25.3878 3.43483 9.48063 4.39601 14.9965 3.99159 4.54565 2.43005 2.16433 3.45003 2.03086 1.88706 4.85652 1.70286
threshold=1.0000000180025095e-35 -1.0000000180025095e-35 7.9235245104370504 5.5000000000000009 5.9965779765059937 96.500000000000014 91.500000000000014 5.4601630815722784 5.9166664450845596 65.500000000000014 95.500000000000014 1.0000000180025095e-35 2.5000000000000004 89.500000000000014
decision_type=2 2 2 2 2 2 2 2 2 2 2 2 2 2
left_child=1 2 3 4 10 6 13 -8 -5 -10 11 -1 -13 -3
right_child=-2 5 -4 8 -6 -7 7 -9 9 -11 -12 12 -14 -15
leaf_value=0.0038409199665390549 -0.051685233586325076 -0.0025606800904941045 0.053129387500731685 -0.0020922747045693016 0.056290420066191851 -0.041093091534825391 0.055956633593186825 0.0072827782392052027 -0.05621924363128749 -0.0029519615355428339 0.02830049658824689 -0.040435575510648636 0.014390348593062388 -0.031766676485929908
leaf_weight=81.346285492181778 22.954962315037847 117.08469140529633 10.708857271820305 27.072596430778503 14.864078070968388 6.555006615817546 4.9675358384847623 5.3003515899181366 5.6241507232189161 6.6152280420064926 7.1730654537677756 8.6495844423770922 7.577926240861415 5.2130661606788626
leaf_count=354 730 540 201 117 170 32 21 26 23 27 32 39 38 24
internal_value=-0.000954459 0.00281725 0.0075932 0.00452479 0.0092922 -0.00300614 -0.00112284 0.0308309 -0.00998059 -0.027429 0.00262293 0.000735266 -0.014833 -0.00380562
internal_weight=331.707 308.752 169.632 158.923 119.611 139.121 132.566 10.2679 39.312 12.2394 104.747 97.5738 16.2275 122.298
internal_count=2374 1644 1001 800 633 643 611 47 167 50 463 431 77 564
is_linear=0
shrinkage=0.05


Tree=53
num_leaves=15
num_cat=0
split_feature=12 8 0 11 0 8 1 8 8 8 1 1 0 0
split_gain=25.0119 4.72295 7.63904 5.43927 6.15138 6.95259 6.29936 5.40653 4.45378 5.41684 4.20115 3.29092 6.92618 2.96708
threshold=1.0000000180025095e-35 6.2173589965874916 94.500000000000014 1.5000000000000002 65.500000000000014 7.5565723562249305 1.0000000180025095e-35 5.8339127528637542 7.9235245104370504 7.3618776919946827 1.5000000000000002 1.5000000000000002 82.500000000000014 94.500000000000014
decision_type=2 2 2 2 2 2 2 2 2 2 2 2 2 2
left_child=1 7 3 -3 8 -6 -7 13 9 10 -5 -8 -13 -1
right_child=-2 2 -4 4 5 6 11 -9 -10 -11 -12 12 -14 -15
leaf_value=7.0807165338148691e-05 -0.051597021549512449 0.053887932037772902 -0.04746274298178315 -0.024509721478756796 0.055787100094231226 -0.050701062248429608 0.055385299867491161 -0.033377330729236189 0.017225447531170814 -0.052688869838691414 0.042574150345642957 0.059879702508738933 -0.037666041108956945 0.021275748306566367
leaf_weight=205.90474294871092 22.013465393334627 9.4004784524440748 4.6846287511289111 5.3375276289880293 13.606638461351396 3.6321123838424709 5.0269839689135534 11.503953963518141 15.490929856896399 7.2039349377155295 4.1472314335405827 3.1249975301325321 4.3569409437477589 17.933439664542675
leaf_count=896 736 151 35 30 74 30 30 74 133 48 22 24 33 77
internal_value=-9.02094e-05 0.00355144 0.0143871 0.0184493 0.0130697 0.0294598 0.00726622 5.16508e-05 -0.00208161 -0.020003 0.00482285 0.0240977 0.0030761 0.0017697
internal_weight=333.368 311.355 76.0124 71.3278 61.9273 29.7477 16.141 235.342 32.1796 16.6887 9.48476 12.5089 7.48194 223.838
internal_count=2393 1657 610 575 424 191 117 1047 233 100 52 87 57 973
is_linear=0
shrinkage=0.05


Tree=54
num_leaves=15
num_cat=0
split_feature=12 0 0 0 0 0 11 7 0 11 11 0 8 8
split_gain=24.5618 4.05754 7.33347 2.28917 2.25375 7.2082 4.36766 3.12795 2.59606 2.58864 2.08423 7.50006 6.22268 1.94695
threshold=1.0000000180025095e-35 44.500000000000007 42.500000000000007 41.500000000000007 60.500000000000007 54.500000000000007 1.5000000000000002 1.0000000180025095e-35 97.500000000000014 2.5000000000000004 1.5000000000000002 70.500000000000014 6.012670468053563 9.306595269852231
decision_type=2 2 2 2 2 2 2 2 2 2 2 2 2 2
left_child=1 2 3 -1 5 9 -7 -8 10 -3 11 -6 -13 -12
right_child=-2 4 -4 -5 8 6 7 -9 -10 -11 13 12 -14 -15
leaf_value=0.018999552503321013 -0.051520461474642947 -0.0034704050705410155 0.064183034667348871 -0.019795892709923699 0.047612003067170811 -0.062821532158870694 0.0010840994204003199 -0.042706402215781335 -0.025576025349997797 0.017933798465152251 0.0017504506682286148 -0.0073714842264141758 0.055134236434760814 0.03305813286692217
leaf_weight=9.9890217520296627 21.898436656221747 41.581609483808279 7.4605611264705649 6.1393725164234629 12.676509145647286 6.6530129462480572 10.959326773881914 6.4945265725255004 6.92198322713375 21.39343099296093 146.85256313532591 26.534687831997875 4.6847797892987719 5.1396359242498866
leaf_count=59 767 212 41 34 80 36 46 45 39 128 731 113 70 37
internal_value=-0.00032506 0.00325123 0.0231928 0.00423183 0.00162855 -0.00509944 -0.02835 -0.0152102 0.0045174 0.00380088 0.00558079 0.0151778 0.0020081 0.00280912
internal_weight=335.379 313.481 23.589 16.1284 289.892 87.0819 24.1069 17.4539 202.81 62.975 195.888 43.896 31.2195 151.992
internal_count=2438 1671 134 93 1537 467 127 91 1070 340 1031 263 183 768
is_linear=0
shrinkage=0.05


Tree=55
num_leaves=15
num_cat=0
split_feature=12 10 8 11 8 8 11 8 7 8 7 8 8 8
split_gain=23.1913 4.74426 7.77053 4.12727 12.0865 4.74019 2.27693 4.18358 2.487 1.38297 1.37226 1.29098 2.37322 5.07981
threshold=1.0000000180025095e-35 -1.0000000180025095e-35 7.9235245104370504 5.5000000000000009 5.9965779765059937 5.8339127528637542 3.5000000000000004 5.0212933654631202 1.0000000180025095e-35 6.7679075746260784 1.0000000180025095e-35 5.4729041365497944 5.8339127528637542 6.2173589965874916
decision_type=2 2 2 2 2 2 2 2 2 2 2 2 2 2
left_child=1 2 3 4 6 -5 8 -8 -1 -7 -3 -12 -13 -14
right_child=-2 10 -4 5 -6 9 7 -9 -10 -11 11 12 13 -15
leaf_value=0.0052600569328750896 -0.051442457183932588 0.0013978355778822415 0.052888551119516861 0.0040958130058425255 0.055915801893386068 -0.054217393957510074 0.010493980052965615 0.067178567224579641 -0.019692221249867681 -0.019581956380942039 -0.030919247134281919 0.026706858966613546 -0.060979385190440862 -0.0045739812107380932
leaf_weight=68.29135000705719 20.190147524699569 80.985485404729843 9.7068604119122011 29.182758092880249 13.591482292860745 4.7316761165857297 23.55210264027119 3.7770729809999457 11.696415692567824 7.3732455968856812 5.8108078241348258 5.0026639550924292 4.362657204270362 46.929866597056389
leaf_count=297 743 335 197 127 166 20 105 22 53 30 31 26 31 239
internal_value=0.000505907 0.00383563 0.00943409 0.00683349 0.0114943 -0.00681546 0.00586843 0.0183282 0.00161135 -0.0331206 -0.00289007 -0.00848145 -0.00616541 -0.00937151
internal_weight=335.185 314.994 171.903 162.196 120.908 41.2877 107.317 27.3292 79.9878 12.1049 143.091 62.106 56.2952 51.2925
internal_count=2422 1679 1017 820 643 177 477 127 350 50 662 327 296 270
is_linear=0
shrinkage=0.05


Tree=56
num_leaves=15
num_cat=0
split_feature=12 8 10 8 10 8 1 1 1 8 0 8 0 8
split_gain=20.4478 3.19486 7.90188 3.40487 5.72683 3.2471 5.63603 2.99846 2.37215 2.94648 2.24474 2.21914 5.17106 4.37418
threshold=1.0000000180025095e-35 6.6122601955619533 -1.0000000180025095e-35 5.8339127528637542 -1.0000000180025095e-35 7.2454176853774586 1.0000000180025095e-35 1.0000000180025095e-35 1.5000000000000002 8.931430419035399 64.500000000000014 5.4729041365497944 76.500000000000014 5.3283627836756713
decision_type=2 2 2 2 2 2 2 2 2 2 2 2 2 2
left_child=1 3 -3 11 7 -4 10 -5 -8 -10 -7 13 -13 -1
right_child=-2 2 5 4 -6 6 8 -9 9 -11 -12 12 -14 -15
leaf_value=0.00087406900796630253 -0.051371697863921331 0.035432710191332158 0.022825079500340142 -0.03427246715435131 -0.053276408735877717 -0.012321387829194333 0.023082992254195678 0.021155689118566592 0.0058603133186523881 -0.04482302532360867 -0.063545327684268876 0.00024379966959050064 0.067287571403231078 -0.046764564554816819
leaf_weight=204.36473723500967 19.093108054250479 22.905736163258553 10.764318495988844 3.6823463961482066 7.9800311550498 3.5943984240293485 9.5973578244447708 7.2316430695354939 9.5499732792377454 4.0980903655290613 5.2811514958739281 9.4775425344705564 4.1291383057832709 4.9349199980497351
leaf_count=880 737 329 47 23 50 21 47 53 47 22 36 47 19 27
internal_value=-0.00116309 0.0019535 0.0117226 -0.000704549 -0.0210839 -0.000941379 -0.00890595 0.0024544 0.00403575 -0.00935832 -0.0428008 0.00102285 0.0205892 -0.000249167
internal_weight=326.684 307.591 65.791 241.8 18.894 42.8853 32.121 10.914 23.2454 13.6481 8.87555 222.906 13.6067 209.3
internal_count=2385 1648 549 1099 126 220 173 76 116 69 57 973 66 907
is_linear=0
shrinkage=0.05


Tree=57
num_leaves=15
num_cat=0
split_feature=12 8 10 8 8 8 8 0 8 8 8 8 8 0
split_gain=18.6076 4.44415 5.79714 2.90598 5.26984 6.33841 4.35418 2.88719 8.68976 7.08846 2.46695 3.69259 3.96591 4.03082
threshold=1.0000000180025095e-35 7.9235245104370504 -1.0000000180025095e-35 7.4424560799990749 7.0638297761390536 7.2454176853774586 6.9604197742330545 82.500000000000014 8.3922138067745564 9.1742985502486309 6.7679075746260784 1.0000000180025095e-35 5.1695935808749196 75.500000000000014
decision_type=2 2 2 2 2 2 2 2 2 2 2 2 2 2
left_child=1 3 -3 4 6 -6 10 8 -4 -10 11 -1 -13 -14
right_child=-2 2 7 -5 5 -7 -8 -9 9 -11 -12 12 13 -15
leaf_value=0.0023043281362604144 -0.051303880389048089 0.052662669853202962 0.062913409138568382 -0.025563329927942857 0.073715974124457018 -0.010109187699099412 -0.051224534581385719 -0.022942598440443662 -0.060799912998333386 0.020972020167449056 0.032612782353104157 -0.052986011756326556 -0.020744264055514758 0.010093305104958025
leaf_weight=194.04413232207298 17.651889806613326 9.1418155655264837 6.38088788092137 11.187319230288265 5.2389839962124807 3.9595078378915787 4.2253461815416804 6.3811165094375601 4.2778187692165357 6.9656438082456589 5.6534003391861907 5.5147493332624427 25.617639373987913 18.072473049163818
leaf_count=829 715 200 27 86 38 24 27 36 31 35 37 28 151 102
internal_value=-0.00138476 0.00148866 0.0187789 -0.000606754 0.000457559 0.0376333 -0.000893381 0.00587519 0.016309 -0.0101399 -3.89639e-05 -0.00079783 -0.0130315 -0.00798826
internal_weight=324.313 306.661 33.1473 273.514 262.326 9.19849 253.128 24.0055 17.6244 11.2435 248.902 243.249 49.2049 43.6901
internal_count=2366 1651 329 1322 1236 62 1174 129 93 66 1147 1110 281 253
is_linear=0
shrinkage=0.05


Tree=58
num_leaves=15
num_cat=0
split_feature=12 11 8 11 11 8 0 0 0 0 11 8 0 0
split_gain=18.1816 1.95033 4.51043 3.26287 6.97114 4.70462 3.27126 5.17657 1.97495 1.96158 1.87129 12.4375 2.68744 6.29481
threshold=1.0000000180025095e-35 2.5000000000000004 7.9235245104370504 5.5000000000000009 4.5000000000000009 5.3283627836756713 62.500000000000007 76.500000000000014 65.500000000000014 50.500000000000007 1.5000000000000002 5.9965779765059937 59.500000000000007 66.500000000000014
decision_type=2 2 2 2 2 2 2 2 2 2 2 2 2 2
left_child=1 10 3 4 -3 6 9 -8 -7 -5 11 12 -1 -14
right_child=-2 2 -4 5 -6 8 7 -9 -10 -11 -12 -13 13 -15
leaf_value=-0.016887855715688235 -0.051240302280438091 0.0066606547442096351 0.052714707778789095 0.0055427511544973353 0.061678040383402889 -0.047750591364540476 -0.039068720506996876 0.018462461390018083 -0.010203402206449346 0.048248581151463715 -0.0040162032571730982 0.054583418952257184 0.04513003589488282 -0.0057189237628953882
leaf_weight=22.213392376899719 16.87860063277185 47.405783530324697 5.2936625871807328 5.0793554931879061 6.5535932034254065 6.9647451341152173 7.1414305120706549 8.6410083472728711 7.0445068776607513 5.7134252190589905 140.06384831666946 11.080561023205517 7.7551051974296561 28.285206511616707
leaf_count=99 717 229 116 23 67 31 30 37 29 25 652 185 35 121
internal_value=-0.000707011 0.00205118 0.00780185 0.00528711 0.0133427 -0.00542332 0.00693676 -0.00756995 -0.0288701 0.0281501 -0.000690643 0.0060274 -0.00320854 0.00522269
internal_weight=326.114 309.236 99.8375 94.5438 53.9594 40.5845 26.5752 15.7824 14.0093 10.7928 209.398 69.3343 58.2537 36.0403
internal_count=2396 1679 587 471 296 175 115 67 60 48 1092 440 255 156
is_linear=0
shrinkage=0.05


Tree=59
num_leaves=15
num_cat=0
split_feature=12 8 11 0 8 8 8 0 11 8 10 0 11 0
split_gain=17.321 3.18795 6.64646 7.0659 5.61505 10.6348 8.50116 3.69853 3.19811 3.02907 4.1198 4.10223 2.95772 4.09403
threshold=1.0000000180025095e-35 6.2173589965874916 1.5000000000000002 94.500000000000014 6.9781452719047961 7.0638297761390536 7.2454176853774586 66.500000000000014 5.5000000000000009 7.9235245104370504 -1.0000000180025095e-35 65.500000000000014 2.5000000000000004 56.500000000000007
decision_type=2 2 2 2 2 2 2 2 2 2 2 2 2 2
left_child=1 8 -3 4 7 -6 -7 -4 12 11 -11 -8 -1 -14
right_child=-2 2 3 -5 5 6 9 -9 -10 10 -12 -13 13 -15
leaf_value=-0.0019578646435439296 -0.051176576506991381 0.053179059287288027 0.0059578950223017936 -0.059005760450550997 -0.07943977504590205 0.073993729653989052 -0.039295283467005254 0.066305243246487774 -0.015496261919381089 0.052570262467989307 0.0024070289269069855 0.018136385345784222 0.033393574293660626 0.0021970950569274988
leaf_weight=152.7944503724575 16.165554817765951 8.3166753090918046 4.1595619916915876 3.9628038927912703 3.6411190181970587 4.5760580562055102 8.2124819308519346 6.5165906511247158 32.331412121653557 5.0117760226130441 22.327725082635887 5.0036456473171702 15.520218551158903 32.621546812355518
leaf_count=682 722 163 25 27 19 28 54 36 142 115 120 25 73 156
internal_value=-0.000739831 0.00193344 0.0111519 0.00563993 0.00994915 0.00275974 0.0093914 0.0427932 -0.000901191 0.00210205 0.0116028 -0.0175516 0.00144721 0.0122544
internal_weight=321.162 304.996 71.7284 63.4118 59.449 48.7728 45.1317 10.6762 233.268 40.5556 27.3395 13.2161 200.936 48.1418
internal_count=2387 1665 612 449 422 361 342 61 1053 314 235 79 911 229
is_linear=0
shrinkage=0.05


Tree=60
num_leaves=15
num_cat=0
split_feature=9 0 0 1 0 8 8 10 0 1 0 8 8 0
split_gain=11.126 2.34929 5.77707 3.48441 3.17855 2.92352 4.1242 2.79323 2.4439 1.98715 2.59364 1.96232 1.87226 1.77613
threshold=1.5000000000000002 44.500000000000007 42.500000000000007 1.5000000000000002 49.500000000000007 9.5335501127930069 9.744288079583999 -1.0000000180025095e-35 50.500000000000007 1.5000000000000002 47.500000000000007 7.1421928473241669 5.635849483702855 98.500000000000014
decision_type=2 2 2 2 2 2 2 2 2 2 2 2 2 2
left_child=1 2 3 12 7 8 -7 9 -6 10 -3 -9 -1 -10
right_child=-2 4 -4 -5 5 6 -8 11 13 -11 -12 -13 -14 -15
leaf_value=-0.0018223632593569444 -0.051090621380109218 0.033487789803900513 0.055133713525992334 -0.026323884965984048 0.030691897926235247 0.08863992938832703 -4.7094004947825124e-06 -0.046054325805829265 0.00022343921494994508 -0.021845581778977011 -0.026778702811430785 -0.0043525904268473178 0.042237244998879833 -0.034768746437764453
leaf_weight=4.9062244687229448 10.696228027343748 5.7231094017624873 6.7243291214108458 7.0976990163326255 6.5291534066200247 2.2883028201758853 3.0758124198764563 9.1261859927326423 239.65313259325922 6.7363753300160161 2.5945969223976135 4.083126224577426 4.7412097323685884 3.6820888370275489
leaf_count=29 512 38 46 35 30 23 28 52 1423 50 25 22 38 20
internal_value=-0.00096199 0.000784769 0.0159873 0.000267284 -0.000473803 0.00128802 0.0378106 -0.0163837 0.000503947 -0.00165973 0.0146885 -0.0331639 0.0198306 -0.000306054
internal_weight=317.658 306.961 23.4695 16.7451 283.492 255.228 5.36412 28.2634 249.864 15.0541 8.31771 13.2093 9.64743 243.335
internal_count=2371 1859 148 102 1711 1524 51 187 1473 113 63 74 67 1443
is_linear=0
shrinkage=0.05


Tree=61
num_leaves=15
num_cat=0
split_feature=12 10 8 8 8 0 1 0 0 8 8 1 8 8
split_gain=16.9017 1.87741 6.93759 2.10283 5.74775 5.58374 4.4624 2.90281 2.2705 2.58705 2.83094 2.57661 2.38179 3.28386
threshold=1.0000000180025095e-35 -1.0000000180025095e-35 7.9235245104370504 5.8339127528637542 6.2173589965874916 93.500000000000014 1.0000000180025095e-35 94.500000000000014 42.500000000000007 8.1111085370258902 9.306595269852231 1.0000000180025095e-35 7.0638297761390536 7.4424560799990749
decision_type=2 2 2 2 2 2 2 2 2 2 2 2 2 2
left_child=1 2 -1 6 -5 8 -3 -8 -6 12 11 -11 -10 -14
right_child=-2 3 -4 4 5 -7 7 -9 9 10 -12 -13 13 -15
leaf_value=0.0044351250517853796 -0.051081891449469688 0.019044623569595905 0.052277018698531234 -0.059870533021490681 -0.033213277469803064 -0.060182426126594718 -0.0083342829180352764 0.027929002760715083 -0.0020316258374879835 -0.060207342897255656 0.01585663432280188 -0.0085216997698850331 0.064581157655114588 0.010384879885095094
leaf_weight=151.91605016961694 15.111142916604875 30.737105384469032 7.9754149280488482 5.0161400288343421 4.2623803764581671 4.0036381334066382 52.154577471315861 6.1715579777956 8.6972342133522051 3.3413694575428989 7.7504038065671912 8.6627262160181981 4.7379482388496381 6.8158658742904663
leaf_count=786 733 131 202 38 20 21 223 25 39 27 37 46 23 38
internal_value=0.000523143 0.00310323 0.00682149 -0.0010732 -0.00892967 -0.00363615 0.00362743 -0.00449722 0.00147796 0.00517413 -0.00769955 -0.0229085 0.0177321 0.0326095
internal_weight=317.354 302.242 159.891 142.351 53.2877 48.2716 89.0632 58.3261 44.2679 40.0055 19.7545 12.0041 20.251 11.5538
internal_count=2389 1656 988 668 289 251 379 248 230 210 110 73 100 61
is_linear=0
shrinkage=0.05


Tree=62
num_leaves=15
num_cat=0
split_feature=12 0 0 1 0 0 0 10 7 0 8 10 8 0
split_gain=15.4189 1.40021 5.44841 3.32409 1.69453 5.91314 4.79745 2.55027 2.39831 3.14752 2.81779 2.95573 2.25108 1.91181
threshold=1.0000000180025095e-35 44.500000000000007 42.500000000000007 1.5000000000000002 59.500000000000007 62.500000000000007 55.500000000000007 -1.0000000180025095e-35 1.0000000180025095e-35 49.500000000000007 6.1976873197865601 -1.0000000180025095e-35 9.478268757943102 45.500000000000007
decision_type=2 2 2 2 2 2 2 2 2 2 2 2 2 2
left_child=1 2 3 -1 6 7 8 -6 9 13 -10 -12 -7 -3
right_child=-2 4 -4 -5 5 12 -8 -9 10 -11 11 -13 -14 -15
leaf_value=0.017666621309697157 -0.051026714413532015 0.018180971800328401 0.052725803902596104 -0.028360671946724109 0.060627597750348039 0.002053765316159101 -0.025712844718389357 0.013233042402772089 -0.043788382323427112 0.019459618706517561 0.027841840380124078 -0.018326936899607901 0.040387539006502167 -0.018265595013575237
leaf_weight=10.038682756945496 13.550046255812047 5.0955774635076549 6.8548208698630324 6.4385815337300292 6.4672483783215284 176.34672252647579 18.734834454953671 5.0584537759423238 5.0583429336547878 28.515769198536873 5.6482489090412864 8.975187905132767 3.9147426504641762 12.243305087089537
leaf_count=62 691 22 38 32 40 932 99 25 30 123 80 50 38 52
internal_value=0.00114251 0.00350362 0.0152654 -0.000318796 0.00250954 0.00510625 -0.00340015 0.0398269 0.00297835 0.0092448 -0.0116212 -0.000494416 0.00288626 -0.00755462
internal_weight=312.941 299.391 23.3321 16.4773 276.058 191.787 84.2713 11.5257 65.5364 45.8547 19.6818 14.6234 180.261 17.3389
internal_count=2314 1623 132 94 1491 1035 456 65 357 197 160 130 970 74
is_linear=0
shrinkage=0.05


Tree=63
num_leaves=15
num_cat=0
split_feature=12 11 11 0 10 0 0 0 0 0 0 0 0 0
split_gain=15.4258 2.13228 9.66163 2.9925 2.12263 2.87766 6.24024 3.20008 3.05746 6.12653 6.87799 2.71468 2.35092 3.04227
threshold=1.0000000180025095e-35 5.5000000000000009 4.5000000000000009 47.500000000000007 -1.0000000180025095e-35 95.500000000000014 92.500000000000014 87.500000000000014 54.500000000000007 59.500000000000007 62.500000000000007 96.500000000000014 51.500000000000007 53.500000000000007
decision_type=2 2 2 2 2 2 2 2 2 2 2 2 2 2
left_child=1 2 4 -3 5 6 7 8 -1 -10 -11 12 -6 -14
right_child=-2 3 -4 -5 11 -7 -8 -9 9 10 -12 -13 13 -15
leaf_value=0.019883651218469515 -0.050974820679834193 0.028499528878861265 0.059340406548277172 -0.011442122850105207 -0.01091654161673658 0.037026780603647724 -0.051934748180409544 0.042453732100612623 -0.035682490484470183 0.061314541258873347 0.0011044759657677847 -0.030137276615151039 0.037927062130557077 0.0024354430645137566
leaf_weight=29.173349689692259 13.619868531823156 5.3246013596653929 7.9733538459986439 39.312702618539333 31.626476153731346 8.2288426496088487 4.4035947583615771 6.6281782798469058 9.9581027589738351 5.2614062801003447 48.148997377604246 7.4054030030965796 6.452173486351966 94.040097877383232
leaf_count=189 730 30 114 196 148 46 32 40 53 33 280 35 27 446
internal_value=0.00108331 0.00341611 0.0051537 -0.00667765 0.00343462 0.00856781 0.00630676 0.00889295 0.0064892 0.000322719 0.00703571 -0.000678658 0.000972531 0.00471421
internal_weight=317.557 303.937 259.3 44.6373 251.327 111.802 103.574 99.17 92.5419 63.3685 53.4104 139.524 132.119 100.492
internal_count=2399 1669 1443 226 1329 673 627 595 555 366 313 656 621 473
is_linear=0
shrinkage=0.05


Tree=64
num_leaves=15
num_cat=0
split_feature=12 8 8 10 8 8 8 8 10 1 8 0 0 0
split_gain=13.2749 2.79297 6.5234 6.72448 4.12564 2.56254 2.37652 3.57676 2.43751 2.36608 8.23996 3.46568 4.86092 2.55906
threshold=1.0000000180025095e-35 7.9235245104370504 8.1111085370258902 -1.0000000180025095e-35 7.754961067745878 9.5335501127930069 6.2173589965874916 5.7959825289101827 -1.0000000180025095e-35 1.5000000000000002 6.9781452719047961 65.500000000000014 81.500000000000014 53.500000000000007
decision_type=2 2 2 2 2 2 2 2 2 2 2 2 2 2
left_child=1 4 -3 -4 6 -5 7 -1 -9 11 -11 13 -13 -8
right_child=-2 2 3 5 -6 -7 9 8 -10 10 -12 12 -14 -15
leaf_value=0.00025000638109104212 -0.050927979732493661 0.092950222835797028 0.052121698701811436 -0.017592273116645334 -0.045439103663086206 0.02112722187916901 0.0041948009561081087 -0.0091398774674573951 -0.051652941731006721 0.082525659057788858 -0.0050508075646744192 0.044677832849857976 -0.012895037776985569 -0.050314544668431674
leaf_weight=212.42871475964785 12.719227250665424 2.5108472947031286 6.6844109278172317 13.979840993881224 4.9834463074803343 6.1543784439563742 4.5833968371152896 8.6646332219243032 5.5193852186202994 4.6400923989713174 6.3774890713393688 8.0457503870129568 6.7354323565959922 4.0608661994338036
leaf_count=934 715 20 182 81 37 29 31 56 43 33 50 53 45 30
internal_value=-0.000912977 0.00124078 0.0158842 0.008669 -0.00037358 -0.00575698 0.000486702 -0.00137317 -0.0256829 0.0127234 0.0318323 0.00373606 0.0184432 -0.0214124
internal_weight=308.088 295.369 29.3295 26.8186 266.039 20.1342 261.056 226.613 14.184 34.443 11.0176 23.4254 14.7812 8.64426
internal_count=2339 1624 312 292 1312 110 1275 1033 99 242 83 159 98 61
is_linear=0
shrinkage=0.05


Tree=65
num_leaves=15
num_cat=0
split_feature=12 11 0 0 8 0 11 1 8 8 1 0 11 11
split_gain=14.1695 2.25663 3.62015 5.27259 3.04093 2.76937 4.07653 3.81688 2.22952 3.3997 4.24074 3.56873 3.01961 1.95538
threshold=1.0000000180025095e-35 2.5000000000000004 60.500000000000007 70.500000000000014 7.8955828371541141 54.500000000000007 1.5000000000000002 1.0000000180025095e-35 8.1111085370258902 5.1695935808749196 1.5000000000000002 81.500000000000014 1.0000000180025095e-35 5.5000000000000009
decision_type=2 2 2 2 2 2 2 2 2 2 2 2 2 2
left_child=1 2 5 -4 13 -1 -7 -8 9 12 11 -11 -5 -3
right_child=-2 4 3 8 -6 6 7 -9 -10 10 -12 -13 -14 -15
leaf_value=-0.0026175979984313742 -0.050882071321346117 0.014826675295610907 0.021765640160992486 -0.028526303273679478 0.052176900421579145 -0.061394178405723199 0.024216375351001684 -0.037374709321382961 -0.022203360348168829 0.026250085658113632 0.045428081923808372 -0.027895980757888961 0.0015827081240598968 -0.00023744732562532342
leaf_weight=59.26935070939362 12.179287975654004 52.296373864635825 38.463935876265168 10.331551402807234 4.1965125259011975 5.4059142321348164 4.8740519732236862 5.1981106251478195 10.427455795928834 6.32293451577425 9.0098441075533628 5.8666528984904289 42.922286868095398 36.63068924844265
leaf_count=317 719 294 211 44 115 26 22 30 87 41 52 37 181 159
internal_value=0.00195507 0.00416483 0.00114705 0.00640888 0.0105843 -0.00753579 -0.0263688 -0.00756997 -0.000550073 0.00248255 0.0194166 0.000190452 -0.00425861 0.00862149
internal_weight=303.395 291.216 198.092 123.345 93.1236 74.7474 15.4781 10.0722 84.8807 74.4533 21.1994 12.1896 53.2538 88.9271
internal_count=2335 1616 1048 653 568 395 78 52 442 355 130 78 225 453
is_linear=0
shrinkage=0.05


Tree=66
num_leaves=15
num_cat=0
split_feature=12 8 8 10 1 11 8 8 1 8 8 8 7 8
split_gain=12.1875 1.87229 6.98665 5.40687 5.63013 4.38284 4.31296 3.07225 2.80933 2.89227 2.2996 2.10638 1.0019 5.30148
threshold=1.0000000180025095e-35 7.0638297761390536 7.2454176853774586 -1.0000000180025095e-35 1.0000000180025095e-35 5.5000000000000009 8.0030888834141631 6.8035216644328225 1.5000000000000002 8.4105228767977724 6.9781452719047961 8.2457184660565375 1.0000000180025095e-35 5.1695935808749196
decision_type=2 2 2 2 2 2 2 2 2 2 2 2 2 2
left_child=1 7 -3 5 -5 -4 -7 12 9 -6 -9 -10 -1 -14
right_child=-2 2 3 4 8 6 -8 10 11 -11 -12 -13 13 -15
leaf_value=0.0028374364499850467 -0.050838331388646997 0.071058199205286762 0.052697759256216753 -0.041478724603995785 0.056983373144980337 -0.041946309258558662 0.052491419771991024 -0.0043737198333804045 -0.028624609912094135 0.0040791753187164282 -0.061843537954690754 0.010100510510508006 -0.04722875613509922 0.001094788890574573
leaf_weight=189.30962701141834 11.32000123336911 4.3851842526346436 8.7754841763526183 8.3268339857459051 4.3085568249225616 3.138556405901908 1.9665080830454824 3.5536189787089816 6.8191327974200249 6.452281653881073 3.4118953533470631 7.2393590435385704 6.5025636255741111 44.634341325610876
leaf_count=814 702 36 219 56 19 13 44 26 34 35 21 39 35 269
internal_value=8.66581e-05 0.00201579 0.0106979 0.00506942 -0.00590186 0.0312684 -0.00556821 0.000211651 0.0060341 0.0252616 -0.032524 -0.00868328 0.00115997 -0.00505003
internal_weight=310.144 298.824 51.4119 47.0267 33.1462 13.8805 5.10506 247.412 24.8193 10.7608 6.96551 14.0585 240.447 51.1369
internal_count=2362 1660 495 459 183 276 57 1165 127 54 47 73 1118 304
is_linear=0
shrinkage=0.05


Tree=67
num_leaves=15
num_cat=0
split_feature=12 8 8 11 0 0 0 8 8 8 0 8 0 0
split_gain=10.8759 2.75606 6.41935 4.50468 3.68972 4.64552 3.44029 4.10806 8.39094 5.09652 3.41003 5.0241 3.25184 2.32196
threshold=1.0000000180025095e-35 7.0638297761390536 7.2454176853774586 1.5000000000000002 93.500000000000014 85.500000000000014 82.500000000000014 7.9235245104370504 8.3922138067745564 7.5565723562249305 70.500000000000014 9.1742985502486309 55.500000000000007 41.500000000000007
decision_type=2 2 2 2 2 2 2 2 2 2 2 2 2 2
left_child=1 13 -3 -4 5 6 7 9 -9 -5 11 -10 -13 -1
right_child=-2 2 3 4 -6 -7 -8 8 10 -11 -12 12 -14 -15
leaf_value=0.024859851167331234 -0.050797503194234976 0.067626760176937251 0.052502120690515443 0.0049711313805857558 -0.050135895204433061 0.060788323647818034 -0.058731909067475489 0.061504343941824524 -0.036457126109520427 -0.064098854563377175 -0.054351024134616378 0.0052859699096165875 0.07711484634495186 -0.0031059898565178098
leaf_weight=7.6605923548340789 10.953727258369325 4.49713703803718 4.4989576712250701 7.1434696204960364 3.3934548813849679 3.3187599387019864 2.412633564323186 6.8961460385471609 4.1208735611289722 4.2655366398394108 2.8952350597828618 3.9457195140421391 2.6232699695974588 238.61222542449832
leaf_count=37 713 40 115 45 28 28 19 51 52 27 26 33 22 1122
internal_value=-0.00187175 -6.295e-05 0.0106383 0.00500742 -0.000202285 0.0043017 -0.0011633 0.00319201 0.0165858 -0.0208524 -0.00621594 0.00682093 0.0339702 -0.00223608
internal_weight=307.238 296.284 50.0112 45.5141 41.0151 37.6216 34.3029 31.8903 20.4812 11.409 13.5851 10.6899 6.56899 246.273
internal_count=2358 1645 486 446 331 303 275 256 184 72 133 107 55 1159
is_linear=0
shrinkage=0.05


Tree=68
num_leaves=15
num_cat=0
split_feature=9 0 0 0 10 0 8 0 13 8 0 0 0 8
split_gain=6.89946 5.11344 3.22624 3.41979 2.01673 1.88832 2.41299 4.71109 2.15134 4.41823 3.98173 5.29462 6.62236 8.60121
threshold=1.5000000000000002 44.500000000000007 42.500000000000007 41.500000000000007 1.0000000180025095e-35 49.500000000000007 9.306595269852231 76.500000000000014 1.0000000180025095e-35 5.1695935808749196 65.500000000000014 68.500000000000014 74.500000000000014 5.4601630815722784
decision_type=2 2 2 2 2 2 2 2 2 2 2 2 2 2
left_child=1 2 3 4 -1 -3 8 -8 9 -7 -11 -12 -13 -14
right_child=-2 5 -4 -5 -6 6 7 -9 -10 10 11 12 13 -15
leaf_value=0.043196727853715922 -0.050725511393494627 -0.015475772508579708 0.051531465062306103 -0.018795603542423395 -0.00611951859401516 -0.047982911041965122 0.069478523917338247 -0.01111896527721621 0.00045571418094376542 -0.021011591789876032 0.053390714259285522 -0.06644391189041933 0.08744752456175614 -0.0032156443789130187
leaf_weight=6.7913509923964792 7.3028569947928181 28.971233547665179 6.3597575109452 6.4347775038331738 2.9838517159223557 6.8381564160808912 3.3886750042438498 3.8994642030447721 163.13458885252476 27.50178393162787 4.6886959187686434 3.7061576358973971 2.8290548250079146 34.736835341900587
leaf_count=52 518 199 47 36 18 191 38 40 699 209 36 25 13 275
internal_value=-0.00270274 -0.00154248 0.021351 0.00951012 0.0281431 -0.00338986 -0.00199332 0.0263554 -0.00284205 -0.0095416 -0.00596335 0.00304115 -0.00267879 0.00361212
internal_weight=309.567 302.264 22.5697 16.21 9.7752 279.695 250.723 7.28814 243.435 80.3007 73.4625 45.9607 41.272 37.5659
internal_count=2396 1878 153 106 70 1725 1526 78 1448 749 558 349 313 288
is_linear=0
shrinkage=0.05


Tree=69
num_leaves=15
num_cat=0
split_feature=12 11 11 11 8 8 10 10 8 8 1 8 8 8
split_gain=11.2819 2.50258 3.01935 5.68885 2.33429 2.32285 2.14626 2.1763 2.05401 4.23341 1.40055 0.984869 0.796458 1.04415
threshold=1.0000000180025095e-35 2.5000000000000004 5.5000000000000009 4.5000000000000009 8.3922138067745564 8.2457184660565375 3.5000000000000004 -1.0000000180025095e-35 5.8339127528637542 6.2173589965874916 1.5000000000000002 9.63271291741294 7.2454176853774586 7.5415984680636532
decision_type=2 2 2 2 2 2 2 2 2 2 2 2 2 2
left_child=1 4 3 -3 5 -1 7 -6 10 -10 -4 -8 -11 -14
right_child=-2 2 8 -5 6 -7 11 -9 9 12 -12 -13 13 -15
leaf_value=0.0010006465861603089 -0.050726210075030302 0.011585070482223625 0.015338443545015326 0.059670671147202738 0.051637566948514957 0.038805389355470982 -0.045896733082106421 -0.014078647156720889 -0.076335169403778824 0.013660513969798289 -0.0090667986598080372 -0.01121716260144383 -0.042078617347377702 0.0032865823418353696
leaf_weight=183.34141297265887 9.9712548162788135 42.143641974776983 18.555798023939133 7.201957629993557 1.7358453776687373 4.1552855074405661 5.9612749740481359 4.5942171961069107 2.4192924946546546 4.3019420206546766 8.6045882850885409 3.1180739253759384 2.1546608209609985 3.0836953781545162
leaf_count=903 712 236 81 111 58 24 44 29 11 18 38 15 9 45
internal_value=0.00157104 0.00336074 0.0103785 0.0186031 0.00030104 0.00183847 -0.0184059 0.00394222 4.0976e-06 -0.0172615 0.0076067 -0.0339869 -0.00228123 -0.0153732
internal_weight=301.343 291.372 88.4656 49.3456 202.906 187.497 15.4094 6.33006 39.12 11.9596 27.1604 9.07935 9.5403 5.23836
internal_count=2334 1622 549 347 1073 927 146 87 202 83 119 59 72 54
is_linear=0
shrinkage=0.05


Tree=70
num_leaves=15
num_cat=0
split_feature=12 11 11 0 0 7 0 8 11 8 7 8 0 1
split_gain=10.5186 3.06053 8.00574 1.424 2.86841 3.26331 2.65937 2.44346 1.39992 8.16626 2.20288 4.43387 3.6218 2.49199
threshold=1.0000000180025095e-35 5.5000000000000009 4.5000000000000009 76.500000000000014 62.500000000000007 1.0000000180025095e-35 81.500000000000014 6.9189150544599718 1.5000000000000002 5.9965779765059937 1.0000000180025095e-35 5.2333895699074224 93.500000000000014 1.5000000000000002
decision_type=2 2 2 2 2 2 2 2 2 2 2 2 2 2
left_child=1 2 8 4 5 -3 -5 -7 9 -1 -10 -12 13 -13
right_child=-2 3 -4 6 -6 7 -8 -9 10 -11 11 12 -14 -15
leaf_value=0.0021565678773519913 -0.050689571254384426 0.017331858625125155 0.058392583263942324 0.041424773427070322 -0.036616661589327158 -0.060789712787507381 -0.0093884420420821853 -0.00036351760380636639 0.0046344376236525098 0.054173360011229521 -0.053778131313897783 0.010257204511177311 -0.041638057515266211 -0.011966029138619549
leaf_weight=56.320786774158478 9.6962987761944515 8.5058713406324404 6.6662749014794818 3.3224767334759227 11.147829607129095 3.2120909392833701 11.444271028041838 3.4915449935942888 115.31739471852779 8.7125092279165965 4.6929483339190474 29.926072573289275 5.5427609458565703 21.806546024978161
leaf_count=248 728 38 108 20 50 16 59 33 494 178 26 187 38 135
internal_value=0.000538258 0.00225044 0.00433757 -0.010386 -0.0173502 -0.00322882 0.00204439 -0.0293171 0.00285049 0.00912526 0.000548739 -0.00705437 -0.00322599 0.000889576
internal_weight=299.806 290.109 248.985 41.1241 26.3573 15.2095 14.7667 6.70364 242.319 65.0333 177.286 61.9683 57.2754 51.7326
internal_count=2358 1630 1414 216 137 87 79 49 1306 426 880 386 360 322
is_linear=0
shrinkage=0.05


Tree=71
num_leaves=15
num_cat=0
split_feature=12 8 8 8 1 8 0 0 8 8 8 8 1 1
split_gain=9.7735 1.51905 4.02666 3.62446 1.82844 2.77691 5.35965 3.90415 3.30539 6.951 1.61778 6.49218 4.55772 2.04733
threshold=1.0000000180025095e-35 7.9235245104370504 8.1111085370258902 7.754961067745878 1.0000000180025095e-35 9.6620133884527473 82.500000000000014 92.500000000000014 9.1742985502486309 8.4105228767977724 7.0638297761390536 7.2454176853774586 1.0000000180025095e-35 1.5000000000000002
decision_type=2 2 2 2 2 2 2 2 2 2 2 2 2 2
left_child=1 3 -3 10 -4 6 8 -8 9 -6 -1 -12 -13 -14
right_child=-2 2 4 -5 5 -7 7 -9 -10 -11 11 12 13 -15
leaf_value=0.00054373848922894489 -0.050655078917473922 0.085937653846424905 -0.014181251366796694 -0.041961091751537276 0.071618041191224474 -0.02300799305139602 -0.050151914991296398 0.037726052559152325 0.081255583089657843 -0.026383106513960603 0.068108486777855665 -0.051298525226504868 0.0531517618699964 -0.0031005384393516687
leaf_weight=244.84137563966215 9.122889935038982 1.7654527053236986 6.919309729710224 4.8857421763241282 3.7393800877034717 3.7914111446589223 3.3158911019563666 2.0423365905880928 3.9072257988154888 3.5055986903607845 4.4404102880507699 3.4277467243373376 2.7071444056928158 4.0186565592885017
leaf_count=1154 720 19 92 40 38 39 34 25 41 52 39 27 23 31
internal_value=0.000310596 0.00189581 0.0127616 0.000704217 0.00801568 0.0155809 0.0244423 -0.0166564 0.0441888 0.0241986 0.0015077 0.01768 -0.00437373 0.0195411
internal_weight=302.431 293.308 28.9866 264.321 27.2212 20.3018 16.5104 5.35823 11.1522 7.24498 259.435 14.594 10.1535 6.7258
internal_count=2374 1654 340 1314 321 229 190 59 131 90 1274 120 81 54
is_linear=0
shrinkage=0.05


Tree=72
num_leaves=15
num_cat=0
split_feature=12 8 8 0 0 1 8 8 0 1 8 8 8 0
split_gain=9.13616 4.31019 4.94018 4.1492 4.06148 7.38133 8.17504 3.92415 3.66755 3.41221 3.38583 2.77442 3.19377 6.74649
threshold=1.0000000180025095e-35 5.635849483702855 5.3283627836756713 44.500000000000007 60.500000000000007 1.0000000180025095e-35 5.9965779765059937 7.1140501386612653 94.500000000000014 1.0000000180025095e-35 7.3618776919946827 8.3456476633296575 7.8240433591792327 88.500000000000014
decision_type=2 2 2 2 2 2 2 2 2 2 2 2 2 2
left_child=1 2 -1 10 7 -6 -7 -5 11 -9 -3 12 13 -8
right_child=-2 3 -4 4 5 6 8 9 -10 -11 -12 -13 -14 -15
leaf_value=-0.0013469495718367568 -0.050622084167679805 0.076526956797921181 -0.039554569496726623 -0.043174423914150224 -0.015071990266446282 0.099236016127513552 0.011818860354864182 0.063756029946325329 -0.027931824254834699 -0.0073001490962481264 0.015525890014386534 0.052811946855495034 -0.012620512445492144 0.086475131854588425
leaf_weight=203.45963541418314 8.8703227937221509 4.0165566578507406 8.827294670045374 6.9158520288765457 16.008870493620634 3.4057756811380377 14.787182994186884 1.9817647375166405 3.8497201278805724 11.458552977070211 5.2454205080866814 6.5262606311589471 6.9550200551748267 3.8047292884439221
leaf_count=887 736 24 47 48 149 16 108 22 37 119 52 78 60 26
internal_value=-0.000619006 0.000873187 -0.0029357 0.0103908 0.00652555 0.0135501 0.0252009 -0.0125705 0.0181817 0.00317703 0.0419797 0.0237167 0.016284 0.0270968
internal_weight=306.113 297.243 212.287 84.9557 75.6937 55.3376 39.3287 20.3562 35.9229 13.4403 9.26198 32.0732 25.5469 18.5919
internal_count=2409 1673 934 739 663 474 325 189 309 141 76 272 194 134
is_linear=0
shrinkage=0.05


Tree=73
num_leaves=15
num_cat=0
split_feature=12 0 11 8 8 8 11 8 1 1 8 8 0 0
split_gain=9.19324 1.92373 2.98653 2.80936 6.42973 4.32818 2.63022 2.36742 2.33942 3.89385 4.04921 7.04689 2.9927 2.97662
threshold=1.0000000180025095e-35 93.500000000000014 5.5000000000000009 7.0638297761390536 6.9781452719047961 7.2454176853774586 1.5000000000000002 6.7679075746260784 1.0000000180025095e-35 1.5000000000000002 9.3846820018401438 8.2457184660565375 64.500000000000014 65.500000000000014
decision_type=2 2 2 2 2 2 2 2 2 2 2 2 2 2
left_child=1 3 -3 4 7 -5 -7 -1 12 13 11 -11 -8 -10
right_child=-2 2 -4 5 -6 6 8 -9 9 10 -12 -13 -14 -15
leaf_value=0.0026491966548569 -0.0505906378449274 -0.0024897902568363803 -0.048847395014958259 0.066641985451062161 -0.060140315022775503 0.052219924909074726 0.015932475912467946 0.039576606092279865 0.014055904697606522 -0.017626959024222458 -0.055153250352923705 0.05850678187927192 -0.047177651462511037 0.065978535517006207
leaf_weight=221.75270410999656 8.1665818896144611 22.412733010947708 4.1116458177566519 3.8739551249891511 4.0563685595989218 3.5463954564183942 3.5326997851952902 4.4269226361066094 6.4218728356063384 8.4168795105069893 2.9265802856534711 4.7572111161425701 4.0115855596959591 4.8410548949614167
leaf_count=1023 713 131 19 34 25 105 33 33 58 60 24 46 41 32
internal_value=0.00174947 0.00317861 -0.00967586 0.00442953 0.00225298 0.0162684 0.0111937 0.00337196 0.00702572 0.0138222 -0.00195304 0.00986521 -0.0176256 0.0363734
internal_weight=307.255 299.089 26.5244 272.564 230.236 42.3282 38.4543 226.18 34.9079 27.3636 16.1007 13.1741 7.54429 11.2629
internal_count=2377 1664 150 1514 1081 433 399 1056 294 220 130 106 74 90
is_linear=0
shrinkage=0.05


Tree=74
num_leaves=15
num_cat=0
split_feature=12 0 0 0 10 0 10 1 0 0 0 0 13 11
split_gain=8.12013 2.045 1.65826 2.74941 6.75249 5.26885 1.86767 3.61622 2.02374 3.0161 3.28811 5.38258 6.87165 2.43904
threshold=1.0000000180025095e-35 97.500000000000014 95.500000000000014 92.500000000000014 -1.0000000180025095e-35 91.500000000000014 4.5000000000000009 1.5000000000000002 84.500000000000014 81.500000000000014 77.500000000000014 74.500000000000014 1.0000000180025095e-35 1.5000000000000002
decision_type=2 2 2 2 2 2 2 2 2 2 2 2 2 2
left_child=1 2 3 5 -5 6 8 -8 9 10 11 -1 -13 -11
right_child=-2 -3 -4 4 -6 -7 7 -9 -10 13 -12 12 -14 -15
leaf_value=0.0041190767722406388 -0.050560926358707264 -0.026635581716203966 0.018524675337403186 -0.055872957331579334 0.016426058566774576 0.056043876781976837 0.0020710053834834658 -0.029701094943048047 0.016376102322276209 -0.050188233280585026 0.026222165428290992 0.0092122376823823085 -0.054417337537593584 -0.0070834131969437887
leaf_weight=148.65321022551507 7.7904552407562724 6.478470515459775 14.050537530332802 6.8076478838920593 6.1444303393363935 4.4373927116394034 25.943244896829128 13.677236616611479 24.714161403477192 4.6450149454176417 14.089275069534777 7.7795935869216928 9.3339622765779495 11.181954357773064
leaf_count=866 715 38 68 50 30 20 126 65 136 25 92 60 38 55
internal_value=-0.000168522 0.00114914 0.00176674 0.000917955 -0.0215745 0.00201956 0.00109759 -0.00889692 0.00289429 0.00119158 0.003033 0.00106205 -0.0254922 -0.0197341
internal_weight=305.727 297.936 291.458 277.407 12.9521 264.455 260.018 39.6205 220.397 195.683 179.856 165.767 17.1136 15.827
internal_count=2384 1669 1631 1563 80 1483 1463 191 1272 1136 1056 964 98 80
is_linear=0
shrinkage=0.05


Tree=75
num_leaves=15
num_cat=0
split_feature=12 10 0 0 0 0 11 0 11 11 1 11 0 1
split_gain=7.76478 2.08135 3.47672 2.46251 1.77098 3.29809 2.85912 3.46271 3.39483 2.02454 2.71889 4.15262 3.33494 1.96775
threshold=1.0000000180025095e-35 4.5000000000000009 45.500000000000007 49.500000000000007 59.500000000000007 61.500000000000007 5.5000000000000009 76.500000000000014 4.5000000000000009 2.5000000000000004 1.0000000180025095e-35 1.5000000000000002 52.500000000000007 1.0000000180025095e-35
decision_type=2 2 2 2 2 2 2 2 2 2 2 2 2 2
left_child=1 4 -3 -4 9 -6 8 -8 -7 10 11 -1 -13 -11
right_child=-2 2 3 -5 5 6 7 -9 -10 13 -12 12 -14 -15
leaf_value=-0.04789370714773232 -0.050535269556281015 0.035479371433351184 -0.055286761475351623 -0.0095454271330963208 0.047011581703755793 0.0068690926888007034 -0.030503036776327597 0.0062894180766074267 0.055914838520447131 0.026359787707964523 -1.3978603299131239e-05 -0.031732288555715915 0.023632279603116521 -0.00023566874549111718
leaf_weight=9.1225192490965128 7.3852703440934411 4.0302037149667731 3.2051667198538771 35.88960424810648 4.8546349704265586 118.75893402658403 11.447262417525055 14.489447250962256 3.636244347319006 9.6188589632511121 35.994257194921374 5.099101759493351 5.8296039700508118 25.113029160536826
leaf_count=46 710 18 17 171 34 653 55 76 67 50 211 23 27 166
internal_value=8.63596e-05 0.00138859 -0.0087373 -0.0132955 0.00317852 0.00645791 0.00513066 -0.00994907 0.0083262 -0.00235544 -0.00823356 -0.0229887 -0.00219965 0.00712984
internal_weight=294.474 287.089 43.125 39.0948 243.964 153.187 148.332 25.9367 122.395 90.7774 56.0455 20.0512 10.9287 34.7319
internal_count=2324 1614 206 188 1408 885 851 131 720 523 307 96 50 216
is_linear=0
shrinkage=0.05


Tree=76
num_leaves=15
num_cat=0
split_feature=12 0 0 0 0 0 8 8 0 0 8 0 10 0
split_gain=7.24891 1.7181 1.66294 4.38448 7.39754 5.12667 3.57605 6.13732 3.77262 3.63973 4.671 2.79623 2.12265 1.5715
threshold=1.0000000180025095e-35 97.500000000000014 84.500000000000014 70.500000000000014 71.500000000000014 65.500000000000014 6.6122601955619533 7.5565723562249305 74.500000000000014 77.500000000000014 9.1439502107500505 77.500000000000014 3.5000000000000004 79.500000000000014
decision_type=2 2 2 2 2 2 2 2 2 2 2 2 2 2
left_child=1 2 3 5 -5 12 8 -8 -6 -9 -11 -10 -1 -13
right_child=-2 -3 -4 4 6 -7 7 9 11 10 -12 13 -14 -15
leaf_value=0.0047840850004952952 -0.05050852271994926 -0.027595911910778495 0.0093209726710541101 -0.0764267892948991 0.019939940088240099 0.027321094054777104 0.070771969017846312 -0.054816603091736707 -0.036093056717223758 0.054568483795421369 -0.039262167300140122 0.011930997110428576 -0.0087066026831365446 -0.015922708086042906
leaf_weight=96.619761074893177 6.9661426898092023 5.1181776337325564 56.294108510017395 4.0727681443095198 7.4952454715967169 20.827441709116101 3.7438395004719487 2.6415101122111064 14.768966093659399 3.2762194173410535 2.2285848278552294 6.7069399654865292 41.759396500885487 20.671463292092085
leaf_count=603 704 32 309 22 32 113 28 26 69 30 28 29 203 94
internal_value=-0.000113401 0.00111312 0.00163583 -0.000288567 -0.0111661 0.00419382 -0.00684656 0.0177827 -0.0127457 -0.00656976 0.0165817 -0.0185583 0.00071293 -0.00909933
internal_weight=293.191 286.224 281.106 224.812 65.6055 159.207 61.5328 11.8902 49.6426 8.14631 5.5048 42.1474 138.379 27.3784
internal_count=2322 1618 1586 1277 358 919 336 112 224 84 58 192 806 123
is_linear=0
shrinkage=0.05


Tree=77
num_leaves=15
num_cat=0
split_feature=12 0 0 10 1 10 1 0 0 1 0 7 0 0
split_gain=6.56541 1.12173 2.9065 3.89988 1.73535 1.61245 2.41041 1.58315 1.42071 2.69949 2.39117 4.39117 3.11012 1.86733
threshold=1.0000000180025095e-35 59.500000000000007 54.500000000000007 3.5000000000000004 1.5000000000000002 -1.0000000180025095e-35 1.0000000180025095e-35 48.500000000000007 74.500000000000014 1.5000000000000002 77.500000000000014 1.0000000180025095e-35 81.500000000000014 84.500000000000014
decision_type=2 2 2 2 2 2 2 2 2 2 2 2 2 2
left_child=1 2 3 -1 7 -4 -7 -5 9 -3 11 -10 -12 -14
right_child=-2 8 5 4 -6 6 -8 -9 10 -11 12 -13 13 -15
leaf_value=0.0075361211713958504 -0.050482828486377876 0.002655128414790096 -0.031693086126485581 -0.020669996587387923 -0.032262244849229911 0.018675165857642079 -0.033222349810745719 0.010890137781679986 -0.039692626707613254 0.026665746611269931 0.022093373077230954 0.010386661236496274 -0.016187003706015942 0.0019340294628690969
leaf_weight=55.302292481996119 6.6315235989168277 54.303909107111394 13.023675065487625 8.380661800503729 10.019151523709297 5.0675853788852674 4.0060659646987915 7.5563366711139688 10.132835239171984 14.923123884946106 15.891189778223632 7.7063295617699614 18.230724334716797 64.565911717712879
leaf_count=346 705 305 73 40 49 24 24 35 41 82 101 59 94 358
internal_value=-0.00129363 -0.000165341 -0.00434062 3.18214e-05 -0.0159569 -0.0204194 -0.00423787 -0.00570614 0.00215783 0.00783105 -0.00121255 -0.0180589 0.00183266 -0.00205598
internal_weight=295.741 289.11 103.356 81.2584 25.9561 22.0973 9.07365 15.937 185.754 69.227 116.527 17.8392 98.6878 82.7966
internal_count=2336 1631 591 470 124 121 48 75 1040 387 653 100 553 452
is_linear=0
shrinkage=0.05


Tree=78
num_leaves=15
num_cat=0
split_feature=9 11 11 0 8 8 8 0 0 0 10 8 8 13
split_gain=4.74478 3.36614 7.70689 3.14888 2.133 3.2176 2.67798 1.66577 4.83027 2.0963 1.70003 1.69482 5.83706 2.14221
threshold=1.5000000000000002 5.5000000000000009 4.5000000000000009 92.500000000000014 5.7959825289101827 7.0638297761390536 7.2454176853774586 60.500000000000007 56.500000000000007 61.500000000000007 3.5000000000000004 8.4105228767977724 7.8819853272431439 1.0000000180025095e-35
decision_type=2 2 2 2 2 2 2 2 2 2 2 2 2 2
left_child=1 2 7 4 -3 -6 -7 8 11 -9 -10 12 13 -1
right_child=-2 3 -4 -5 5 6 -8 9 10 -11 -12 -13 -14 -15
leaf_value=-0.017122411919529377 -0.050437374638446289 0.00051968237309409852 0.058301046997386252 -0.050832919061352871 -0.059103578431092443 0.070860618889992233 -0.017898789213899115 0.040299011880537507 -0.04782166258227364 0.0040386740791538023 -0.0077202274855594543 -0.023800321518903766 0.065123495230195866 0.0043809299877161298
leaf_weight=14.694479582831262 4.5302968043833962 25.491694282740355 6.2022778978571287 4.6829513935372225 4.3521793633699399 1.028697073459625 4.8866553399711847 4.0918454136699429 7.496775681152938 153.99455678090453 4.0818921625614166 6.3930797018110743 3.6001326721161595 54.684830605983734
leaf_count=143 527 137 109 26 20 5 53 24 48 937 28 61 28 238
internal_value=0.000345 0.00112306 0.00324663 -0.0122793 -0.00723038 -0.0264718 -0.00246327 0.0018755 -0.00351573 0.00497722 -0.0336845 0.00088521 0.00304769 -0.00017346
internal_weight=300.212 295.682 255.24 40.4422 35.7592 10.2675 5.91535 249.038 90.9512 158.086 11.5787 79.3725 72.9794 69.3793
internal_count=2384 1857 1616 241 215 78 58 1507 546 961 76 470 409 381
is_linear=0
shrinkage=0.05


Tree=79
num_leaves=15
num_cat=0
split_feature=12 11 11 8 1 8 10 8 1 8 7 8 8 8
split_gain=6.23694 1.73778 7.3059 0.642083 3.18623 1.08911 4.34882 2.90364 3.64392 4.30276 1.18717 6.63186 4.24312 3.21055
threshold=1.0000000180025095e-35 5.5000000000000009 4.5000000000000009 9.3846820018401438 1.5000000000000002 7.0638297761390536 -1.0000000180025095e-35 7.278370982501122 1.0000000180025095e-35 8.2457184660565375 1.0000000180025095e-35 5.1695935808749196 5.3283627836756713 5.635849483702855
decision_type=2 2 2 2 2 2 2 2 2 2 2 2 2 2
left_child=1 2 3 5 -5 10 -7 -8 -9 -10 -1 -12 -13 -14
right_child=-2 -3 -4 4 -6 6 7 8 9 -11 11 12 13 -15
leaf_value=0.0015005580969020534 -0.05044566157932541 -0.0092188796425053225 0.058521425940492734 0.012010068985984626 -0.055565497555121204 0.052668832638944355 0.048965467841961277 -0.03892732556032772 -0.015427080955613907 0.038038013408243872 -0.068695841619140205 0.036933241713663703 -0.040582261066649583 -0.0010636924231055536
leaf_weight=165.15567137300968 6.2441059947013846 43.115414019674063 5.5223410092294207 4.4991376586258403 2.8489293903112411 4.9326100572943714 2.8001115843653706 5.8136500790715226 8.7559417858719808 6.5993595346808442 4.0517672523856154 6.0702364593744269 6.3260912895202628 27.398980006575584
leaf_count=715 721 220 100 39 24 134 17 45 45 38 23 27 32 187
internal_value=-0.000996906 5.37014e-05 0.00164793 0.000367307 -0.0141897 0.000816925 0.00991436 0.00111589 -0.00521339 0.007551 -0.000441102 -0.00775462 -0.00154987 -0.00847652
internal_weight=300.134 293.89 250.775 245.252 7.34807 237.904 28.9017 23.9691 21.169 15.3553 209.003 43.8471 39.7953 33.7251
internal_count=2367 1646 1426 1326 63 1263 279 145 128 83 984 269 246 219
is_linear=0
shrinkage=0.05


end of trees

feature_importances:
bomb_time_remaining=393
health=302
action_type_index=127
target_zone_index=73
utility_count=70
none=70
bomb_planted=51
player_zone_index=17
carried=17

parameters:
[boosting: gbdt]
[objective: binary]
[metric: binary_logloss]
[tree_learner: serial]
[device_type: cpu]
[data_sample_strategy: bagging]
[data: ]
[valid: ]
[num_iterations: 80]
[learning_rate: 0.05]
[num_leaves: 15]
[num_threads: 0]
[seed: 7]
[deterministic: 0]
[force_col_wise: 0]
[force_row_wise: 0]
[histogram_pool_size: -1]
[max_depth: -1]
[min_data_in_leaf: 20]
[min_sum_hessian_in_leaf: 0.001]
[bagging_fraction: 0.8]
[pos_bagging_fraction: 1]
[neg_bagging_fraction: 1]
[bagging_freq: 1]
[bagging_seed: 17422]
[bagging_by_query: 0]
[feature_fraction: 0.8]
[feature_fraction_bynode: 1]
[feature_fraction_seed: 7040]
[extra_trees: 0]
[extra_seed: 6516]
[early_stopping_round: 0]
[early_stopping_min_delta: 0]
[first_metric_only: 0]
[max_delta_step: 0]
[lambda_l1: 0]
[lambda_l2: 0]
[linear_lambda: 0]
[min_gain_to_split: 0]
[drop_rate: 0.1]
[max_drop: 50]
[skip_drop: 0.5]
[xgboost_dart_mode: 0]
[uniform_drop: 0]
[drop_seed: 15215]
[top_rate: 0.2]
[other_rate: 0.1]
[min_data_per_group: 100]
[max_cat_threshold: 32]
[cat_l2: 10]
[cat_smooth: 10]
[max_cat_to_onehot: 4]
[top_k: 20]
[monotone_constraints: ]
[monotone_constraints_method: basic]
[monotone_penalty: 0]
[feature_contri: ]
[forcedsplits_filename: ]
[refit_decay_rate: 0.9]
[cegb_tradeoff: 1]
[cegb_penalty_split: 0]
[cegb_penalty_feature_lazy: ]
[cegb_penalty_feature_coupled: ]
[path_smooth: 0]
[interaction_constraints: ]
[verbosity: -1]
[saved_feature_importance_type: 0]
[use_quantized_grad: 0]
[num_grad_quant_bins: 4]
[quant_train_renew_leaf: 0]
[stochastic_rounding: 1]
[linear_tree: 0]
[max_bin: 255]
[max_bin_by_feature: ]
[min_data_in_bin: 3]
[bin_construct_sample_cnt: 200000]
[data_random_seed: 61]
[is_enable_sparse: 1]
[enable_bundle: 1]
[use_missing: 1]
[zero_as_missing: 0]
[feature_pre_filter: 1]
[pre_partition: 0]
[two_round: 0]
[header: 0]
[label_column: ]
[weight_column: ]
[group_column: ]
[ignore_column: ]
[categorical_feature: ]
[forcedbins_filename: ]
[precise_float_parser: 0]
[parser_config_file: ]
[objective_seed: 15521]
[num_class: 1]
[is_unbalance: 0]
[scale_pos_weight: 1]
[sigmoid: 1]
[boost_from_average: 1]
[reg_sqrt: 0]
[alpha: 0.9]
[fair_c: 1]
[poisson_max_delta_step: 0.7]
[tweedie_variance_power: 1.5]
[lambdarank_truncation_level: 30]
[lambdarank_norm: 1]
[label_gain: ]
[lambdarank_position_bias_regularization: 0]
[eval_at: ]
[multi_error_top_k: 1]
[auc_mu_weights: ]
[num_machines: 1]
[local_listen_port: 12400]
[time_out: 120]
[machine_list_filename: ]
[machines: ]
[gpu_platform_id: -1]
[gpu_device_id: -1]
[gpu_device_id_list: ]
[gpu_use_dp: 0]
[num_gpu: 1]

end of parameters

pandas_categorical:null
