tree
version=v4
num_class=1
num_tree_per_iteration=1
label_index=0
max_feature_idx=17
objective=binary sigmoid:1
feature_names=health utility_count time_seconds alive_friendly alive_enemy alive_difference visible_enemies bomb_planted bomb_time_remaining player_zone_index target_zone_index action_type_index none carried dropped planted defused detonated
feature_infos=[1:100] none [27.390625:903.546875] [1:5] [1:5] [0:4] none [0:1] [0:40] none none [0:1] [0:1] none none [0:1] none none
tree_sizes=521 1696 1738 1742 1711 1751 1764 1759 1761 1740 1751 1740 1714 1766 1774 1707 1761 1763 1769 1762 1761 1745 1748 1754 1745 1735 1743 1748 1709 1755 1712 1747 1759 1742 1754 1717 1752 1758 1757 1756 1749 1758 1755 1754 1753 1725 1711 1757 1755 1758 1760 1750 1752 1715 1752 1761 1760 1757 1757 1722 1773 1765 1714 1759 1761 1761 1719 1764 1757 1764 1757 1761 1763 1761 1779 1723 1766 1767 1776 1769

Tree=0
num_leaves=4
num_cat=0
split_feature=11 5 5
split_gain=41.3964 1048.79 1040.81
threshold=1.0000000180025095e-35 1.0000000180025095e-35 1.0000000180025095e-35
decision_type=2 2 2
left_child=1 -1 -2
right_child=2 -3 -4
leaf_value=-0.10000000000000001 0.10000000000000001 0.10000000000000001 -0.10000000000000001
leaf_weight=115.25 114 152 151.5
leaf_count=461 456 608 606
internal_value=-0.000140779 0.0137512 -0.0141243
internal_weight=532.75 267.25 265.5
internal_count=2131 1069 1062
is_linear=0
shrinkage=0.05


Tree=1
num_leaves=15
num_cat=0
split_feature=11 4 4 3 4 3 4 3 4 3 4 3 3 4
split_gain=38.2849 372.764 347.536 103.917 157.85 103.66 162.198 78.6237 88.03 70.4409 81.3266 68.9578 58.6897 49.619
threshold=1.0000000180025095e-35 4.5000000000000009 4.5000000000000009 4.5000000000000009 3.5000000000000004 4.5000000000000009 3.5000000000000004 3.5000000000000004 2.5000000000000004 3.5000000000000004 2.5000000000000004 2.5000000000000004 2.5000000000000004 1.5000000000000002
decision_type=2 2 2 2 2 2 2 2 2 2 2 2 2 2
left_child=1 3 5 4 7 6 9 8 11 10 12 -1 13 -2
right_child=2 -3 -4 -5 -6 -7 -8 -9 -10 -11 -12 -13 -14 -15
leaf_value=-0.01691210815584249 -0.042789826661273483 -0.095241872246060344 0.095241872246060344 0.095241872246060344 -0.095241872246060344 -0.095241872246060344 0.095241872246060344 0.095241872246060344 -0.095241872246060344 -0.095241872246060344 0.095241872246060344 0.095241872246060344 -0.095241872246060344 0.095241872246060302
leaf_weight=26.683236673474312 17.206947013735771 61.346506744623184 57.107114002108574 68.827788054943085 24.438852280378342 67.082155749201775 25.186980411410332 46.134568080306053 15.211938664317129 43.142055556178093 13.715682402253149 28.179492935538292 25.935108542442322 10.473793834447862
leaf_count=107 69 246 229 276 98 269 101 185 61 173 55 113 104 42
internal_value=0 0.013155 -0.0137104 0.0448997 0.0202642 -0.0443993 -0.0192585 0.0445552 0.011185 -0.0453635 -0.0134044 0.0406943 -0.0411976 0.00943838
internal_weight=530.672 270.822 259.85 209.476 140.648 202.743 135.661 116.209 70.0747 110.474 67.3315 54.8627 53.6158 27.6807
internal_count=2128 1086 1042 840 564 813 544 466 281 443 270 220 215 111
is_linear=0
shrinkage=0.05


Tree=2
num_leaves=15
num_cat=0
split_feature=2 12 3 2 2 2 4 2 2 4 2 2 2 2
split_gain=0.482822 0.327171 1.1767 0.605889 1.17256 0.82754 0.525363 0.246511 0.245782 0.224503 0.39931 0.272718 0.258639 0.366937
threshold=31.179687500000004 1.0000000180025095e-35 1.5000000000000002 98.351562500000014 89.265625000000014 108.88281250000001 1.5000000000000002 102.51562500000001 62.726562500000007 4.5000000000000009 155.32812500000003 141.25781250000003 90.703125000000014 114.91406250000001
decision_type=2 2 2 2 2 2 2 2 2 2 2 2 2 2
left_child=-1 2 -2 4 6 7 -4 -5 -8 10 11 -3 -11 -14
right_child=1 9 3 5 -6 -7 8 -9 -10 12 -12 -13 13 -15
leaf_value=0.012150904103429814 0.018916164903801234 -0.00095527264347462597 -0.01682767414969116 0.0036841540008686283 -0.028282276792465946 -0.005051506408182989 0.0091131780775723596 0.018639468493796885 -0.0043197641278269056 0.0030892129076516475 0.0066307346082881526 -0.0095976939086338184 -0.0082847073432475975 0.003375251139841615
leaf_weight=7.4289777874946585 5.4896712452173224 295.27159848809242 6.6943424940109315 6.2029464691877347 7.1813451945781699 40.454259142279625 4.9526518583297721 4.9576221108436584 10.898864239454268 87.661937892436981 17.094875857234001 9.4193628877401334 13.619792610406877 13.372160017490385
leaf_count=30 22 1192 27 25 29 163 20 20 44 354 69 38 55 54
internal_value=-0.000506305 -0.000686002 -0.00348896 -0.00500106 -0.0106872 -0.00172615 -0.00508281 0.0103274 -0.000122772 -0.00012834 -0.000805248 -0.00122245 0.00177146 -0.00250821
internal_weight=530.7 523.271 86.8317 81.342 29.7272 51.6148 22.5459 11.1606 15.8515 436.44 321.786 304.691 114.654 26.992
internal_count=2142 2112 350 328 120 208 91 45 64 1762 1299 1230 463 109
is_linear=0
shrinkage=0.05


Tree=3
num_leaves=15
num_cat=0
split_feature=11 5 5 4 4 5 4 2 4 5 2 2 2 7
split_gain=37.3268 872.958 838.524 0.0577239 0.0257141 0.0784132 0.0153163 0.0036113 0.00360647 0.0154111 0.000474191 0.000454746 0.000382688 0.000271072
threshold=1.0000000180025095e-35 1.0000000180025095e-35 1.0000000180025095e-35 2.5000000000000004 1.5000000000000002 1.5000000000000002 2.5000000000000004 139.78125000000003 1.5000000000000002 1.5000000000000002 89.757812500000014 90.703125000000014 98.617187500000014 1.0000000180025095e-35
decision_type=2 2 2 2 2 2 2 2 2 2 2 2 2 2
left_child=1 3 6 -1 5 -3 7 -2 9 -4 -5 -8 -13 -7
right_child=2 4 8 10 -6 13 11 -9 -10 -11 -12 12 -14 -15
leaf_value=-0.094577059767916138 0.092299864354652025 0.096150034028740783 -0.09318860576079302 -0.091230306470429887 0.09118291711880161 0.091151414100926656 0.091042287068765868 0.093957625175621617 -0.09108620240191323 -0.09100449027616403 -0.091006610679581185 0.091676805766512909 0.09120175006012099 0.091483977565861352
leaf_weight=13.953667074441908 9.6750795990228635 11.481434568762777 11.438480228185652 61.922306224703789 111.19974082708359 19.563861966133118 60.161748602986336 4.9741671234369269 109.68853528797626 27.478301256895065 38.370974883437157 4.958590939640998 29.225265011191368 8.9216448366642016
leaf_count=56 39 46 46 250 449 79 243 20 443 111 155 20 118 36
internal_value=-0.000416936 0.0127424 -0.0139755 -0.0915639 0.0915739 0.0926616 0.0913586 0.0928628 -0.0912329 -0.0916464 -0.0911447 0.091125 0.0912707 0.0912556
internal_weight=523.014 265.414 257.6 114.247 151.167 39.9669 108.995 14.6492 148.605 38.9168 100.293 94.3456 34.1839 28.4855
internal_count=2111 1071 1040 461 610 161 440 59 600 157 405 381 138 115
is_linear=0
shrinkage=0.05


Tree=4
num_leaves=15
num_cat=0
split_feature=11 4 4 3 4 3 4 3 4 3 4 3 3 4
split_gain=31.1498 311.359 295.448 87.4368 141.676 86.0071 141.08 65.7399 72.1305 63.635 73.5634 47.6552 45.7333 49.8835
threshold=1.0000000180025095e-35 4.5000000000000009 4.5000000000000009 4.5000000000000009 3.5000000000000004 4.5000000000000009 3.5000000000000004 3.5000000000000004 2.5000000000000004 3.5000000000000004 2.5000000000000004 2.5000000000000004 2.5000000000000004 1.5000000000000002
decision_type=2 2 2 2 2 2 2 2 2 2 2 2 2 2
left_child=1 3 5 4 9 6 7 8 11 10 12 -2 13 -1
right_child=2 -3 -4 -5 -6 -7 -8 -9 -10 -11 -12 -13 -14 -15
leaf_value=0.048321282662594937 0.0089351348926184973 -0.087630584285513874 0.087470627601293857 0.087574354340104257 -0.087461403789534334 -0.08752269026599252 0.087620333877645007 -0.087487835617780618 0.087637997286174052 0.087624184831766067 -0.087455517803337116 -0.087464011721671869 0.087622617459479399 -0.090389927589358446
leaf_weight=16.611644178628922 26.342814490199089 60.519230350852013 58.033906891942024 68.345630094408989 25.71021680533886 65.638147816061974 25.725820526480675 46.772820800542831 14.701240241527556 46.306847542524338 14.691080719232557 24.975462257862091 25.23549410700798 10.628454878926279
leaf_count=67 107 247 237 279 105 268 105 191 60 189 60 102 103 43
internal_value=0.000173711 0.0121594 -0.0120798 0.0412599 0.0185174 -0.0403782 -0.0180383 -0.0421371 -0.0100075 0.0425295 0.0114398 -0.0379802 0.0391266 -0.00580061
internal_weight=530.239 268.049 262.19 207.529 139.184 204.156 138.518 112.792 66.0195 113.474 67.1667 51.3183 52.4756 27.2401
internal_count=2163 1093 1070 846 567 833 565 460 269 462 273 209 213 110
is_linear=0
shrinkage=0.05


Tree=5
num_leaves=15
num_cat=0
split_feature=11 5 5 12 7 7 5 2 5 7 2 2 2 2
split_gain=34.2409 723.31 720.497 0.0282223 0.0201136 0.0160057 0.0151818 0.0140244 0.0126907 0.0234054 0.0136008 0.0045117 0.00343764 0.00237621
threshold=1.0000000180025095e-35 1.0000000180025095e-35 1.0000000180025095e-35 1.0000000180025095e-35 1.0000000180025095e-35 1.0000000180025095e-35 1.5000000000000002 130.31250000000003 1.5000000000000002 1.0000000180025095e-35 100.60156250000001 110.67187500000001 89.265625000000014 110.67187500000001
decision_type=2 2 2 2 2 2 2 2 2 2 2 2 2 2
left_child=2 3 4 11 -1 -4 7 -7 9 12 -11 -2 -3 -6
right_child=1 8 5 -5 13 6 -8 -9 -10 10 -12 -13 -14 -15
leaf_value=-0.084719105126793967 0.086073412360658685 -0.084465456479302981 0.084632735542119975 0.084607756937593703 -0.086062561955347991 0.085902343320294228 0.084633385063087208 0.089051188756832711 -0.084348041963269269 -0.085023043219788361 -0.08810405766118988 0.087929185376097535 -0.085224479264830566 -0.087459060451336113
leaf_weight=94.538408070802689 6.0779197961091977 30.91390585899353 122.29472675919533 97.146363750100136 5.3433007895946485 10.203340113162996 12.087483108043669 5.4114783555269232 70.24418917298317 5.5658891946077338 10.048858702182768 7.1022566705942154 28.828171074390411 7.0852181017398834
leaf_count=391 25 128 506 402 22 42 50 22 291 23 41 29 119 29
internal_value=0.00128335 -0.0116618 0.0141763 0.0849023 -0.0849677 0.0848786 0.0859638 0.0869936 -0.0848315 -0.0852822 -0.0870058 0.0870734 -0.0848317 -0.0868587
internal_weight=512.892 255.928 256.964 110.327 106.967 149.997 27.7023 15.6148 145.601 75.3568 15.6147 13.1802 59.7421 12.4285
internal_count=2120 1058 1062 456 442 620 114 64 602 311 64 54 247 51
is_linear=0
shrinkage=0.05


Tree=6
num_leaves=15
num_cat=0
split_feature=11 5 5 4 4 4 5 4 5 7 7 7 7 7
split_gain=31.2192 659.291 649.502 0.0766612 0.0668202 0.0270478 0.0808714 0.0216197 0.0732525 0.00158363 0.00101116 0.000335681 0.000169767 0.000153341
threshold=1.0000000180025095e-35 1.0000000180025095e-35 1.0000000180025095e-35 2.5000000000000004 2.5000000000000004 1.5000000000000002 1.5000000000000002 1.5000000000000002 1.5000000000000002 1.0000000180025095e-35 1.0000000180025095e-35 1.0000000180025095e-35 1.0000000180025095e-35 1.0000000180025095e-35
decision_type=2 2 2 2 2 2 2 2 2 2 2 2 2 2
left_child=1 4 3 9 10 6 -3 8 -4 -2 -1 -6 -5 -9
right_child=2 5 7 12 11 -7 -8 13 -10 -11 -12 -13 -14 -15
leaf_value=-0.084910519547904073 0.08495171096362468 0.086605366945924106 -0.086403724418863029 0.081575378809899929 -0.081644195555385851 0.081637643939089163 0.081693645113251112 -0.081588356611077939 -0.081540828899771892 0.085978478356990781 -0.085754638330259758 -0.081254665917246449 0.081837734603940504 -0.081395466195402832
leaf_weight=7.7392165213823301 7.7424047291278821 11.956848308444021 10.971321657299994 83.984884932637215 84.738154724240303 106.57017609477043 28.018033057451248 91.585595518350601 26.327341809868813 7.2924288213253021 6.5506364554166794 5.9169573336839667 6.6547120362520209 11.609340995550154
leaf_count=32 32 49 45 354 357 449 118 386 111 30 27 25 28 49
internal_value=0.00115533 0.0135453 -0.0115025 0.0821431 -0.0821197 0.0820537 0.0831628 -0.0819395 -0.0829712 0.0854497 -0.0852975 -0.0816188 0.0815946 -0.0815667
internal_weight=497.658 251.49 246.168 105.674 104.945 146.545 39.9749 140.494 37.2987 15.0348 14.2899 90.6551 90.6396 103.195
internal_count=2092 1057 1035 444 441 616 167 591 156 62 59 382 382 435
is_linear=0
shrinkage=0.05


Tree=7
num_leaves=15
num_cat=0
split_feature=11 5 5 3 3 3 3 7 7 7 0 7 3 3
split_gain=22.627 631.592 621.773 0.0885653 0.0684439 0.0604685 0.051881 0.000425964 0.000200109 0.000195961 0.000147347 0.000128758 0.000109072 7.58426e-05
threshold=1.0000000180025095e-35 1.0000000180025095e-35 1.0000000180025095e-35 2.5000000000000004 2.5000000000000004 2.5000000000000004 2.5000000000000004 1.0000000180025095e-35 1.0000000180025095e-35 1.0000000180025095e-35 98.500000000000014 1.0000000180025095e-35 4.5000000000000009 4.5000000000000009
decision_type=2 2 2 2 2 2 2 2 2 2 2 2 2 2
left_child=2 5 6 -4 -3 10 7 -1 13 -6 -2 -5 -7 -8
right_child=1 4 3 11 9 12 8 -9 -10 -11 -12 -13 -14 -15
leaf_value=-0.082319574955779781 0.082616394586205288 -0.083413721518065295 0.083610565640625648 0.079146898654407591 -0.079117655264076381 0.079182902310509021 -0.079099627941824374 -0.082909521902337135 -0.078882544177588915 -0.078949936116672864 0.082310398364123752 0.079279599980673521 0.07907510164446506 -0.079196449168022987
leaf_weight=6.906256437301634 7.8755672574043256 9.8445625752210599 12.259952902793883 110.73899407684803 110.70970013737679 40.492884814739227 31.858703479170799 5.4936957061290741 6.9619550555944434 20.667030096054077 7.8609462380409241 21.893343508243561 55.798065215349197 55.393981203436852
leaf_count=29 33 41 51 476 476 174 137 23 30 89 33 94 240 238
internal_value=0.00148499 -0.00906482 0.0121079 0.0795446 -0.0793926 0.07959 -0.0795407 -0.0825809 -0.0791405 -0.0790913 0.0824635 0.0791688 0.0791204 -0.0791611
internal_weight=504.756 253.249 251.507 144.892 141.221 112.027 106.615 12.4 94.2146 131.377 15.7365 132.632 96.291 87.2527
internal_count=2164 1086 1078 621 606 480 457 52 405 565 66 570 414 375
is_linear=0
shrinkage=0.05


Tree=8
num_leaves=15
num_cat=0
split_feature=11 5 5 3 3 3 3 7 7 0 7 3 7 3
split_gain=27.1414 563.729 557.669 0.0630208 0.0603127 0.0461965 0.0419267 0.00142726 0.000202423 0.00020231 0.000168585 8.56835e-05 6.79617e-05 6.21326e-05
threshold=1.0000000180025095e-35 1.0000000180025095e-35 1.0000000180025095e-35 2.5000000000000004 2.5000000000000004 2.5000000000000004 2.5000000000000004 1.0000000180025095e-35 1.0000000180025095e-35 83.500000000000014 1.0000000180025095e-35 4.5000000000000009 1.0000000180025095e-35 4.5000000000000009
decision_type=2 2 2 2 2 2 2 2 2 2 2 2 2 2
left_child=2 6 5 -3 -4 7 9 -1 13 -2 -5 -8 -6 -7
right_child=1 3 4 10 12 8 11 -9 -10 -11 -12 -13 -14 -15
leaf_value=-0.079572380606854898 0.079690693239604316 -0.080737171042862543 0.080909202166883978 -0.076905626561247248 0.076931418475626678 -0.07688136489819733 0.076957318326024718 -0.080599996869622229 -0.076640005729509145 0.080090186504654326 -0.07674749928871015 0.076857484230659912 0.077029894348567662 -0.076971822254407268
leaf_weight=7.2303427606821042 5.3712689578533155 11.552495718002318 10.387527838349341 107.81378446519375 106.93469652533531 30.243354603648186 35.958139941096306 6.343415692448616 6.1224312037229529 7.7297808676958084 19.979268684983253 53.422955095767975 20.953497484326363 50.987213835120201
leaf_count=31 23 49 44 474 470 133 158 27 27 33 88 235 92 224
internal_value=7.96568e-05 -0.0117325 0.0120215 -0.0772006 0.0772452 -0.0773389 0.0772848 -0.0800526 -0.0769172 0.0799264 -0.0768809 0.0768976 0.0769476 -0.0769381
internal_weight=481.03 241.828 239.202 139.346 138.276 100.927 102.482 13.5738 87.353 13.101 127.793 89.3811 127.888 81.2306
internal_count=2108 1060 1048 611 606 442 449 58 384 56 562 393 562 357
is_linear=0
shrinkage=0.05


Tree=9
num_leaves=15
num_cat=0
split_feature=11 5 5 4 4 4 5 4 5 2 2 2 2 2
split_gain=27.2196 527.429 521.85 0.0359398 0.0336943 0.01389 0.0374903 0.0098929 0.0364617 0.00228247 0.000371059 0.000143365 0.000125607 0.000117393
threshold=1.0000000180025095e-35 1.0000000180025095e-35 1.0000000180025095e-35 2.5000000000000004 2.5000000000000004 1.5000000000000002 1.5000000000000002 1.5000000000000002 1.5000000000000002 141.25781250000003 99.421875000000014 89.757812500000014 105.58593750000001 87.867187500000014
decision_type=2 2 2 2 2 2 2 2 2 2 2 2 2 2
left_child=2 4 3 9 10 6 -4 8 -3 12 -2 -5 -1 -6
right_child=1 7 5 11 13 -7 -8 -9 -10 -11 -12 -13 -14 -15
leaf_value=-0.07737238723720688 0.077204026572736423 -0.078361170577924952 0.078499875316282164 -0.074978690513952867 0.074869883331100062 0.074942185489387206 0.074995793765619698 -0.074896417267094076 -0.074860536706489261 -0.078514676151611756 0.077747083425392993 -0.07484343270547196 -0.077009716742222387 0.074990776057499361
leaf_weight=4.5655595511198026 4.7884069234132758 10.391954168677328 11.099647730588911 53.762252807617188 55.236627146601677 101.92017243802547 24.442423403263092 101.63566376268864 26.17245788872242 4.8448351770639411 9.1679878234863263 30.823199570178986 5.0042085945606232 31.550909593701363
leaf_count=20 21 45 48 242 249 459 110 458 118 21 40 139 22 142
internal_value=0.000176418 -0.0117253 0.0122031 -0.0753227 0.0752805 0.075239 0.0760901 -0.0751502 -0.0758555 -0.0776304 0.0775608 -0.0749294 -0.0771827 0.0749138
internal_weight=475.406 238.944 236.462 99.0001 100.744 137.462 35.5421 138.2 36.5644 14.4146 13.9564 84.5855 9.56977 86.7875
internal_count=2134 1073 1061 444 452 617 158 621 163 63 61 381 42 391
is_linear=0
shrinkage=0.05


Tree=10
num_leaves=15
num_cat=0
split_feature=11 5 5 3 3 3 3 7 2 0 2 2 7 2
split_gain=19.2306 483.253 482.942 0.0408579 0.0372321 0.027212 0.024608 0.00125157 0.000312072 0.000242305 0.000115584 9.60799e-05 7.06217e-05 0.000183756
threshold=1.0000000180025095e-35 1.0000000180025095e-35 1.0000000180025095e-35 2.5000000000000004 2.5000000000000004 2.5000000000000004 2.5000000000000004 1.0000000180025095e-35 139.78125000000003 99.500000000000014 89.265625000000014 89.757812500000014 1.0000000180025095e-35 98.351562500000014
decision_type=2 2 2 2 2 2 2 2 2 2 2 2 2 2
left_child=1 6 5 -3 -4 8 7 -1 9 -2 -7 -8 -5 -14
right_child=2 3 4 12 -6 10 11 -9 -10 -11 -12 -13 13 -15
leaf_value=-0.075101539826013655 0.075031692041041709 0.076358321354885073 -0.076220500921915235 0.073135880625348329 -0.073100048228207579 0.073072485415962243 -0.073172109228384435 -0.076124635378175654 0.075809036107941985 0.075526432905566349 0.07319571979050242 -0.073062054091990097 0.073398975210273276 0.073086701370331242
leaf_weight=7.5571939349174482 4.4432951062917692 10.849577113986014 10.38047771155834 99.699958398938179 120.82423605024815 53.796503588557243 55.39653967320919 4.9453895688056946 4.4838503003120413 5.5863138139247894 29.439771920442581 30.889380589127541 9.3373490720987338 9.5080409198999387
leaf_count=34 20 48 46 461 559 249 256 22 20 25 136 143 43 44
internal_value=-0.00042945 0.00984303 -0.0106673 0.0734214 -0.0733469 0.0734644 -0.0734331 -0.0755062 0.0754623 0.0753073 0.0731161 -0.0731327 0.0731527 0.0732414
internal_weight=457.138 228.183 228.954 129.395 131.205 97.7497 98.7885 12.5026 14.5135 10.0296 83.2363 86.2859 118.545 18.8454
internal_count=2106 1051 1055 596 605 450 455 56 65 45 385 399 548 87
is_linear=0
shrinkage=0.05


Tree=11
num_leaves=15
num_cat=0
split_feature=11 5 5 4 4 4 5 4 5 2 2 2 2 2
split_gain=16.8539 455.132 443.444 0.023777 0.0229015 0.00894976 0.0231498 0.00724124 0.0236084 0.00100061 0.000650597 0.000108311 8.41038e-05 8.12193e-05
threshold=1.0000000180025095e-35 1.0000000180025095e-35 1.0000000180025095e-35 2.5000000000000004 2.5000000000000004 1.5000000000000002 1.5000000000000002 1.5000000000000002 1.5000000000000002 141.25781250000003 138.62500000000003 105.58593750000001 89.757812500000014 98.351562500000014
decision_type=2 2 2 2 2 2 2 2 2 2 2 2 2 2
left_child=2 3 4 10 9 6 -4 8 -3 11 -2 -1 -5 -14
right_child=1 7 5 12 -6 -7 -8 -9 -10 -11 -12 -13 13 -15
leaf_value=-0.07352118388882041 0.073474293018458411 -0.074291839035573556 0.074424908071252738 0.071448113085149548 -0.071501630339719235 0.071514070834963694 0.071547218138650739 -0.071473473903151563 -0.071454254354280697 -0.074256635435619708 0.074207138664952862 -0.073194383157139428 0.071730488508099141 0.071515136287272504
leaf_weight=5.4297439157962781 9.7726084291934949 10.56284014880657 10.362348407506945 52.939060896635056 79.066287457942963 94.01841513812542 21.466597497463226 92.056016623973846 23.950738713145256 4.6064022183418265 4.38846831023693 4.7563852816820145 5.2789381593465832 25.661001920700073
leaf_count=25 45 48 47 252 376 447 102 438 114 21 20 22 25 122
internal_value=0.000567581 -0.00906364 0.0104138 0.0718063 -0.0718395 0.0717594 0.0724841 -0.071705 -0.0723227 -0.0736451 0.0737014 -0.0733686 0.0714864 0.0715519
internal_weight=444.316 224.61 219.706 98.0401 93.8588 125.847 31.8289 126.57 34.5136 14.7925 14.1611 10.1861 83.879 30.9399
internal_count=2104 1064 1040 464 444 596 149 600 162 68 65 47 399 147
is_linear=0
shrinkage=0.05


Tree=12
num_leaves=15
num_cat=0
split_feature=11 4 4 3 4 3 4 3 4 3 4 3 4 3
split_gain=20.1729 156.548 153.71 47.085 71.0212 44.3511 70.4698 33.4038 38.5653 33.2928 40.2235 25.8266 25.5487 22.9307
threshold=1.0000000180025095e-35 4.5000000000000009 4.5000000000000009 4.5000000000000009 3.5000000000000004 4.5000000000000009 3.5000000000000004 3.5000000000000004 2.5000000000000004 3.5000000000000004 2.5000000000000004 2.5000000000000004 1.5000000000000002 2.5000000000000004
decision_type=2 2 2 2 2 2 2 2 2 2 2 2 2 2
left_child=1 3 5 4 7 6 9 8 11 10 13 12 -1 -2
right_child=2 -3 -4 -5 -6 -7 -8 -9 -10 -11 -12 -13 -14 -15
leaf_value=0.036873113959382857 0.0036417405226105144 -0.070046306512552295 0.069977130691459111 0.070021288717782446 -0.069961947134422039 -0.070001359254265191 0.070056033695603884 0.070044511387531677 -0.069967868730679575 -0.069975125463548768 0.070031480692125989 0.070040511151475707 -0.07106979645666156 -0.069978359408166449
leaf_weight=13.613603428006172 21.736791521310806 47.597645506262779 45.487375065684319 56.147800341248512 20.59502586722374 55.919768705964088 19.819322198629379 36.360619127750397 12.236027389764784 37.734193325042725 12.45706847310066 21.242158338427544 9.1771081686019897 20.601896330714226
leaf_count=63 102 233 223 275 101 274 97 178 60 185 61 104 44 101
internal_value=-0.000669976 0.0100702 -0.0115717 0.0325849 0.0140203 -0.0336164 -0.0155064 0.0326927 0.00855612 -0.0338333 -0.00894486 0.0303767 -0.00659213 -0.0321816
internal_weight=430.726 216.97 213.756 169.372 113.225 168.269 112.349 92.6295 56.2689 92.5299 54.7958 44.0329 22.7907 42.3387
internal_count=2101 1058 1043 825 550 820 546 449 271 449 264 211 107 203
is_linear=0
shrinkage=0.05


Tree=13
num_leaves=15
num_cat=0
split_feature=11 5 5 3 3 3 3 3 7 7 7 3 7 3
split_gain=16.173 394.447 393.49 0.0683695 0.0618967 0.0462515 0.0376907 0.00265476 0.000212966 6.51216e-05 4.19801e-05 3.23529e-05 2.84943e-05 2.20686e-05
threshold=1.0000000180025095e-35 1.0000000180025095e-35 1.0000000180025095e-35 1.5000000000000002 2.5000000000000004 2.5000000000000004 2.5000000000000004 2.5000000000000004 1.0000000180025095e-35 1.0000000180025095e-35 1.0000000180025095e-35 4.5000000000000009 1.0000000180025095e-35 4.5000000000000009
decision_type=2 2 2 2 2 2 2 2 2 2 2 2 2 2
left_child=2 5 3 -1 -3 8 -4 -5 -2 13 -6 -7 -8 -9
right_child=1 4 6 7 10 11 12 9 -10 -11 -12 -13 -14 -15
leaf_value=-0.075417734500827907 0.071666256036807111 -0.07265161217278307 0.071829527078369787 -0.069635660552910858 -0.068650558014377111 0.068686220575949003 0.068664259400038216 -0.068637240790004522 0.072073156043763562 -0.068490303400637512 -0.06856704473660459 0.068620126980701704 0.068734264436982162 -0.068694614961828313
leaf_weight=4.0218219161033621 6.1096003502607328 10.513987913727759 10.365670070052145 7.6935854107141486 92.601546600461006 30.695569708943367 92.434662237763405 25.714247524738312 6.7889711707830429 5.1237839609384528 17.967491805553436 46.661408230662346 17.248204931616783 48.133058190345764
leaf_count=18 29 49 49 38 468 155 467 130 32 26 91 236 87 243
internal_value=-0.000236746 -0.0100103 0.00956476 -0.0690448 -0.0689856 0.0691085 0.0689476 -0.0687491 0.0718804 -0.0686627 -0.068637 0.0686464 0.0686753 -0.0686746
internal_weight=422.074 211.339 210.735 90.6865 121.083 90.2555 120.049 86.6647 12.8986 78.9711 110.569 77.357 109.683 73.8473
internal_count=2118 1060 1058 455 608 452 603 437 61 399 559 391 554 373
is_linear=0
shrinkage=0.05


Tree=14
num_leaves=15
num_cat=0
split_feature=11 5 5 3 3 3 3 7 7 7 7 7 7 7
split_gain=15.3403 373.38 370.172 0.0508544 0.0382742 0.0300973 0.0248411 0.00323306 0.000153425 5.36874e-05 3.9015e-05 3.60065e-05 2.50812e-05 1.94879e-05
threshold=1.0000000180025095e-35 1.0000000180025095e-35 1.0000000180025095e-35 2.5000000000000004 2.5000000000000004 2.5000000000000004 2.5000000000000004 1.0000000180025095e-35 1.0000000180025095e-35 1.0000000180025095e-35 1.0000000180025095e-35 1.0000000180025095e-35 1.0000000180025095e-35 1.0000000180025095e-35
decision_type=2 2 2 2 2 2 2 2 2 2 2 2 2 2
left_child=2 4 6 13 8 -4 7 -1 -2 -8 -5 -7 -6 -3
right_child=1 3 5 10 12 11 9 -9 -10 -11 -12 -13 -14 -15
leaf_value=-0.069188030394859018 0.070172095340940752 -0.071108027383688988 0.070322973438683475 -0.067413570103003834 0.067404019109990845 0.067426435002585411 -0.067434777456061343 -0.070869124012725229 0.070514460410393734 -0.067258134757787233 -0.067330976207920487 0.067505823370423809 0.067522039903023093 -0.070970491158403523
leaf_weight=6.7859148830175382 6.9558771848678571 4.3832700997591001 9.8626980036497098 89.661850169301033 71.633485898375511 92.185372576117516 71.311213761568069 4.9435749053955078 6.1793588399887085 4.5776342600584021 17.01065331697464 16.901142075657845 4.8035142272710791 6.2451152801513672
leaf_count=34 34 21 48 468 374 481 372 24 30 24 89 88 25 30
internal_value=0.000593888 -0.00903019 0.0102322 -0.067729 0.0678399 0.0676779 -0.0677551 -0.0698966 0.0703332 -0.0674241 -0.0674004 0.0674387 0.0674114 -0.0710272
internal_weight=413.441 206.873 206.568 117.301 89.5722 118.949 87.6183 11.7295 13.1352 75.8888 106.673 109.087 76.437 10.6284
internal_count=2142 1071 1071 608 463 617 454 58 64 396 557 569 399 51
is_linear=0
shrinkage=0.05


Tree=15
num_leaves=15
num_cat=0
split_feature=11 4 4 3 4 3 4 3 4 3 4 3 4 3
split_gain=14.5152 135.135 126.055 37.5014 54.0079 36.809 57.0304 28.5241 29.6542 28.3851 29.2645 22.8262 21.2721 21.0311
threshold=1.0000000180025095e-35 4.5000000000000009 4.5000000000000009 4.5000000000000009 3.5000000000000004 4.5000000000000009 3.5000000000000004 3.5000000000000004 2.5000000000000004 3.5000000000000004 2.5000000000000004 2.5000000000000004 1.5000000000000002 2.5000000000000004
decision_type=2 2 2 2 2 2 2 2 2 2 2 2 2 2
left_child=1 5 3 4 9 6 7 8 13 10 11 12 -2 -1
right_child=2 -3 -4 -5 -6 -7 -8 -9 -10 -11 -12 -13 -14 -15
leaf_value=-0.0063212932148734927 -0.032736782751112518 -0.066311309166810453 0.066255088287486497 -0.066276992785392383 0.066313690188327584 0.066291619046813827 -0.06625067599126451 0.06631148976224463 -0.066270612018158606 -0.066254825396081962 0.066317837419617373 -0.066253910542478325 0.068379891308547963 0.06630657541463332
leaf_weight=21.552889376878738 12.626828595995903 45.997143507003784 42.213431105017662 51.13585439324379 17.435612559318542 50.60313755273819 18.14176444709301 34.683319240808487 10.743583530187605 33.325734168291092 10.759388089179991 19.0688446611166 8.8443715423345566 18.543831765651703
leaf_count=109 62 248 228 276 94 273 98 187 58 180 58 103 45 100
internal_value=-0.000552711 0.00890709 -0.0102476 -0.0313279 -0.0138173 0.0313344 0.0142704 0.031351 0.00750098 -0.0303269 -0.00698703 -0.0264423 0.00891498 0.0272675
internal_weight=395.676 200.266 195.41 153.197 102.061 154.269 103.665 85.5236 50.8403 84.6252 51.2994 40.54 21.4712 40.0967
internal_count=2119 1073 1046 818 542 825 552 454 267 448 268 210 107 209
is_linear=0
shrinkage=0.05


Tree=16
num_leaves=15
num_cat=0
split_feature=11 5 5 12 12 7 5 2 2 5 12 2 2 2
split_gain=14.6863 326.11 322.52 0.0132856 0.0122709 0.00594822 0.00622291 0.00562942 0.00361618 0.00642574 0.00359849 0.00337126 0.00196824 0.00121085
threshold=1.0000000180025095e-35 1.0000000180025095e-35 1.0000000180025095e-35 1.0000000180025095e-35 1.0000000180025095e-35 1.0000000180025095e-35 1.5000000000000002 130.98437500000003 114.91406250000001 1.5000000000000002 1.0000000180025095e-35 99.421875000000014 110.67187500000001 104.64843750000001
decision_type=2 2 2 2 2 2 2 2 2 2 2 2 2 2
left_child=1 4 3 12 11 -3 7 -7 -4 10 -10 -1 -2 -5
right_child=2 5 8 13 -6 6 -8 -9 9 -11 -12 -13 -14 -15
leaf_value=-0.066159092033841724 0.066526940303642312 0.065381412930963514 -0.065357429256567387 0.065348214696879695 -0.065473643326036543 0.066274268941499057 0.065325391942792521 0.06855965415765107 -0.067890180913354456 -0.065234549645296971 -0.066207533945608674 -0.067999691964562348 0.067934564052589241 0.065815748129756699
leaf_weight=4.0163763016462308 4.0746790915727598 89.864796429872513 82.245443925261497 51.716955691576004 72.075281113386154 7.7403411567211169 8.9775159209966642 4.1334706246852875 4.6330418437719336 13.782605454325674 10.113266825675966 6.5366969555616379 6.3590102940797806 18.912941843271255
leaf_count=22 22 500 458 288 400 42 50 21 24 77 55 34 33 104
internal_value=-0.000264901 0.0094602 -0.0100664 0.0657194 -0.0657068 0.0655579 0.0663188 0.0670698 -0.0655257 -0.0660107 -0.0667362 -0.0672992 0.0673848 0.0654734
internal_weight=385.182 193.344 191.838 81.0636 82.6284 110.716 20.8513 11.8738 110.774 28.5289 14.7463 10.5531 10.4337 70.6299
internal_count=2130 1069 1061 447 456 613 113 63 614 156 79 56 55 392
is_linear=0
shrinkage=0.05


Tree=17
num_leaves=15
num_cat=0
split_feature=11 5 5 12 2 2 7 2 5 7 7 12 2 2
split_gain=15.0634 306.475 298.25 0.0122884 0.00918326 0.00413933 0.00397576 0.00359156 0.00442289 0.00342891 0.00308375 0.00194895 0.00146277 0.00126939
threshold=1.0000000180025095e-35 1.0000000180025095e-35 1.0000000180025095e-35 1.0000000180025095e-35 141.25781250000003 130.31250000000003 1.0000000180025095e-35 119.77343750000001 1.5000000000000002 1.0000000180025095e-35 1.0000000180025095e-35 1.0000000180025095e-35 104.64843750000001 110.67187500000001
decision_type=2 2 2 2 2 2 2 2 2 2 2 2 2 2
left_child=2 3 4 13 11 -4 -7 -3 9 -9 -6 -1 -5 -2
right_child=1 7 5 12 10 6 -8 8 -10 -11 -12 -13 -14 -15
leaf_value=-0.065393677566958394 0.065748944460707823 -0.064365944106623191 0.064463598995079682 0.064375962265573058 -0.065411480201006747 0.064652357424112294 0.066296449083925263 -0.065073134887797576 -0.064277625741801847 -0.066758996681777344 -0.067439377671398251 -0.064455466358508171 0.064889315685874527 0.066888333067504455
leaf_weight=6.0743404477834693 4.3311249166727048 83.489852830767632 92.976418644189835 51.47478112578392 3.9245347380638114 8.5611213147640211 6.4455919116735449 8.4989530295133608 10.021420285105703 4.6753454804420462 3.5891572088003159 62.373863220214844 18.99809056520462 5.6118994355201721
leaf_count=34 24 482 535 297 22 49 35 48 58 25 19 359 108 30
internal_value=0.0010282 -0.00896082 0.0111886 0.0647465 -0.0647209 0.064588 0.0653585 -0.0645189 -0.0650692 -0.0656714 -0.0663802 -0.0645387 0.0645144 0.066392
internal_weight=371.046 187.101 183.945 80.4159 75.9619 107.983 15.0067 106.686 23.1957 13.1743 7.51369 68.4482 70.4729 9.94302
internal_count=2125 1072 1053 459 434 619 84 613 131 73 41 393 405 54
is_linear=0
shrinkage=0.05


Tree=18
num_leaves=15
num_cat=0
split_feature=11 5 5 3 3 3 3 3 8 8 8 8 8 3
split_gain=9.41055 291.013 284.151 0.037712 0.0372802 0.0353749 0.0282184 0.0081347 0.000391327 3.5105e-05 2.15614e-05 1.43457e-05 1.19315e-05 8.33169e-06
threshold=1.0000000180025095e-35 1.0000000180025095e-35 1.0000000180025095e-35 1.5000000000000002 2.5000000000000004 2.5000000000000004 2.5000000000000004 2.5000000000000004 1.0000000180025095e-35 1.0000000180025095e-35 1.0000000180025095e-35 1.0000000180025095e-35 1.0000000180025095e-35 4.5000000000000009
decision_type=2 2 2 2 2 2 2 2 2 2 2 2 2 2
left_child=2 3 6 -2 11 -4 8 -5 -1 13 -6 -3 -7 -8
right_child=1 4 5 7 10 12 9 -9 -10 -11 -12 -13 -14 -15
leaf_value=-0.065815014068832653 0.068810679290451135 -0.066696325423437383 0.066713650646613262 0.065043657114550207 -0.06337999421183875 0.063389219856297793 -0.063367795868763926 0.063373401444078742 -0.066407829852821121 -0.06323867608523534 -0.063315908789288652 -0.066571625240554475 0.063438452582017801 -0.063405634911901695
leaf_weight=5.8092818707227689 3.5751310139894477 3.7533140331506711 8.8247172832488996 8.1783632934093458 78.107507050037384 75.806132093071938 22.804029032588005 67.095898985862732 5.3452874422073364 3.9720719903707495 15.775943636894224 5.982615128159523 14.691201686859129 40.180423334240913
leaf_count=32 18 20 47 46 469 455 137 403 29 24 95 32 88 241
internal_value=-0.0006198 -0.00859256 0.00757923 0.0637932 -0.0636746 0.0636919 -0.0637707 0.0635549 -0.0660991 -0.0633828 -0.0633692 -0.0666197 0.0633972 -0.0633919
internal_weight=359.902 182.469 177.433 78.8494 103.619 99.3221 78.1111 75.2743 11.1546 66.9565 93.8835 9.73593 90.4973 62.9845
internal_count=2136 1083 1053 467 616 590 463 449 61 402 564 52 543 378
is_linear=0
shrinkage=0.05


Tree=19
num_leaves=15
num_cat=0
split_feature=11 5 5 3 3 3 3 3 7 7 7 2 2 2
split_gain=8.68798 269.55 261.168 0.0308065 0.0283779 0.0282385 0.0219345 0.00705355 0.000564778 2.79459e-05 1.85457e-05 2.60782e-05 3.0167e-05 2.01918e-05
threshold=1.0000000180025095e-35 1.0000000180025095e-35 1.0000000180025095e-35 2.5000000000000004 2.5000000000000004 1.5000000000000002 2.5000000000000004 2.5000000000000004 1.0000000180025095e-35 1.0000000180025095e-35 1.0000000180025095e-35 98.351562500000014 75.804687500000014 116.10156250000001
decision_type=2 2 2 2 2 2 2 2 2 2 2 2 2 2
left_child=2 5 6 -3 -4 -2 8 -7 -1 -8 -5 12 -12 -13
right_child=1 3 4 10 -6 7 9 -9 -10 -11 11 13 -14 -15
leaf_value=-0.064714134428109915 0.067485988629726948 -0.065556919891638019 0.065629863875833902 -0.06255920534816771 0.062575170066209759 0.064091176822585846 -0.062570098003440822 0.062549583833868216 -0.065463828156433729 -0.062430729534287792 -0.062525600063786921 -0.062655368497785413 -0.062313033555434189 -0.062493566746165102
leaf_weight=5.2427584677934629 3.2631946802139273 9.4112068861722928 8.3457938730716688 74.450286328792572 85.424503564834595 8.4044961482286435 59.879688769578934 63.349151685833931 4.8234217315912247 3.8267702609300605 3.5241231173276892 3.2234826385974866 3.1709225177764893 4.7984744757413864
leaf_count=30 17 52 46 464 532 49 373 395 27 24 22 20 20 30
internal_value=-0.000646083 -0.00848504 0.00747605 -0.0628362 0.062847 0.062937 -0.0629044 0.0627302 -0.0650734 -0.0625617 -0.0625491 -0.0624978 -0.0624249 -0.0625586
internal_weight=341.138 173.595 167.543 98.5785 93.7703 75.0168 73.7726 71.7536 10.0662 63.7065 89.1673 14.717 6.69505 8.02196
internal_count=2101 1069 1032 608 578 461 454 444 57 397 556 92 42 50
is_linear=0
shrinkage=0.05


Tree=20
num_leaves=15
num_cat=0
split_feature=11 5 5 3 3 3 3 3 3 12 7 7 2 2
split_gain=8.50122 257.052 249.228 0.0303206 0.0262473 0.0258992 0.0227918 0.00527997 0.00424867 3.42784e-05 2.6631e-05 1.56234e-05 2.2309e-05 2.61549e-05
threshold=1.0000000180025095e-35 1.0000000180025095e-35 1.0000000180025095e-35 1.5000000000000002 1.5000000000000002 2.5000000000000004 2.5000000000000004 2.5000000000000004 2.5000000000000004 1.0000000180025095e-35 1.0000000180025095e-35 1.0000000180025095e-35 98.351562500000014 73.460937500000014
decision_type=2 2 2 2 2 2 2 2 2 2 2 2 2 2
left_child=1 3 4 -1 -2 -3 -4 -6 9 -5 -10 -8 13 -13
right_child=2 5 6 8 7 -7 11 -9 10 -11 -12 12 -14 -15
leaf_value=-0.066776680533801577 0.066366741208964852 0.064638598387137911 -0.064573959705732986 -0.062918095695662313 0.063216497029122951 0.061810259406371963 -0.061798036256091697 0.061790698471335219 -0.061806239498102357 -0.06313146901050487 -0.061672757342915954 -0.061774892715934643 -0.06180312611310454 -0.061570941143369966
leaf_weight=3.3860742449760428 3.5297245085239402 8.9339517354965192 8.0385518372058851 3.2631820738315582 7.2756664007902137 86.090611279010773 72.598350182175636 60.371433660387993 59.030446320772171 4.4478866010904303 3.9891451597213736 3.0853735208511335 6.4888595938682556 3.2046832591295242
leaf_count=18 19 51 46 20 44 557 470 391 382 27 26 20 42 21
internal_value=-0.00023314 0.00763896 -0.0083228 -0.0621546 0.0621634 0.0620762 -0.0620287 0.061944 -0.0619333 -0.0630412 -0.0617978 -0.0617891 -0.0617381 -0.061671
internal_weight=333.734 169.141 164.593 74.1167 71.1768 95.0246 93.4158 67.6471 70.7307 7.71107 63.0196 85.3773 12.7789 6.29006
internal_count=2134 1081 1053 473 454 608 599 435 455 47 408 553 83 41
is_linear=0
shrinkage=0.05


Tree=21
num_leaves=15
num_cat=0
split_feature=11 5 5 4 4 4 5 4 5 4 0 7 2 7
split_gain=9.9171 235.648 230.095 0.0223234 0.0159963 0.0051214 0.0146274 0.00473575 0.0136118 0.00325189 0.000446598 2.7582e-05 1.06366e-05 1.04053e-05
threshold=1.0000000180025095e-35 1.0000000180025095e-35 1.0000000180025095e-35 1.5000000000000002 2.5000000000000004 1.5000000000000002 1.5000000000000002 1.5000000000000002 1.5000000000000002 2.5000000000000004 83.500000000000014 1.0000000180025095e-35 119.10937500000001 1.0000000180025095e-35
decision_type=2 2 2 2 2 2 2 2 2 2 2 2 2 2
left_child=1 3 4 -1 10 6 -3 8 -4 12 -2 -11 -5 -8
right_child=2 5 7 9 -6 -7 13 -9 -10 11 -12 -13 -14 -15
leaf_value=-0.065685056399892403 0.062890997116457001 0.063714155895707184 -0.063649086915436595 -0.062306116351378761 0.061083305974210668 0.061098380094649019 0.061093335601116752 -0.0610816105640423 -0.061069855290675761 -0.061099697665111086 0.063626133073719421 -0.060965731635141407 -0.062180955933983276 0.061175439471040073
leaf_weight=2.9082802385091773 3.2460637390613538 7.9387914836406734 7.580332204699519 3.4869669228792182 57.180546417832375 65.108453556895256 11.442836672067644 67.273482292890549 15.730580911040304 55.15343014895916 5.682739794254303 4.129867121577262 3.3077322393655777 5.822447031736373
leaf_count=16 20 47 45 22 385 438 77 453 106 371 34 28 21 39
internal_value=-0.0006023 0.00818274 -0.00953339 -0.0613978 0.0613906 0.0613326 0.0619378 -0.0612944 -0.0619086 -0.0612091 0.0633589 -0.0610904 -0.0622452 0.061121
internal_weight=315.993 159.299 156.694 68.9863 66.1093 90.3125 25.2041 90.5844 23.3109 66.078 8.9288 59.2833 6.7947 17.2653
internal_count=2102 1059 1043 458 439 601 163 604 151 442 54 399 43 116
is_linear=0
shrinkage=0.05


Tree=22
num_leaves=15
num_cat=0
split_feature=12 0 2 5 2 2 2 0 2 2 2 2 3 2
split_gain=0.134387 0.245179 0.242854 0.23783 0.233146 0.153305 0.323224 0.163807 0.151743 0.0841507 0.0747126 0.244032 0.179203 0.166363
threshold=1.0000000180025095e-35 86.500000000000014 99.953125000000014 1.0000000180025095e-35 124.17187500000001 98.351562500000014 147.60937500000003 49.500000000000007 112.39062500000001 271.96093750000006 72.101562500000014 69.390625000000014 3.5000000000000004 74.085937500000014
decision_type=2 2 2 2 2 2 2 2 2 2 2 2 2 2
left_child=1 5 -3 -4 -5 7 8 -1 -7 10 11 12 -2 -12
right_child=9 2 3 4 -6 6 -8 -9 -10 -11 13 -13 -14 -15
leaf_value=0.012637434726213309 -0.0088772991144563922 0.0008024498081203971 0.018985676144347815 0.015120096880202081 -0.0020290474932289789 -0.00075161669217753413 0.0050089272953673554 -0.00099974931593151974 -0.013957268447310399 -0.0059923332381592604 0.010912873900968494 -0.010143774864728752 0.00013612083013432306 0.00042602348859550952
leaf_weight=3.6185953915119189 5.8672531992197028 11.267182081937792 5.3085089474916449 3.4833944886922819 4.5979328155517578 3.2899332195520419 6.3719343245029441 5.6250554472208023 6.4209947288036346 6.0652661472558966 3.8874628692865363 6.8876035362482062 91.719267919659615 139.2399784475565
leaf_count=25 40 77 35 24 31 22 41 39 42 42 27 48 642 966
internal_value=0.000293193 0.00266282 0.0062119 0.0107638 0.00536296 -0.000792436 -0.00374161 0.00433877 -0.00948337 -0.000173728 -3.11947e-05 -0.00104779 -0.000405798 0.000710855
internal_weight=303.65 49.9835 24.657 13.3898 8.08133 25.3265 16.0829 9.24365 9.71093 253.667 247.602 104.474 97.5865 143.127
internal_count=2101 336 167 90 55 169 105 64 64 1765 1723 730 682 993
is_linear=0
shrinkage=0.05


Tree=23
num_leaves=15
num_cat=0
split_feature=11 5 5 3 3 3 3 3 3 8 2 2 2 3
split_gain=9.13802 225.777 223.243 0.020273 0.0185204 0.0168808 0.0157836 0.00372931 0.00278838 1.83056e-05 1.42439e-05 9.49793e-06 1.32298e-05 8.18802e-06
threshold=1.0000000180025095e-35 1.0000000180025095e-35 1.0000000180025095e-35 1.5000000000000002 1.5000000000000002 2.5000000000000004 2.5000000000000004 2.5000000000000004 2.5000000000000004 1.0000000180025095e-35 129.60937500000003 89.265625000000014 96.359375000000014 4.5000000000000009
decision_type=2 2 2 2 2 2 2 2 2 2 2 2 2 2
left_child=2 4 3 -1 -2 9 -4 10 -5 -3 -6 13 -13 -10
right_child=1 5 6 8 7 -7 -8 -9 11 -11 -12 12 -14 -15
leaf_value=-0.064755900986147863 0.064324186041429407 -0.062878807599701381 0.062891748232541386 -0.061523704265880254 0.061697164063289768 -0.060429267682335641 0.060441555945272646 0.060426675679167235 -0.060415294805453101 -0.062729400074923142 0.061554816250388479 -0.060313632144106913 -0.060424936415367538 -0.060466565887666551
leaf_weight=2.9908659011125556 3.4611456692218772 3.7459540367126447 7.1701344847679129 6.5449881851673117 4.1482364237308493 83.39306652545929 78.883882775902748 55.110159039497375 11.271161511540411 4.5285135358572006 3.0491481423377991 3.1183242499828365 18.558433145284653 25.191423416137695
leaf_count=17 20 23 44 43 27 584 552 386 79 28 20 22 130 176
internal_value=-0.00145842 -0.00992536 0.00721268 -0.0607314 0.0607642 -0.060643 0.0606457 0.0605665 -0.0605453 -0.062797 0.0616369 -0.0604351 -0.0604089 -0.0604507
internal_weight=311.165 157.436 153.729 67.6752 65.7687 91.6675 86.054 62.3075 64.6843 8.27447 7.19738 58.1393 21.6768 36.4626
internal_count=2151 1088 1063 467 453 635 596 433 450 51 47 407 152 255
is_linear=0
shrinkage=0.05


Tree=24
num_leaves=15
num_cat=0
split_feature=0 0 3 5 0 0 2 2 2 2 0 0 2 2
split_gain=0.294843 0.416246 0.244252 0.193197 0.204852 0.160584 0.160222 0.118956 0.439618 0.16054 0.157326 0.156411 0.110973 0.200465
threshold=28.500000000000004 18.500000000000004 2.5000000000000004 1.0000000180025095e-35 99.500000000000014 40.500000000000007 108.10937500000001 116.60156250000001 114.30468750000001 119.52343750000001 64.500000000000014 91.500000000000014 112.96093750000001 104.00781250000001
decision_type=2 2 2 2 2 2 2 2 2 2 2 2 2 2
left_child=1 6 3 -2 -5 -4 -1 8 12 -9 -11 -12 13 -7
right_child=2 -3 5 4 -6 7 -8 9 -10 10 11 -13 -14 -15
leaf_value=-0.0050949971201820739 -0.0009187513609626802 0.01920324600896808 -0.0085458573323026251 -0.0043386475914921558 -0.01765582436676456 0.00095042788282522655 0.008542108966686451 0.012830137423240046 -0.015998527180448398 0.010734036246820178 -0.0054120371035300376 0.0027394040709130397 0.00925004980864471 -0.0040350383079664218
leaf_weight=4.8415795266628248 18.631615579128265 4.8838361203670493 4.8021054267883292 8.4480189383029956 4.3874427676200858 167.85424572229385 3.8798858821392059 3.8421155959367743 4.1156525611877433 4.6629811376333228 7.5457779020071021 26.736667916178703 3.5692258775234214 22.916378498077393
leaf_count=35 122 35 35 54 28 1223 28 28 30 34 55 195 26 167
internal_value=0.000329679 0.00751619 -2.2647e-05 -0.00417054 -0.00889075 0.000507833 0.000971692 0.000688053 0.000172512 0.00307921 0.00211725 0.000945222 0.000514976 0.000351547
internal_weight=291.118 13.6053 277.512 31.4671 12.8355 246.045 8.72147 241.243 198.456 42.7875 38.9454 34.2824 194.34 190.771
internal_count=2095 98 1997 204 82 1793 63 1758 1446 312 284 250 1416 1390
is_linear=0
shrinkage=0.05


Tree=25
num_leaves=15
num_cat=0
split_feature=11 5 5 3 3 3 3 3 3 0 0 0 0 0
split_gain=9.84443 209.353 209.02 0.0174065 0.0141838 0.0135194 0.0107321 0.00293064 0.00226747 1.37178e-05 1.03518e-05 8.60793e-06 8.36197e-06 1.10827e-05
threshold=1.0000000180025095e-35 1.0000000180025095e-35 1.0000000180025095e-35 1.5000000000000002 2.5000000000000004 1.5000000000000002 2.5000000000000004 2.5000000000000004 2.5000000000000004 28.500000000000004 72.500000000000014 17.500000000000004 28.500000000000004 17.500000000000004
decision_type=2 2 2 2 2 2 2 2 2 2 2 2 2 2
left_child=1 3 5 -1 10 -2 -4 -7 -5 11 -3 -8 13 -6
right_child=2 4 6 8 12 7 9 -9 -10 -11 -12 -13 -14 -15
leaf_value=-0.063811046463094573 0.06345904350965724 0.062119478421056765 -0.061955658756941694 -0.060828073442364183 0.059829388346098758 0.060944703727517896 -0.059834857174106873 0.059807015358174676 -0.05983531903614514 -0.059819383351589706 0.062241697291717947 -0.05994901449348148 0.05982480579997991 0.059695101373675043
leaf_weight=3.05244356393814 2.8402569890022269 3.4545017331838599 6.3843623250722876 6.4376876801252356 3.1577526181936255 6.3346680998802176 3.1588694006204596 53.188290432095528 53.978168681263924 73.538940757513046 3.475678876042366 3.4601242691278458 71.507555648684502 2.992492139339447
leaf_count=18 17 22 41 44 23 43 23 388 393 536 22 25 521 22
internal_value=-0.000617807 0.0085119 -0.00969545 -0.0601272 0.0600134 0.0600889 -0.0599827 0.0599281 -0.0599411 -0.0598256 0.0621808 -0.0598945 0.05982 0.059764
internal_weight=296.962 148.056 148.906 63.4683 84.588 62.3632 86.5423 59.523 60.4159 80.1579 6.93018 6.61899 77.6578 6.15024
internal_count=2138 1065 1073 455 610 448 625 431 437 584 44 48 566 45
is_linear=0
shrinkage=0.05


Tree=26
num_leaves=15
num_cat=0
split_feature=11 5 5 3 3 3 3 3 3 0 12 0 0 2
split_gain=5.90426 195.02 193.813 0.0138851 0.0122429 0.0109982 0.0089419 0.00275872 0.00184961 1.3602e-05 8.96153e-06 8.76732e-06 8.54553e-06 8.4067e-06
threshold=1.0000000180025095e-35 1.0000000180025095e-35 1.0000000180025095e-35 1.5000000000000002 1.5000000000000002 2.5000000000000004 2.5000000000000004 2.5000000000000004 2.5000000000000004 91.500000000000014 1.0000000180025095e-35 28.500000000000004 28.500000000000004 87.664062500000014
decision_type=2 2 2 2 2 2 2 2 2 2 2 2 2 2
left_child=1 3 4 -1 -2 9 -4 10 -5 -3 -6 -8 -7 -10
right_child=2 5 6 8 7 12 11 -9 13 -11 -12 -13 -14 -15
leaf_value=-0.062976959531820281 0.06260768905893839 0.061388861712838722 -0.061222340390102471 -0.06017766676352574 0.06023937554778111 0.059188657994322408 -0.059315113565868417 0.059236366677093824 -0.059278244678479391 0.061538574892685306 0.060355867807764113 -0.059249707709938551 0.059254135028339185 -0.05923660935580486
leaf_weight=2.7809406071901313 3.0549394339323035 3.0218502879142752 6.2868803590536109 6.1824154406785956 2.8212497681379318 5.376347303390502 5.5595142692327491 51.721164524555206 32.476854890584946 3.0467595756053925 3.979820802807807 65.341532215476036 68.1307033598423 19.345856413245201
leaf_count=17 19 20 42 44 20 41 42 393 246 20 28 496 517 147
internal_value=0.000677034 0.00790752 -0.00663665 -0.0595257 0.0595219 0.0594182 -0.0594151 0.0593609 -0.0593602 0.061464 0.0603075 -0.0592548 0.0592493 -0.0592627
internal_weight=279.127 140.362 138.765 60.7861 61.5772 79.5757 77.1879 58.5222 58.0051 6.06861 6.80107 70.901 73.5071 51.8227
internal_count=2092 1052 1040 454 460 598 580 441 437 40 48 538 558 393
is_linear=0
shrinkage=0.05


Tree=27
num_leaves=15
num_cat=0
split_feature=11 5 5 3 3 3 3 3 7 0 0 0 0 0
split_gain=6.25542 189.252 181.483 0.0110221 0.00977032 0.00786354 0.00721741 0.00193005 8.90713e-05 1.25141e-05 9.82387e-06 9.99951e-06 9.0687e-06 6.61772e-06
threshold=1.0000000180025095e-35 1.0000000180025095e-35 1.0000000180025095e-35 2.5000000000000004 1.5000000000000002 2.5000000000000004 2.5000000000000004 2.5000000000000004 1.0000000180025095e-35 96.500000000000014 28.500000000000004 17.500000000000004 28.500000000000004 81.500000000000014
decision_type=2 2 2 2 2 2 2 2 2 2 2 2 2 2
left_child=1 6 4 9 -2 13 8 -6 -1 -3 11 -7 -5 -4
right_child=2 3 5 12 7 10 -8 -9 -10 -11 -12 -13 -14 -15
leaf_value=-0.060134792689492823 0.06183750828301468 0.060731029237724325 -0.060590193549841881 0.058654564067493253 0.059696501406426766 -0.058713356924430839 -0.058729392985626676 0.058704661586680966 -0.060455161097021121 0.060864742619673444 -0.058715955700083033 -0.05884592848971372 0.058722643669097879 -0.060488407542020943
leaf_weight=4.5981010347604734 2.7854175120592108 3.6366413235664359 3.6054973006248465 5.2822440341114989 5.4412095099687567 2.6538960933685294 51.501509502530098 49.75711677223444 4.1078784167766571 3.372537299990654 62.695386901497841 3.065241813659668 66.14397644251585 2.8664198666810989
leaf_count=33 18 25 25 42 40 21 407 394 29 23 496 24 523 20
internal_value=0.00029237 0.00772201 -0.00746006 0.0589033 0.0589482 -0.0588793 -0.0589545 0.0588024 -0.060286 0.0607954 -0.0587217 -0.0587844 0.0587176 -0.0605451
internal_weight=271.513 138.643 132.87 78.4354 57.9837 74.8864 60.2075 55.1983 8.70598 7.00918 68.4145 5.71914 71.4262 6.47192
internal_count=2120 1082 1038 613 452 586 469 434 62 48 541 45 565 45
is_linear=0
shrinkage=0.05


Tree=28
num_leaves=15
num_cat=0
split_feature=11 4 4 3 4 3 4 3 4 3 4 3 4 3
split_gain=8.6672 65.7711 61.6396 18.8016 29.7853 17.7326 28.4045 14.3954 15.7299 14.3243 16.5304 11.43 10.7068 9.62691
threshold=1.0000000180025095e-35 4.5000000000000009 4.5000000000000009 4.5000000000000009 3.5000000000000004 4.5000000000000009 3.5000000000000004 3.5000000000000004 2.5000000000000004 3.5000000000000004 2.5000000000000004 2.5000000000000004 1.5000000000000002 2.5000000000000004
decision_type=2 2 2 2 2 2 2 2 2 2 2 2 2 2
left_child=2 5 3 4 9 6 7 8 11 10 13 12 -2 -1
right_child=1 -3 -4 -5 -6 -7 -8 -9 -10 -11 -12 -13 -14 -15
leaf_value=-0.00097376531691870333 -0.027387016940422788 0.058199333708155998 -0.058242727011728772 0.058219119394592282 -0.058210625726745471 -0.058232167080024579 0.058222286795057802 -0.058216263060375029 0.058210229717462869 0.058233234125042804 -0.058218066167734818 -0.058221643192795484 0.059145037987825312 0.058222522179352115
leaf_weight=15.44247430562973 9.4472402781248075 29.047582909464836 26.363632559776306 33.462698824703693 12.236302912235258 31.558686971664429 11.642153963446615 22.908316500484943 7.2684437111020079 23.06380820274353 7.516003504395484 13.217358820140362 5.7508222311735162 12.369532719254494
leaf_count=112 67 240 217 276 101 260 96 189 60 190 62 109 44 102
internal_value=0.000930117 -0.00816277 0.0100499 0.0273468 0.0127198 -0.0270998 -0.013111 -0.0272848 -0.00742738 0.0275837 0.00757418 -0.024217 0.005356 0.0253541
internal_weight=261.295 130.841 130.454 104.091 70.6281 101.793 70.2343 58.5922 35.6839 58.3918 35.328 28.4154 15.1981 27.812
internal_count=2125 1065 1060 843 567 825 565 469 280 466 276 220 111 214
is_linear=0
shrinkage=0.05


Tree=29
num_leaves=15
num_cat=0
split_feature=11 5 5 3 3 3 3 3 8 0 8 0 0 0
split_gain=5.9442 169.231 164.826 0.0147881 0.0136351 0.00823114 0.00758039 0.00349723 8.02157e-05 1.13326e-05 7.8431e-06 5.41169e-06 5.26821e-06 5.10708e-06
threshold=1.0000000180025095e-35 1.0000000180025095e-35 1.0000000180025095e-35 2.5000000000000004 1.5000000000000002 2.5000000000000004 2.5000000000000004 2.5000000000000004 1.0000000180025095e-35 96.500000000000014 1.0000000180025095e-35 28.500000000000004 17.500000000000004 28.500000000000004
decision_type=2 2 2 2 2 2 2 2 2 2 2 2 2 2
left_child=1 4 6 9 -1 -4 8 10 -2 -3 -6 12 -5 -7
right_child=2 3 5 11 7 13 -8 -9 -10 -11 -12 -13 -14 -15
leaf_value=-0.061450861164639839 0.059259165151544273 0.060099596960513452 -0.059661542341422291 0.057759420100916815 -0.059064288108067811 -0.057807633704464845 0.057745215772714853 -0.057766051870638969 0.059577653154921834 0.06022838275204187 -0.058951071080126344 0.057760129274897036 0.057657608564196321 -0.057755672745057773
leaf_weight=2.8805203437805167 3.9133820161223403 4.3337759226560584 6.2422490566968909 2.4420469626784316 3.7673809975385657 5.1396444067358962 46.336716517806053 46.078877165913582 3.9955926686525345 2.8195028305053711 2.5753992944955826 60.357451908290386 2.6487463042140007 59.169617354869843
leaf_count=19 30 31 46 21 29 44 399 396 30 20 20 519 23 509
internal_value=0.000221266 0.00779612 -0.00754214 0.0579919 -0.0581016 -0.0579281 0.0579894 -0.0579176 0.0594201 0.0601504 -0.0590183 0.057756 0.0577064 -0.0577598
internal_weight=252.701 127.904 124.797 72.6015 55.3022 70.5515 54.2457 52.4217 7.90897 7.15328 6.34278 65.4482 5.09079 64.3093
internal_count=2136 1078 1058 614 464 599 459 445 60 51 49 563 44 553
is_linear=0
shrinkage=0.05


Tree=30
num_leaves=15
num_cat=0
split_feature=11 4 4 4 4 2 2 0 2 4 0 2 4 2
split_gain=6.90798 61.1005 55.4291 5.29274 4.17928 3.20773 2.96562 1.97003 2.04883 2.05402 1.80937 1.99981 2.14813 1.78021
threshold=1.0000000180025095e-35 4.5000000000000009 4.5000000000000009 3.5000000000000004 3.5000000000000004 46.640625000000007 46.640625000000007 43.500000000000007 55.320312500000007 2.5000000000000004 42.500000000000007 55.320312500000007 1.5000000000000002 129.60937500000003
decision_type=2 2 2 2 2 2 2 2 2 2 2 2 2 2
left_child=1 4 3 7 10 -5 -6 -2 -9 13 -1 -12 -13 -10
right_child=2 -3 -4 5 6 -7 -8 8 9 -11 11 12 -14 -15
leaf_value=0.057610546460235772 -0.057615959496265572 -0.05734055652528891 0.057303434967278181 -0.04558105507669552 0.050756644148119305 0.0014581182837734672 0.0033056944463992219 -0.055333011990119974 -0.040390386920143073 -0.013120653809944222 0.053985629296441656 0.042322274071691923 0.020905345142495171 -0.015047443050948312
leaf_weight=7.5212452486157408 7.1903768852353087 26.901780560612679 25.688325472176075 4.3493598848581341 3.8962785899639156 21.738966934382915 21.259545087814331 7.0325444638729087 26.13104048371315 18.479817219078541 8.6036689281463605 17.498767592012882 35.380667887628078 9.4301057010889036
leaf_count=66 63 241 231 39 35 195 191 63 226 166 77 143 313 78
internal_value=0.000687443 0.00911506 -0.00781188 -0.0255402 0.0281016 -0.0063841 0.0106552 -0.032861 -0.0299466 -0.0266429 0.0344617 0.0316299 0.0279926 -0.0336699
internal_weight=241.102 121.062 120.041 94.3522 94.1602 26.0883 25.1558 68.2639 61.0735 54.041 69.0043 61.4831 52.8794 35.5611
internal_count=2127 1066 1061 830 825 234 226 596 533 470 599 533 456 304
is_linear=0
shrinkage=0.05


Tree=31
num_leaves=15
num_cat=0
split_feature=11 5 5 3 3 3 3 3 3 3 3 5 2 5
split_gain=4.2302 155.41 151.028 0.0173074 0.0147691 0.00839473 0.00601599 0.00523922 0.00315447 0.000945082 0.000895531 0.00011863 8.8024e-05 8.87637e-05
threshold=1.0000000180025095e-35 1.0000000180025095e-35 1.0000000180025095e-35 1.5000000000000002 1.5000000000000002 2.5000000000000004 2.5000000000000004 2.5000000000000004 2.5000000000000004 4.5000000000000009 4.5000000000000009 1.5000000000000002 52.164062500000007 1.5000000000000002
decision_type=2 2 2 2 2 2 2 2 2 2 2 2 2 2
left_child=1 3 4 -1 -2 -3 -4 -5 -6 -9 -10 -8 -7 -14
right_child=2 5 6 7 8 12 11 9 10 -11 -12 -13 13 -15
leaf_value=-0.061235405197815812 0.061151859813433788 0.059145012413348547 -0.058805834870092701 -0.058686705571093595 0.058347366399088933 0.056971603076465441 -0.0571800676593242 -0.057399316768885558 0.057361476419695967 -0.056931026420036335 0.056896579625141643 -0.057039623373807219 0.057198937894259762 0.057065820356282153
leaf_weight=2.996057152748107 2.5337615907192221 5.4889304339885703 5.7285690605640402 6.178688369691371 5.6374317929148665 10.523070737719534 30.183618769049644 18.862146221101284 17.671918489038944 25.126018904149532 25.031429596245289 29.960574470460415 24.418890938162804 25.70573415607214
leaf_count=20 17 42 45 49 46 98 275 168 158 235 235 277 222 237
internal_value=-0.000514027 0.00610745 -0.00728026 -0.0575438 0.0574308 0.0572725 -0.0572576 -0.0573233 0.0572357 -0.0571318 0.057089 -0.0571101 0.0571031 0.0571307
internal_weight=236.047 119.3 116.747 53.1629 50.8745 66.1366 65.8728 50.1669 48.3408 43.9882 42.7033 60.1442 60.6477 50.1246
internal_count=2124 1071 1053 472 456 599 597 452 439 403 393 552 557 459
is_linear=0
shrinkage=0.05


Tree=32
num_leaves=15
num_cat=0
split_feature=11 5 5 4 4 4 4 5 4 5 4 4 7 4
split_gain=6.12542 146.542 145.869 0.0134627 0.0121809 0.00263757 0.00172175 0.0064685 0.00122893 0.00444992 0.000790088 0.000779226 0.000531439 0.000114671
threshold=1.0000000180025095e-35 1.0000000180025095e-35 1.0000000180025095e-35 1.5000000000000002 2.5000000000000004 2.5000000000000004 1.5000000000000002 1.5000000000000002 1.5000000000000002 1.5000000000000002 4.5000000000000009 4.5000000000000009 1.0000000180025095e-35 3.5000000000000004
decision_type=2 2 2 2 2 2 2 2 2 2 2 2 2 2
left_child=2 3 4 -2 12 -5 7 -4 9 -3 -6 -7 -1 -10
right_child=1 8 6 5 10 11 -8 -9 13 -11 -12 -13 -14 -15
leaf_value=-0.05855920486002153 0.060458454887557793 -0.058306323728785373 0.058610877795986407 0.057887409150520042 -0.056986652109617689 0.056957252316282639 0.056739511337142938 0.056619061248015246 -0.056678667877791904 -0.05663847750912953 -0.056547669311235962 0.056515856446462821 -0.059418251339226305 -0.056847001822370402
leaf_weight=3.9731188639998427 2.7169820368289939 6.1072644963860538 6.2654870301485088 5.2942008823156348 17.638785444200039 17.261054471135139 47.192468501627445 11.664817817509173 34.605818077921867 11.586591124534605 24.468729630112648 23.765222519636154 3.2921578139066696 14.29659380763769
leaf_count=32 19 50 50 45 164 161 451 113 333 112 239 233 25 135
internal_value=-0.000439885 -0.00855704 0.00775796 0.0570377 -0.0570578 0.0568371 0.056898 0.0573151 -0.0568571 -0.0572142 -0.0567316 0.0567016 -0.0589485 -0.0567279
internal_weight=230.129 115.634 114.496 49.0375 49.3728 46.3205 65.1228 17.9303 66.5963 17.6939 42.1075 41.0263 7.26528 48.9024
internal_count=2162 1088 1074 458 460 439 614 163 630 162 403 394 57 468
is_linear=0
shrinkage=0.05


Tree=33
num_leaves=15
num_cat=0
split_feature=3 4 0 2 2 2 2 0 2 2 2 2 5 0
split_gain=0.140773 0.0976819 0.129061 0.0951736 0.152765 0.112654 0.102515 0.145329 0.138651 0.121741 0.107363 0.0860016 0.0807169 0.070376
threshold=3.5000000000000004 1.5000000000000002 29.500000000000004 52.773437500000007 54.593750000000007 51.195312500000007 96.679687500000014 80.500000000000014 61.882812500000007 167.45312500000003 146.85937500000003 91.421875000000014 2.5000000000000004 18.500000000000004
decision_type=2 2 2 2 2 2 2 2 2 2 2 2 2 2
left_child=-1 11 13 5 -5 -4 7 -6 -9 10 12 -2 -8 -3
right_child=1 2 3 4 6 -7 9 8 -10 -11 -12 -13 -14 -15
leaf_value=-0.0021082739716643804 0.0010270924593062407 0.0035610493192880944 -0.0005908674097759712 0.014100943733277017 0.0079858091044013278 -0.012019534485053955 -8.4489830281542219e-05 -0.0050660483893676719 0.0027158112163075832 0.0074080010097270291 -0.011348638436226667 -0.007066369156488464 -0.0099700330808925181 0.014834574405939327
leaf_weight=60.572020329535007 6.0135712549090368 3.1431235522031775 38.901128150522709 2.397666558623313 10.750446282327173 2.2827548310160628 34.434357285499573 6.7975425049662581 36.242028467357159 4.3998939096927634 2.5190721526741973 7.2267942279577255 2.1966480240225783 2.4739813432097435
leaf_count=559 61 32 395 24 107 23 343 68 362 44 25 73 22 25
internal_value=-5.57126e-05 0.000722411 0.00109402 0.000797774 0.00163275 -0.00122434 0.00132563 0.00278566 0.00148677 -0.000477696 -0.00136393 -0.00339044 -0.000677295 0.00852633
internal_weight=220.351 159.779 146.539 140.922 99.7377 41.1839 97.34 53.79 43.0396 43.55 39.1501 13.2404 36.631 5.6171
internal_count=2163 1604 1470 1413 995 418 971 537 430 434 390 134 365 57
is_linear=0
shrinkage=0.05


Tree=34
num_leaves=15
num_cat=0
split_feature=11 5 5 3 3 3 3 3 3 3 4 7 0 4
split_gain=5.71362 138.66 137.349 0.010626 0.0102749 0.00747191 0.0047035 0.00242556 0.000654192 0.00065175 0.000132706 0.000114694 6.80271e-05 3.74173e-05
threshold=1.0000000180025095e-35 1.0000000180025095e-35 1.0000000180025095e-35 2.5000000000000004 1.5000000000000002 2.5000000000000004 2.5000000000000004 2.5000000000000004 4.5000000000000009 4.5000000000000009 2.5000000000000004 1.0000000180025095e-35 41.500000000000007 3.5000000000000004
decision_type=2 2 2 2 2 2 2 2 2 2 2 2 2 2
left_child=1 3 4 11 -2 -3 -4 -6 -5 -9 -8 -1 -7 -12
right_child=2 5 6 8 7 12 10 9 -10 -11 13 -13 -14 -15
leaf_value=-0.058252271460167641 0.059863992935514282 0.058140446734740517 -0.057822296681649926 -0.056602431972651981 0.057466606311068383 0.05618178174621058 -0.056265257156469829 0.056568391172794767 -0.056190397363484273 0.056155364522250686 -0.056368341871877919 -0.058650644369682904 0.056355280231150752 -0.056480612569077215
leaf_weight=4.1027981936931601 2.3383933603763571 6.3805449381470671 5.9651131555438033 16.174494735896587 5.3112671598792067 6.3628311902284613 26.713142558932304 16.417939819395542 23.820731498301029 22.837188675999641 16.629565142095089 3.2285102009773254 50.41400221735239 13.402409225702288
leaf_count=34 17 53 51 157 47 65 270 160 243 234 166 26 504 132
internal_value=5.6884e-06 0.0080299 -0.00808213 -0.0566778 0.0566333 0.0565181 -0.0564867 0.0564638 -0.056357 0.0563281 -0.0563463 -0.0584277 0.0563358 -0.0564184
internal_weight=220.099 110.484 109.615 47.3265 46.9048 63.1574 62.7102 44.5664 39.9952 39.2551 56.7451 7.33131 56.7768 30.032
internal_count=2159 1082 1077 460 458 622 619 441 400 394 568 60 569 298
is_linear=0
shrinkage=0.05


Tree=35
num_leaves=15
num_cat=0
split_feature=11 4 4 3 4 3 4 3 4 3 4 3 3 4
split_gain=4.66443 46.7173 45.1451 14.0437 19.9717 13.6715 20.6861 11.641 10.9727 10.6644 11.9014 8.65245 8.44862 8.39048
threshold=1.0000000180025095e-35 4.5000000000000009 4.5000000000000009 4.5000000000000009 3.5000000000000004 4.5000000000000009 3.5000000000000004 3.5000000000000004 2.5000000000000004 3.5000000000000004 2.5000000000000004 2.5000000000000004 2.5000000000000004 1.5000000000000002
decision_type=2 2 2 2 2 2 2 2 2 2 2 2 2 2
left_child=2 5 3 4 7 6 9 8 11 10 12 -1 13 -2
right_child=1 -3 -4 -5 -6 -7 -8 -9 -10 -11 -12 -13 -14 -15
leaf_value=-0.0081006781479024941 -0.026727529452222978 0.055819373180576115 -0.055851795173233292 0.056003233691788327 -0.056201362310420888 -0.056035143526472611 0.056174382929040791 0.055981740582042507 -0.056278835354454319 -0.055968764204219458 0.056272277610769632 0.055970313628583707 -0.055934145999323018 0.057035419903401031
leaf_weight=11.791497923433784 8.0490743368864077 22.318176329135895 22.416464902460575 24.490498706698418 9.3248353600501996 25.645500905811787 9.2924942150711995 17.554866798222065 5.9466371312737456 17.810482248663902 5.9415555596351615 9.5265024676918983 10.619652032852173 4.7562972381711015
leaf_count=102 69 239 239 256 95 267 95 184 60 187 60 100 112 44
internal_value=-0.000916666 -0.00832689 0.00674156 0.0245851 0.010374 -0.0257613 -0.0120125 0.0242253 0.00377824 -0.0254433 -0.00693001 0.0205311 -0.0229607 0.00438453
internal_weight=205.485 104.433 101.051 78.6348 54.1443 82.1151 56.4696 44.8195 27.2646 47.1771 29.3666 21.318 23.425 12.8054
internal_count=2109 1073 1036 797 541 834 567 446 262 472 285 202 225 113
is_linear=0
shrinkage=0.05


Tree=36
num_leaves=15
num_cat=0
split_feature=11 5 5 4 4 4 5 4 4 5 4 4 2 4
split_gain=3.4093 126.614 119.825 0.0117034 0.00995548 0.00219543 0.00670187 0.0015385 0.000849596 0.00347698 0.000477135 0.000466041 0.00022612 8.20761e-05
threshold=1.0000000180025095e-35 1.0000000180025095e-35 1.0000000180025095e-35 2.5000000000000004 1.5000000000000002 1.5000000000000002 1.5000000000000002 2.5000000000000004 1.5000000000000002 1.5000000000000002 4.5000000000000009 4.5000000000000009 141.25781250000003 3.5000000000000004
decision_type=2 2 2 2 2 2 2 2 2 2 2 2 2 2
left_child=1 3 4 12 -2 6 -3 -6 9 -4 -5 -9 -1 -10
right_child=2 5 8 10 7 -7 -8 11 13 -11 -12 -13 -14 -15
leaf_value=-0.057645634373938597 0.059482471784357296 0.05774662677239515 -0.057187981960060558 -0.055894355494032356 0.056644838286248 0.055679433959168856 0.055602919441296229 0.055868195841680901 -0.055647341498650721 -0.055588833988688913 -0.055535371877476494 0.055502593776689237 -0.058231575252981595 -0.05580224470993056
leaf_weight=5.2509953007102004 1.8749936670064915 5.6905110627412787 5.1639932692050925 15.939994983375071 4.3471509665250769 40.747022770345211 10.147207297384737 14.567686744034289 27.620459720492363 9.9456625357270223 22.074817560613155 21.702064834535122 2.3986774012446404 12.386168509721754
leaf_count=46 14 49 47 169 42 445 112 155 303 110 246 243 20 133
internal_value=-0.000489721 0.00589079 -0.00717361 -0.056045 0.0559204 0.0558736 0.0563732 0.055756 -0.0558159 -0.0561354 -0.0556859 0.0556494 -0.0578294 -0.0556953
internal_weight=199.857 102.249 97.6082 45.6645 42.4919 56.5847 15.8377 40.6169 55.1163 15.1097 38.0148 36.2698 7.64967 40.0066
internal_count=2134 1087 1047 481 454 606 161 440 593 157 415 398 66 436
is_linear=0
shrinkage=0.05


Tree=37
num_leaves=15
num_cat=0
split_feature=11 5 5 3 3 3 3 3 3 3 7 4 5 4
split_gain=3.3477 118.248 114.821 0.0110681 0.00987244 0.0072864 0.00370762 0.00137688 0.000411771 0.000402469 0.000110295 8.5356e-05 2.93938e-05 2.07508e-05
threshold=1.0000000180025095e-35 1.0000000180025095e-35 1.0000000180025095e-35 1.5000000000000002 2.5000000000000004 2.5000000000000004 2.5000000000000004 2.5000000000000004 4.5000000000000009 4.5000000000000009 1.0000000180025095e-35 3.5000000000000004 1.5000000000000002 2.5000000000000004
decision_type=2 2 2 2 2 2 2 2 2 2 2 2 2 2
left_child=1 4 3 -2 10 -3 -4 -5 -6 -9 -1 13 -7 -8
right_child=2 5 6 7 8 12 11 9 -10 -11 -12 -13 -14 -15
leaf_value=-0.057210222614066969 0.059006057756585351 0.057320697874443632 -0.056786012372487683 0.056301874541372324 -0.05557603585366841 0.055394811636026421 -0.055296637055240516 0.055552841015895929 -0.055232361011406439 0.055205724559552083 -0.057599240470373049 -0.05548172454864464 0.055316721285045868 -0.055373742542442463
leaf_weight=3.938304752111434 2.3269425332546225 5.2351017966866484 5.0498071238398543 4.2727276161313048 14.981584981083868 24.692081101238728 23.121207594871521 14.301288850605486 20.838749065995216 20.069477893412113 3.3907481133937836 11.481081932783125 23.537187583744526 14.014904774725435
leaf_count=36 18 47 48 43 166 281 267 159 243 235 30 129 271 160
internal_value=-0.000692028 0.00585514 -0.00737592 0.055657 -0.0557182 0.055549 -0.0554965 0.0554554 -0.0553761 0.0553502 -0.0573902 -0.0553626 0.0553567 -0.0553257
internal_weight=191.251 96.6138 94.6374 40.9704 43.1494 53.4644 53.667 38.6435 35.8203 34.3708 7.32905 48.6172 48.2293 37.1361
internal_count=2133 1074 1059 455 475 599 604 437 409 394 66 556 552 427
is_linear=0
shrinkage=0.05


Tree=38
num_leaves=15
num_cat=0
split_feature=11 5 5 3 3 3 3 3 3 3 7 4 0 4
split_gain=4.82822 109.88 108.295 0.00846199 0.00761909 0.00682052 0.00336002 0.00121933 0.000327557 0.000322503 0.000106358 8.01561e-05 4.00806e-05 2.09764e-05
threshold=1.0000000180025095e-35 1.0000000180025095e-35 1.0000000180025095e-35 1.5000000000000002 2.5000000000000004 2.5000000000000004 2.5000000000000004 2.5000000000000004 4.5000000000000009 4.5000000000000009 1.0000000180025095e-35 3.5000000000000004 41.500000000000007 2.5000000000000004
decision_type=2 2 2 2 2 2 2 2 2 2 2 2 2 2
left_child=2 3 4 -2 10 -4 -3 -5 -9 -6 -1 13 -7 -8
right_child=1 6 5 7 9 12 11 8 -10 -11 -12 -13 -14 -15
leaf_value=-0.056735561682899317 0.058429829413917417 -0.056399430161578036 0.056910453708045317 0.055949504863261695 -0.055276382991492547 0.054936171244084446 -0.055010274996250969 0.055248335884281241 0.054926263042243365 -0.054953255702956109 -0.057134916490439697 -0.055190924823662328 0.055086299260915877 -0.055089054761688266
leaf_weight=3.225190967321395 2.0979576706886283 5.3305479735136023 5.6531912609934798 4.369682051241397 13.035495594143869 4.9869366586208335 22.84398877620697 13.494783088564871 19.022457055747509 18.94391880184412 3.4513205289840698 11.498242586851118 40.971757926046848 13.409877471625803
leaf_count=31 17 53 53 46 151 61 276 157 233 231 32 135 489 160
internal_value=-0.000341437 -0.00839784 0.00787559 0.055341 -0.0554057 0.0552716 -0.0552088 0.0551653 0.0550599 -0.055085 -0.056942 -0.0550759 0.05507 -0.0550394
internal_weight=182.335 92.0675 90.2678 38.9849 38.6559 51.6119 53.0827 36.8869 32.5172 31.9794 6.67651 47.7521 45.9587 36.2539
internal_count=2125 1077 1048 453 445 603 624 436 390 382 63 571 550 436
is_linear=0
shrinkage=0.05


Tree=39
num_leaves=15
num_cat=0
split_feature=11 5 5 3 3 3 3 3 3 3 2 5 0 2
split_gain=4.74734 103.235 100.131 0.00651027 0.00631589 0.00474726 0.00246965 0.000813684 0.000278769 0.000273387 0.000188581 3.86524e-05 3.09341e-05 3.72408e-05
threshold=1.0000000180025095e-35 1.0000000180025095e-35 1.0000000180025095e-35 2.5000000000000004 1.5000000000000002 2.5000000000000004 2.5000000000000004 2.5000000000000004 4.5000000000000009 4.5000000000000009 136.25000000000003 1.5000000000000002 33.500000000000007 54.593750000000007
decision_type=2 2 2 2 2 2 2 2 2 2 2 2 2 2
left_child=1 3 4 10 -2 -3 -4 -6 -9 -5 -1 -8 -7 -14
right_child=2 5 6 9 7 12 11 8 -10 -11 -12 -13 13 -15
leaf_value=-0.056433138230831209 0.057937162519169562 0.056518558076837921 -0.056053605760115102 -0.054991894682153313 0.055616071974177908 0.054664286410139512 -0.054849936050846204 0.054965037571169606 0.05466332765928042 -0.054690112426866104 -0.057029260544467324 -0.054756331330842706 0.054719228592490676 0.054834301612468217
leaf_weight=3.5061208680272093 1.7725855261087407 4.3866065144538871 4.334247261285781 12.625591523945333 3.3574472889304152 3.9789137095212928 21.913373723626137 13.719940990209581 17.322412066161633 18.502577729523182 2.134272038936615 22.202996529638767 8.9030337780714017 33.436035126447678
leaf_count=35 15 43 45 153 37 51 272 167 222 236 20 280 113 416
internal_value=0.000523194 0.00869121 -0.00791992 -0.0550957 0.0550266 0.0549465 -0.0549147 0.0548766 0.0547967 -0.0548125 -0.0566587 -0.0548028 0.0547976 0.0548101
internal_weight=172.096 87.4732 84.623 36.7686 36.1724 50.7046 48.4506 34.3998 31.0424 31.1282 5.64039 44.1164 46.318 42.3391
internal_count=2105 1067 1038 444 441 623 597 426 389 389 55 552 580 529
is_linear=0
shrinkage=0.05


Tree=40
num_leaves=15
num_cat=0
split_feature=11 5 5 4 4 4 5 4 4 5 4 4 2 4
split_gain=3.38433 97.6804 95.696 0.00550158 0.00538756 0.00102889 0.00329882 0.00085322 0.000438936 0.00181588 0.0002326 0.000222506 8.94429e-05 3.86917e-05
threshold=1.0000000180025095e-35 1.0000000180025095e-35 1.0000000180025095e-35 2.5000000000000004 1.5000000000000002 1.5000000000000002 1.5000000000000002 2.5000000000000004 1.5000000000000002 1.5000000000000002 4.5000000000000009 4.5000000000000009 141.25781250000003 3.5000000000000004
decision_type=2 2 2 2 2 2 2 2 2 2 2 2 2 2
left_child=1 3 4 12 -2 6 -3 -6 9 -4 -5 -9 -1 -10
right_child=2 5 8 10 7 -7 -8 11 13 -11 -12 -13 -14 -15
leaf_value=-0.056059949487955674 0.057504365753865652 0.056157297403676837 -0.055726171379253703 -0.054719983508214845 0.055320451069574963 0.0545523614562251 0.054489786750908403 0.054697733777478046 -0.054527013538437523 -0.054483475873518677 -0.054439386003877183 0.054413775764824229 -0.056467422800116213 -0.054643139134938234
leaf_weight=4.1112324297428122 1.7013402581214894 4.5873575508594504 4.4247310161590567 12.293636217713358 3.82308056205511 32.417671680450439 8.3912548497319204 11.381873413920404 24.277566835284233 8.75866601616144 18.498986214399338 17.51512885093689 2.0028375461697578 10.181113637983797
leaf_count=43 15 47 48 156 44 424 111 145 319 116 247 235 20 131
internal_value=-0.00157557 0.00558862 -0.00876067 -0.0548234 0.0547611 0.054703 0.0550792 0.0546185 -0.0546552 -0.0549006 -0.0545514 0.0545256 -0.0561934 -0.0545613
internal_weight=164.366 82.303 82.0635 36.9067 34.4214 45.3963 12.9786 32.7201 47.6421 13.1834 30.7926 28.897 6.11407 34.4587
internal_count=2101 1048 1053 466 439 582 158 424 614 164 403 380 63 450
is_linear=0
shrinkage=0.05


Tree=41
num_leaves=15
num_cat=0
split_feature=0 2 0 0 5 2 5 2 0 0 2 2 2 2
split_gain=0.102696 0.0875317 0.0834813 0.0866188 0.102129 0.106614 0.0861015 0.0792586 0.0787013 0.092388 0.0756431 0.0911122 0.0674416 0.115182
threshold=42.500000000000007 62.726562500000007 69.500000000000014 63.500000000000007 1.0000000180025095e-35 119.52343750000001 3.5000000000000004 69.390625000000014 49.500000000000007 56.500000000000007 81.773437500000014 95.046875000000014 124.17187500000001 128.21093750000003
decision_type=2 2 2 2 2 2 2 2 2 2 2 2 2 2
left_child=1 -1 3 4 8 7 10 -6 -2 -10 -4 -12 -13 -14
right_child=2 -3 6 -5 5 -7 -8 -9 9 -11 11 12 13 -15
leaf_value=0.014898671608945242 -0.00044279741510626732 0.0022243346976800219 0.00099867074516651086 -0.010971009851305943 -0.0022952027117970428 -0.0063763743135916446 -0.0087258805753914186 0.010837835274932164 -0.019526457376962209 -0.0041740501116349533 -0.0050195264732577375 0.00092644303679025476 -0.014030456516311469 -0.0014972921832197455
leaf_weight=1.5795948579907406 2.787186264991762 9.9000663906335813 59.666414625942707 3.6810896545648566 1.8260519802570341 2.713302843272686 3.1042119637131682 3.0976938158273697 1.857278920710087 2.0745138451457024 14.103690035641192 32.410668082535267 2.031732231378558 18.758130565285683
leaf_count=22 35 134 816 48 25 34 43 42 24 26 190 430 27 237
internal_value=-0.000587557 0.00396832 -0.000940668 -0.00412841 -0.00237386 0.00158178 -0.000498633 0.00596723 -0.00687 -0.0114261 -0.000297491 -0.00144656 -0.000499354 -0.00272212
internal_weight=159.592 11.4797 148.112 18.0371 14.356 7.63705 130.075 4.92375 6.71898 3.93179 126.971 67.3042 53.2005 20.7899
internal_count=2133 156 1977 234 186 101 1743 67 85 50 1700 884 694 264
is_linear=0
shrinkage=0.05


Tree=42
num_leaves=15
num_cat=0
split_feature=11 5 5 3 3 3 3 3 3 3 7 4 2 2
split_gain=2.75894 94.583 93.0674 0.0058691 0.00476808 0.00343508 0.001863 0.0007973 0.000214174 0.000195128 0.000117203 5.38074e-05 2.83756e-05 2.67531e-05
threshold=1.0000000180025095e-35 1.0000000180025095e-35 1.0000000180025095e-35 1.5000000000000002 2.5000000000000004 2.5000000000000004 2.5000000000000004 2.5000000000000004 4.5000000000000009 4.5000000000000009 1.0000000180025095e-35 3.5000000000000004 47.523437500000007 54.593750000000007
decision_type=2 2 2 2 2 2 2 2 2 2 2 2 2 2
left_child=1 4 3 -2 10 -3 -4 -5 -9 -6 -1 -8 -13 -7
right_child=2 5 6 7 9 13 11 8 -10 -11 -12 12 -14 -15
leaf_value=-0.055675447902908771 0.057128318743011122 0.055831316084229525 -0.055409147080065335 0.055040151867346059 -0.054460680362219661 0.054221037979548942 -0.054273019204525 0.054461651607749142 0.054182431333239502 -0.054202842149749755 -0.056132761811259861 -0.054252766214768058 -0.054452420928936623 0.05432074458749462
leaf_weight=2.8216416388750067 2.0737706273794165 4.0210653916001311 4.2276521250605574 4.0743530318140975 12.856585361063482 8.4693295434117299 30.454743646085262 11.354407623410227 17.38001848757267 17.094130858778954 2.7827949672937393 2.3116203844547254 7.7326380163431168 32.715756274759769
leaf_count=31 19 43 48 49 171 118 420 151 244 239 29 32 103 447
internal_value=-6.21573e-05 0.00644901 -0.00666755 0.0545486 -0.054564 0.0544364 -0.0544104 0.0543856 0.0542928 -0.0543135 -0.0559025 -0.0543061 -0.0544065 0.0543002
internal_weight=160.371 80.7613 79.6092 34.8825 35.5552 45.2062 44.7267 32.8088 28.7344 29.9507 5.60444 40.499 10.0443 41.1851
internal_count=2144 1078 1066 463 470 608 603 444 395 410 60 555 135 565
is_linear=0
shrinkage=0.05


Tree=43
num_leaves=15
num_cat=0
split_feature=11 5 5 3 3 3 3 3 3 3 2 4 0 2
split_gain=3.08068 88.7108 88.6637 0.0047292 0.00408547 0.00301322 0.00137577 0.000631697 0.000180382 0.00016149 0.000133791 4.22108e-05 2.46057e-05 2.48631e-05
threshold=1.0000000180025095e-35 1.0000000180025095e-35 1.0000000180025095e-35 1.5000000000000002 2.5000000000000004 2.5000000000000004 2.5000000000000004 2.5000000000000004 4.5000000000000009 4.5000000000000009 142.38281250000003 3.5000000000000004 41.500000000000007 55.320312500000007
decision_type=2 2 2 2 2 2 2 2 2 2 2 2 2 2
left_child=1 4 3 -2 10 -3 -4 -5 -9 -6 -1 -8 -7 -14
right_child=2 5 6 7 9 12 11 8 -10 -11 -12 -13 13 -15
leaf_value=-0.055381076528170162 0.056733872840962575 0.05551244304451497 -0.05511860465159929 0.054778095341531802 -0.054227450424247571 0.053964621767768929 -0.054049889908455287 0.054220290567754327 0.053962590525430371 -0.053982650858663155 -0.055891413973535115 -0.05417047242744856 0.054010974442789274 0.054112478735280238
leaf_weight=3.7440495938062659 1.8817354813218106 4.0237550958991042 3.4534432962536803 3.5812827572226551 11.642327852547169 4.4229340702295294 30.558348506689072 11.840979740023613 15.920615464448929 15.989337056875229 1.9547661691904066 9.5182125121355039 7.7661979272961608 27.031292125582695
leaf_count=43 18 45 41 45 162 65 441 165 234 234 21 134 113 385
internal_value=-0.000133057 0.00696256 -0.00721204 0.0542993 -0.0543372 0.0542094 -0.054161 0.0541531 0.0540725 -0.0540858 -0.0555561 -0.0540785 0.0540757 0.0540898
internal_weight=153.329 76.5747 76.7546 33.2246 33.3305 43.2442 43.53 31.3429 27.7616 27.6317 5.69882 40.0766 39.2204 34.7975
internal_count=2146 1068 1078 462 460 608 616 444 399 396 64 575 563 498
is_linear=0
shrinkage=0.05


Tree=44
num_leaves=15
num_cat=0
split_feature=2 3 2 0 3 0 2 0 0 4 2 2 2 4
split_gain=0.171887 0.0577397 0.0783318 0.0656227 0.136291 0.0713712 0.049332 0.0440162 0.0488233 0.0404481 0.0365116 0.0356834 0.114708 0.059945
threshold=34.523437500000007 1.5000000000000002 157.21875000000003 27.500000000000004 3.5000000000000004 13.500000000000002 167.45312500000003 36.000000000000007 41.500000000000007 2.5000000000000004 31.898437500000004 88.593750000000014 87.664062500000014 1.5000000000000002
decision_type=2 2 2 2 2 2 2 2 2 2 2 2 2 2
left_child=10 -2 3 4 -3 -6 -4 -5 -9 -8 -1 12 -10 -13
right_child=1 2 6 7 5 -7 9 8 11 -11 -12 13 -14 -15
leaf_value=-0.0046400737154986479 -0.0062287170395149694 0.016592608683640212 0.011553081861131007 -0.0080745897744455408 0.008571727805325122 -0.0049792611880897942 -0.0014319791706902726 0.0085716746143562322 0.00031318744828773878 0.0064497330566545752 -0.012958864903379677 0.0019537810267847224 0.014287384512086941 -0.0019712102466084573
leaf_weight=2.5451330542564383 3.3702951893210402 1.8238440230488766 2.1521083340048772 1.7348546087741841 1.5684854164719579 2.5536693334579468 3.0115479305386543 1.6187693551182736 61.031036466360092 3.5426195934414864 2.7379775196313858 12.546268828213213 1.5047304555773724 43.303089454770088
leaf_count=39 34 26 30 26 24 39 41 24 912 53 42 175 22 637
internal_value=-9.83041e-05 0.000236347 0.000396103 8.32118e-05 0.00521217 0.000176908 0.00498491 -0.000167298 -5.29854e-05 0.0028282 -0.0089513 -0.000170917 0.000649433 -0.00108948
internal_weight=145.044 139.761 136.391 127.685 5.946 4.12215 8.70628 121.739 120.004 6.55417 5.28311 118.385 62.5358 55.8494
internal_count=2124 2043 2009 1885 89 63 124 1796 1770 94 81 1746 934 812
is_linear=0
shrinkage=0.05


Tree=45
num_leaves=15
num_cat=0
split_feature=11 4 4 4 4 2 2 4 2 0 2 2 4 2
split_gain=3.61871 28.269 27.6915 2.46921 2.10912 1.58619 1.49665 1.50488 1.25961 1.16383 1.22746 0.953505 0.930815 0.887863
threshold=1.0000000180025095e-35 4.5000000000000009 4.5000000000000009 3.5000000000000004 3.5000000000000004 50.757812500000007 160.64062500000003 1.5000000000000002 124.17187500000001 43.500000000000007 55.320312500000007 46.640625000000007 1.5000000000000002 155.32812500000003
decision_type=2 2 2 2 2 2 2 2 2 2 2 2 2 2
left_child=2 4 3 6 9 -5 7 -1 -9 -2 -11 -6 13 -12
right_child=1 -3 -4 5 11 -7 -8 8 -10 10 12 -13 -14 -15
leaf_value=0.045824602322785152 -0.053918974400102737 0.053758408549172423 -0.053769907855746361 0.036307461685606154 -0.034591192748402326 -0.0019035181298004676 -0.0037887990662411816 0.029714471122143284 5.0528471028828105e-05 -0.050365440275895318 -0.041692821905227398 -0.0024529098200905958 -0.017618289572729266 -0.0020035755740386487
leaf_weight=12.858870774507521 4.3569918721914283 14.759779892861841 14.733476914465426 3.4488177746534374 2.8007953390479079 12.780830658972262 3.2002045959234229 22.672054905444387 4.2493850514292708 4.77868428826332 9.007414832711218 13.114331647753714 22.983107827603817 1.6704082936048497
leaf_count=177 65 227 226 52 42 188 41 334 60 73 123 192 336 20
internal_value=-0.000239502 -0.00809849 0.00756931 0.0228326 -0.0236489 0.00621636 0.0291069 0.0317533 0.0250322 -0.029428 -0.0266521 -0.00810871 -0.0232856 -0.0354839
internal_weight=147.415 73.4715 73.9436 59.2102 58.7117 16.2296 42.9805 39.7803 26.9214 42.7966 38.4396 15.9151 33.6609 10.6778
internal_count=2156 1078 1078 852 851 240 612 571 394 617 552 234 479 143
is_linear=0
shrinkage=0.05


Tree=46
num_leaves=15
num_cat=0
split_feature=11 4 4 3 4 3 4 3 3 4 4 3 3 4
split_gain=2.90814 27.7993 27.5733 9.55188 11.8278 9.38403 12.168 7.66193 7.12228 6.64529 6.4881 6.43994 6.43685 4.38475
threshold=1.0000000180025095e-35 4.5000000000000009 4.5000000000000009 4.5000000000000009 3.5000000000000004 4.5000000000000009 3.5000000000000004 3.5000000000000004 3.5000000000000004 2.5000000000000004 2.5000000000000004 2.5000000000000004 2.5000000000000004 1.5000000000000002
decision_type=2 2 2 2 2 2 2 2 2 2 2 2 2 2
left_child=2 5 3 4 7 6 8 9 10 12 11 -2 13 -1
right_child=1 -3 -4 -5 -6 -7 -8 -9 -10 -11 -12 -13 -14 -15
leaf_value=0.017442813444162444 0.011229544895437149 0.053561828810533764 -0.053571647442101605 0.053792039678894191 -0.053995529497551965 -0.05380901670581642 0.053996362645288509 0.053747284740073169 -0.053724130205177301 -0.054120256948602119 0.054119096276994065 -0.053710826172560934 0.053718250997707086 -0.054937794923600403
leaf_weight=5.3557123243808764 8.3873967826366442 14.897650349885224 14.622258644551037 17.801447290927172 6.1639441996812812 17.401422262191772 6.3024085387587538 11.7325326949358 11.345207963138821 4.0783601105213156 3.8665271624922743 7.0068763382732859 6.8877961151301852 3.4339732304215431
leaf_count=61 102 240 235 272 90 265 92 181 176 58 55 109 107 42
internal_value=0.000326876 -0.00694315 0.00750679 0.0236122 0.00934361 -0.0235402 -0.00926915 0.0217424 -0.0222968 0.00273551 -0.00378518 -0.0183288 0.017526 -0.010835
internal_weight=139.284 69.2075 70.076 55.4538 37.6523 54.3098 36.9084 31.4884 30.606 19.7558 19.2608 15.3943 15.6775 8.78969
internal_count=2085 1039 1046 811 539 799 534 449 442 268 266 211 210 103
is_linear=0
shrinkage=0.05


Tree=47
num_leaves=15
num_cat=0
split_feature=11 5 5 3 3 3 3 3 3 3 3 4 4 4
split_gain=3.09001 76.5299 76.2312 0.00485277 0.00455946 0.00229865 0.00192873 0.00144077 0.00122337 0.000471826 0.000465166 8.4295e-05 4.35655e-05 2.28193e-05
threshold=1.0000000180025095e-35 1.0000000180025095e-35 1.0000000180025095e-35 1.5000000000000002 1.5000000000000002 2.5000000000000004 2.5000000000000004 2.5000000000000004 2.5000000000000004 4.5000000000000009 4.5000000000000009 3.5000000000000004 3.5000000000000004 1.5000000000000002
decision_type=2 2 2 2 2 2 2 2 2 2 2 2 2 2
left_child=2 4 3 -1 -2 -4 -3 -5 -6 -10 -9 -8 13 -7
right_child=1 6 5 7 8 12 11 10 9 -11 -12 -13 -14 -15
leaf_value=-0.056513986261002659 0.056497225709872034 -0.054737392076434459 0.054909680606450767 -0.054653367861537128 0.054567304121538734 0.053456592017725069 -0.053528260590651106 -0.053832737533843801 0.05382803923180577 0.05337503678629113 -0.053384194803880791 -0.053709849071544316 0.053666596505117917 0.053561772164522084
leaf_weight=1.6306595951318765 1.5243867486715341 3.9506974145770064 3.4994511604309073 3.5035187453031567 3.4493246003985432 7.0131033919751671 26.575996935367584 9.7813485115766525 9.7054851800203323 14.096933875232935 14.130312647670507 8.4144323430955392 8.0740451291203481 19.481290739029646
leaf_count=16 15 50 43 45 45 116 432 148 147 238 238 131 127 314
internal_value=-0.00046189 -0.00799737 0.00714136 -0.053864 0.0538361 0.0536885 -0.0536902 -0.0537064 0.0536873 0.0535597 -0.0535677 -0.0535719 0.0535649 0.0535339
internal_weight=134.831 67.7173 67.1137 29.0458 28.7761 38.0679 38.9411 27.4152 27.2517 23.8024 23.9117 34.9904 34.5684 26.4944
internal_count=2105 1058 1047 447 445 600 613 431 430 385 386 563 557 430
is_linear=0
shrinkage=0.05


Tree=48
num_leaves=15
num_cat=0
split_feature=4 7 5 0 2 2 2 2 2 2 4 2 0 0
split_gain=0.118709 0.139597 0.107632 0.102587 0.117387 0.0837614 0.0796685 0.0721286 0.0681833 0.101751 0.0780684 0.184537 0.0580975 0.118843
threshold=1.5000000000000002 1.0000000180025095e-35 1.0000000180025095e-35 96.500000000000014 121.70312500000001 33.273437500000007 138.62500000000003 114.30468750000001 88.070312500000014 65.195312500000014 2.5000000000000004 67.656250000000014 59.500000000000007 70.500000000000014
decision_type=2 2 2 2 2 2 2 2 2 2 2 2 2 2
left_child=3 5 -3 -1 7 -2 -6 -5 9 -7 -11 -12 -10 -14
right_child=1 2 -4 4 6 8 -8 -9 12 10 11 -13 13 -15
leaf_value=5.9797536580144436e-05 0.0078540151554565753 -0.011008376226302794 -0.0014477365782000335 0.0058358825343065822 0.023768019424921721 5.0135478029734734e-05 0.006981218320375732 -0.0069998762022701723 -0.0036715873192390406 -0.012336282780110883 -0.022310364116855677 -0.0018729189622917785 0.013795812415853887 0.0010683693121609041
leaf_weight=12.567407637834549 3.0708509720861903 5.6652258150279504 6.1281642429530621 5.9266829565167427 1.4302165284752848 30.712661843746901 1.3973282203078268 1.3423628620803354 5.6605970934033385 2.7629610747098949 1.1862962618470216 16.020498752593994 1.9463299252092827 31.81904499232769
leaf_count=187 54 85 103 92 22 523 20 21 94 44 20 268 32 522
internal_value=-0.000206694 -0.000915217 -0.00604041 0.00307497 0.006828 -0.000266538 0.0154722 0.00346552 -0.000543283 -0.00175636 -0.00453468 -0.00328195 0.00101614 0.00180201
internal_weight=127.637 104.973 11.7934 22.664 10.0966 93.1792 2.82754 7.26905 90.1084 50.6824 19.9698 17.2068 39.426 33.7654
internal_count=2087 1745 188 342 155 1557 42 113 1503 855 332 288 648 554
is_linear=0
shrinkage=0.05


Tree=49
num_leaves=15
num_cat=0
split_feature=11 5 5 3 3 3 3 3 3 3 3 5 5 2
split_gain=2.5666 74.2078 73.6147 0.00478794 0.00375776 0.00208623 0.00174608 0.00108425 0.000967095 0.000445114 0.000401267 4.18914e-05 3.29293e-05 3.21476e-05
threshold=1.0000000180025095e-35 1.0000000180025095e-35 1.0000000180025095e-35 1.5000000000000002 1.5000000000000002 2.5000000000000004 2.5000000000000004 2.5000000000000004 2.5000000000000004 4.5000000000000009 4.5000000000000009 1.5000000000000002 1.5000000000000002 47.523437500000007
decision_type=2 2 2 2 2 2 2 2 2 2 2 2 2 2
left_child=2 3 4 -2 -1 -4 -3 -6 -5 -10 -9 -8 13 -7
right_child=1 6 5 8 7 12 11 10 9 -11 -12 -13 -14 -15
leaf_value=-0.056107531770017018 0.056134229614196111 -0.054504500023002091 0.054626297983090211 0.054334455394124348 -0.054387857936320762 0.053268957396397032 -0.053438421016479165 -0.053621460910240795 0.053637623083873424 0.053199580110649285 -0.053207622154368577 -0.053326568005393184 0.053328474855460287 0.053459397994229191
leaf_weight=1.4542847722768808 1.8468402177095438 3.8642321527004233 3.718957968056201 3.0815534293651607 3.038834489881995 2.6494203060865429 16.595890294760466 10.259381644427776 10.362557601183653 13.169571448117495 13.651899751275778 16.890053112059832 16.901756502687931 13.545987069606779
leaf_count=15 19 51 48 42 41 46 276 163 164 233 241 289 289 224
internal_value=-0.000184772 -0.00715113 0.00684462 0.0536724 -0.0536318 0.0535035 -0.0534981 -0.0534982 0.0535015 0.0533925 -0.0533852 -0.053382 0.0533773 0.0534282
internal_weight=131.031 65.8107 65.2205 28.4605 28.4044 36.8161 37.3502 26.9501 26.6137 23.5321 23.9113 33.4859 33.0972 16.1954
internal_count=2141 1074 1067 458 460 607 616 445 439 397 404 565 559 270
is_linear=0
shrinkage=0.05


Tree=50
num_leaves=15
num_cat=0
split_feature=11 5 5 4 4 4 4 4 4 5 4 5 4 2
split_gain=2.43335 69.6162 69.3348 0.00392452 0.00367415 0.000891523 0.000838725 0.000364858 0.000335412 0.000320119 0.00146031 0.000285498 0.00112057 2.61477e-05
threshold=1.0000000180025095e-35 1.0000000180025095e-35 1.0000000180025095e-35 1.5000000000000002 1.5000000000000002 2.5000000000000004 2.5000000000000004 4.5000000000000009 4.5000000000000009 1.5000000000000002 1.5000000000000002 1.5000000000000002 1.5000000000000002 47.523437500000007
decision_type=2 2 2 2 2 2 2 2 2 2 2 2 2 2
left_child=1 3 4 -1 -2 -5 -6 -8 -7 10 -3 12 -4 -14
right_child=2 9 11 5 6 8 7 -9 -10 -11 -12 -13 13 -15
leaf_value=-0.055805752101876188 0.05573612739848828 0.054387161428870116 -0.054247765773977177 -0.054155987083823756 0.054121008956715289 -0.053431688343095168 0.053444455998490528 0.053034371566947937 -0.05304082283924369 0.053158139617514616 0.05325526744515946 -0.053154228744789284 -0.053111518466835844 -0.053291278695889371
leaf_weight=1.6767416000366235 1.6597568765282655 3.4837936088442829 3.534581862390044 2.7614211589098003 2.8122722133994129 9.4302039630711079 9.2802656218409538 13.052903082221746 13.131573989987373 15.971724346280096 15.651749487966297 15.449592780321835 2.3711276948452022 13.776761084794996
leaf_count=18 18 47 49 39 40 157 154 242 243 286 273 277 43 238
internal_value=-9.34237e-05 0.00689998 -0.00710601 -0.0534631 0.0534576 -0.053308 0.0533072 0.0532048 -0.0532042 0.0533234 0.0534613 -0.0533151 -0.0534414 -0.0532649
internal_weight=124.044 62.1072 61.9373 26.9999 26.8052 25.3232 25.1454 22.3332 22.5618 35.1073 19.1355 35.1321 19.6825 16.1479
internal_count=2124 1063 1061 457 454 439 436 396 400 606 320 607 330 281
is_linear=0
shrinkage=0.05


Tree=51
num_leaves=15
num_cat=0
split_feature=11 5 5 3 3 3 3 3 3 3 3 4 4 4
split_gain=2.06153 68.0716 66.814 0.00340907 0.00303995 0.00166765 0.00117448 0.000879895 0.0008057 0.000331391 0.000289488 6.0576e-05 3.17867e-05 1.54213e-05
threshold=1.0000000180025095e-35 1.0000000180025095e-35 1.0000000180025095e-35 1.5000000000000002 1.5000000000000002 2.5000000000000004 2.5000000000000004 2.5000000000000004 2.5000000000000004 4.5000000000000009 4.5000000000000009 3.5000000000000004 1.5000000000000002 3.5000000000000004
decision_type=2 2 2 2 2 2 2 2 2 2 2 2 2 2
left_child=1 4 3 -2 -1 -3 -4 -6 -5 -10 -9 -8 -7 -14
right_child=2 5 6 8 7 12 11 10 9 -11 -12 -13 13 -15
leaf_value=-0.055527943160941444 0.05552687990381338 0.054170707685176428 -0.054030036528385263 0.053892261640871769 -0.053937926185787015 0.052935502163545416 -0.053005928756349435 -0.053253011210735647 0.053274446848745084 0.05287755912417158 -0.05288683832598038 -0.053170416802269152 0.053037090942441301 0.053123985484367198
leaf_weight=1.4334955289959932 1.6115218624472643 3.6225770115852347 3.3802349194884291 3.214468419551852 3.178875811398032 6.1787260845303562 22.502070188522342 9.6298426352441311 9.0513113774359226 12.554824471473694 12.281316593289375 7.4504553936421862 17.643476895987991 7.1853367052972308
leaf_count=16 18 51 49 48 47 118 421 168 157 244 238 133 327 130
internal_value=0.000534686 0.0069887 -0.00606931 0.0532984 -0.0532885 0.0531556 -0.0531465 -0.0531606 0.0531537 0.0530438 -0.0530478 -0.0530468 0.053037 0.0530622
internal_weight=120.919 61.1536 59.7649 26.4321 26.5235 34.6301 33.3328 25.09 24.8206 21.6061 21.9112 29.9525 31.0075 24.8288
internal_count=2165 1095 1070 467 469 626 603 453 449 401 406 554 575 457
is_linear=0
shrinkage=0.05


Tree=52
num_leaves=15
num_cat=0
split_feature=11 5 5 4 4 4 4 4 4 5 4 5 4 4
split_gain=2.69131 62.5442 61.9556 0.00290515 0.00280179 0.000769227 0.000605406 0.000262826 0.000252639 0.00111195 0.000232129 0.000188499 0.00078729 1.73296e-05
threshold=1.0000000180025095e-35 1.0000000180025095e-35 1.0000000180025095e-35 1.5000000000000002 1.5000000000000002 2.5000000000000004 2.5000000000000004 4.5000000000000009 1.5000000000000002 1.5000000000000002 4.5000000000000009 1.5000000000000002 1.5000000000000002 3.5000000000000004
decision_type=2 2 2 2 2 2 2 2 2 2 2 2 2 2
left_child=1 4 3 -2 -1 -6 -5 -8 9 -3 -7 12 -4 -14
right_child=2 8 11 6 5 10 7 -9 -10 -11 -12 -13 13 -15
leaf_value=-0.055204938636074875 0.055180580314228095 0.053931893684358995 -0.053820433360273881 0.053697166125896867 -0.053738395488894808 -0.053085387820949362 0.053096565813749635 0.05272882370856561 0.052903886947519047 0.052782969202419927 -0.052737109361022688 -0.052832540106975849 -0.05287822562383418 -0.052985732944274604
leaf_weight=1.536044262349608 1.6138732805848146 3.3780674785375577 2.9661345034837749 2.626930225640538 3.0403401441872147 8.261839784681797 8.6176952235400677 11.138959776610136 23.5833102427423 5.5920430123806 11.366217888891697 14.246469300240276 7.9198782220482808 7.116860318928957
leaf_count=18 19 50 45 41 47 151 157 227 455 112 231 281 154 134
internal_value=4.99518e-05 0.00773134 -0.00770123 0.0531318 -0.0531384 -0.0529983 0.052984 0.0528892 0.0529898 0.0532156 -0.0528837 -0.0529684 -0.053076 -0.0529291
internal_weight=113.005 56.7579 56.2468 23.9975 24.2044 22.6684 22.3836 19.7567 32.5534 8.97011 19.6281 32.2493 18.0029 15.0367
internal_count=2122 1064 1058 444 447 429 425 384 617 162 382 614 333 288
is_linear=0
shrinkage=0.05


Tree=53
num_leaves=15
num_cat=0
split_feature=11 4 4 3 4 3 4 3 3 4 4 3 3 4
split_gain=1.71359 20.7328 19.6141 7.53877 9.58127 6.84381 9.01336 5.8567 5.75856 5.14005 4.85053 4.59586 4.38735 3.56634
threshold=1.0000000180025095e-35 4.5000000000000009 4.5000000000000009 4.5000000000000009 3.5000000000000004 4.5000000000000009 3.5000000000000004 3.5000000000000004 3.5000000000000004 2.5000000000000004 2.5000000000000004 2.5000000000000004 2.5000000000000004 1.5000000000000002
decision_type=2 2 2 2 2 2 2 2 2 2 2 2 2 2
left_child=1 5 3 4 8 6 7 10 9 11 12 13 -1 -2
right_child=2 -3 -4 -5 -6 -7 -8 -9 -10 -11 -12 -13 -14 -15
leaf_value=-0.0082900417541224691 -0.019223035359132817 -0.052596213192959373 0.052588339151089694 -0.052765030932178339 0.052903228113325484 0.052758312004724278 -0.052893792325234182 0.052717228010728846 -0.052716772763331643 0.052992813780205296 -0.052978377904575984 -0.052701591291338001 0.052704914462127897 0.053507048085949444
leaf_weight=7.1634078137576598 4.342972397804262 11.636551626026629 11.32405051589012 13.236309349536894 5.3915660083293906 13.114000733941792 4.8587583526968947 9.3800834380090237 8.9373085275292397 3.3028468005359182 3.1295885778963575 5.2494586706161499 5.0101782344281673 2.7545846961438656
leaf_count=108 64 248 242 267 104 265 94 192 183 62 59 108 103 45
internal_value=0.00027257 0.00656081 -0.00598725 -0.0213364 -0.00745988 0.0226988 0.00935513 0.0216085 -0.0206965 -0.00241044 0.00254036 -0.0172309 0.0168131 0.00900374
internal_weight=108.832 54.2926 54.5391 43.215 29.9787 42.656 29.542 24.6833 24.5872 15.6499 15.3032 12.347 12.1736 7.09756
internal_count=2144 1069 1075 833 566 821 556 462 462 279 270 217 211 109
is_linear=0
shrinkage=0.05


Tree=54
num_leaves=15
num_cat=0
split_feature=11 5 5 3 3 3 3 3 3 3 3 4 4 4
split_gain=2.12232 59.0231 57.5265 0.0027698 0.00268407 0.0016194 0.000963011 0.000726048 0.000483852 0.000212556 0.000177476 3.27739e-05 1.79713e-05 9.60459e-06
threshold=1.0000000180025095e-35 1.0000000180025095e-35 1.0000000180025095e-35 1.5000000000000002 2.5000000000000004 2.5000000000000004 2.5000000000000004 1.5000000000000002 2.5000000000000004 4.5000000000000009 4.5000000000000009 3.5000000000000004 1.5000000000000002 3.5000000000000004
decision_type=2 2 2 2 2 2 2 2 2 2 2 2 2 2
left_child=2 3 4 -2 7 -4 -3 -1 -5 -10 -6 -8 -7 -14
right_child=1 6 5 8 10 12 11 -9 9 -11 -12 -13 13 -15
leaf_value=-0.054869354999432733 0.055036756857746817 -0.053545743428341688 0.05376588118327516 0.053315976018594238 -0.052773757576647221 0.052509611652249072 -0.052566638668225175 -0.05350697990280906 0.052789183827468812 0.052455626219796381 -0.052461920262663768 -0.05269420613629814 0.052593138244621612 0.052665978276475879
leaf_weight=1.5354503393173242 1.32859303057194 2.9664019197225597 3.3202958479523685 2.6817125305533436 8.4105263538658619 5.0041679367423084 20.834490880370144 2.6933620795607567 8.4029944688081741 11.065468464046717 9.9731598161160946 6.6393369846045962 15.272924154996874 6.4313367046415797
leaf_count=19 16 48 51 46 169 110 449 44 168 248 223 137 326 134
internal_value=0.000225798 -0.0067464 0.00736723 0.0528193 -0.0528659 0.0527245 -0.0526899 -0.0540016 0.0526863 0.0525996 -0.0526046 -0.0525975 0.052595 0.0526147
internal_weight=106.56 53.919 52.6412 23.4788 22.6125 30.0287 30.4402 4.22881 22.1502 19.4685 18.3837 27.4738 26.7084 21.7043
internal_count=2188 1112 1076 478 455 621 634 63 462 416 392 586 570 460
is_linear=0
shrinkage=0.05


Tree=55
num_leaves=15
num_cat=0
split_feature=11 5 5 3 3 3 3 3 3 3 4 7 4 4
split_gain=1.86372 54.9515 54.6854 0.00246812 0.00205457 0.0011715 0.00084913 0.000371743 0.00017134 0.000154565 2.7304e-05 1.80917e-05 1.49058e-05 8.15292e-06
threshold=1.0000000180025095e-35 1.0000000180025095e-35 1.0000000180025095e-35 1.5000000000000002 2.5000000000000004 2.5000000000000004 2.5000000000000004 4.5000000000000009 2.5000000000000004 4.5000000000000009 3.5000000000000004 1.0000000180025095e-35 1.5000000000000002 3.5000000000000004
decision_type=2 2 2 2 2 2 2 2 2 2 2 2 2 2
left_child=2 3 4 -2 11 -4 -3 8 -5 -6 -8 -1 -7 -14
right_child=1 6 5 7 9 12 10 -9 -10 -11 -12 -13 13 -15
leaf_value=-0.053637327523380518 0.054748067474615719 -0.05337280238018445 0.053563022267030184 0.053144098000632981 -0.052630340466050876 0.052382584390395039 -0.052432877485849586 0.052331193425063996 0.052645126535314085 -0.052336653605266306 -0.052551421812786908 -0.053854639421865406 0.052459340281617861 0.052527601603287136
leaf_weight=2.1186084263026741 1.3446955084800745 2.8397308029234436 2.6688400506973293 2.2253387235105038 8.0194172412157059 4.8172185793519047 19.584700558334593 10.597307685762644 7.5833387039601803 10.150769781321287 6.4595122262835494 1.7479360066354277 14.246150936931373 6.3124866262078276
leaf_count=34 17 48 43 40 169 111 443 249 159 238 140 27 319 138
internal_value=-0.000586842 -0.00735118 0.00625222 0.0526732 -0.052689 0.0525666 -0.0525518 0.0525365 0.0527583 -0.0524663 -0.0524623 -0.0537356 0.0524618 0.0524803
internal_weight=100.716 50.6346 50.0814 21.7507 22.0367 28.0447 28.8839 20.406 9.80868 18.1702 26.0442 3.86654 25.3759 20.5586
internal_count=2175 1096 1079 465 468 611 631 448 199 407 583 61 568 457
is_linear=0
shrinkage=0.05


Tree=56
num_leaves=15
num_cat=0
split_feature=11 5 5 3 3 3 3 3 3 3 3 4 2 4
split_gain=1.5382 50.9375 50.6225 0.00220533 0.00182045 0.000987218 0.000707244 0.000507068 0.000317528 0.000143802 0.000134694 2.29035e-05 1.44883e-05 1.43254e-05
threshold=1.0000000180025095e-35 1.0000000180025095e-35 1.0000000180025095e-35 1.5000000000000002 2.5000000000000004 2.5000000000000004 2.5000000000000004 1.5000000000000002 2.5000000000000004 4.5000000000000009 4.5000000000000009 3.5000000000000004 47.523437500000007 1.5000000000000002
decision_type=2 2 2 2 2 2 2 2 2 2 2 2 2 2
left_child=1 4 3 -2 7 -3 -4 -1 -5 -10 -6 -8 -13 -7
right_child=2 5 6 8 10 13 11 -9 9 -11 -12 12 -14 -15
leaf_value=-0.054387922346247598 0.054451528756526313 0.053367906018076144 -0.053193435376994051 0.052979277974353367 -0.052499986167064111 0.052257285115297869 -0.052312758706172337 -0.053143427581613049 0.052510266899820947 0.052212402318581201 -0.052217894184540814 -0.052282794288732073 -0.05247058472686731 0.05235128917906065
leaf_weight=1.2600488513708143 1.4243273213505769 2.5410386584699181 2.7069135829806354 2.1745919249951866 7.5688403919339189 5.2056487575173405 18.027292922139171 2.335774090141058 6.9602577835321435 9.6974780820310116 9.5974078886210918 1.3360639885067929 4.4413729533553123 18.300023831427097
leaf_count=17 19 43 48 41 167 126 427 42 153 239 236 32 99 427
internal_value=-0.000543653 0.00586407 -0.00695692 0.0525545 -0.0525566 0.0524317 -0.0524276 -0.0535795 0.052411 0.0523369 -0.0523423 -0.0523405 -0.0524272 0.0523305
internal_weight=93.5771 46.8088 46.7683 20.2567 20.7621 26.0467 26.5116 3.59582 18.8323 16.6577 17.1662 23.8047 5.77744 23.5057
internal_count=2116 1058 1058 452 462 596 606 59 433 392 403 558 131 553
is_linear=0
shrinkage=0.05


Tree=57
num_leaves=15
num_cat=0
split_feature=11 5 5 4 4 4 4 4 5 4 5 4 4 4
split_gain=1.57067 48.5364 48.3587 0.00166159 0.00157548 0.000422766 0.000318175 0.000174671 0.000750011 0.00012438 0.000122485 0.000502999 0.000108216 7.99759e-06
threshold=1.0000000180025095e-35 1.0000000180025095e-35 1.0000000180025095e-35 1.5000000000000002 2.5000000000000004 1.5000000000000002 2.5000000000000004 1.5000000000000002 1.5000000000000002 4.5000000000000009 1.5000000000000002 1.5000000000000002 4.5000000000000009 3.5000000000000004
decision_type=2 2 2 2 2 2 2 2 2 2 2 2 2 2
left_child=2 3 4 -2 5 -1 -5 8 -4 -8 11 -3 -6 -13
right_child=1 10 7 6 12 -7 9 -9 -10 -11 -12 13 -14 -15
leaf_value=-0.054143156818872842 0.054203249947931409 -0.053029229038743665 0.05321088491325901 0.052827477450828768 -0.052369423636080381 -0.05298909237230847 0.05238087763098586 0.052231717180662843 0.052142166692382697 0.052098482703737237 -0.052177737603409095 -0.05221501324525929 -0.052104249583936418 -0.052299157286122722
leaf_weight=1.2006414234638225 1.214243553578856 2.5836534425616291 2.5502557009458569 2.4303187988698509 6.5619924440979949 2.3405222035944462 6.5909011736512193 18.348387256264687 4.6077635176479816 9.5475975945591927 11.229731928557156 5.804196644574402 9.3003844730556011 5.4996836557984352
leaf_count=17 17 48 45 48 152 44 152 449 117 247 281 143 240 131
internal_value=0.00044841 -0.00616455 0.00705995 0.0524113 -0.0524268 -0.0533804 0.0522941 0.0523134 0.0525229 0.0522138 -0.0523005 -0.0523998 -0.0522139 -0.052256
internal_weight=89.8103 44.9003 44.9099 19.7831 19.4035 3.54116 18.5688 25.5064 7.15802 16.1385 25.1173 13.8875 15.8624 11.3039
internal_count=2131 1067 1064 464 453 61 447 611 162 399 603 322 392 274
is_linear=0
shrinkage=0.05


Tree=58
num_leaves=15
num_cat=0
split_feature=11 5 5 3 3 3 3 3 3 3 3 4 4 4
split_gain=1.67876 46.5286 46.3883 0.00146823 0.00138542 0.000794003 0.000525142 0.0003754 0.000250772 0.000109736 9.32442e-05 1.39654e-05 1.19597e-05 5.94397e-06
threshold=1.0000000180025095e-35 1.0000000180025095e-35 1.0000000180025095e-35 1.5000000000000002 2.5000000000000004 2.5000000000000004 2.5000000000000004 1.5000000000000002 2.5000000000000004 4.5000000000000009 4.5000000000000009 3.5000000000000004 3.5000000000000004 1.5000000000000002
decision_type=2 2 2 2 2 2 2 2 2 2 2 2 2 2
left_child=2 3 4 -2 7 -4 -3 -1 -5 -10 -6 -8 13 -7
right_child=1 6 5 8 10 12 11 -9 9 -11 -12 -13 -14 -15
leaf_value=-0.053920628767982676 0.05401258883958248 -0.052871580047690186 0.053044269551819005 0.052690313294001694 -0.052247607991185885 0.052030340357351879 -0.05208049237931265 -0.052831922081329565 0.052261678051491837 0.051993639395382429 -0.051997857920707893 -0.052175005740501351 0.052167716384777532 0.052098636849094764
leaf_weight=1.2127034589648258 1.1675479039549852 2.4638883955776718 2.4871707744896439 2.130592219531537 6.5833089128136626 4.2733067870140138 17.09041736274958 2.2812774293124676 6.8272373005747786 8.6646794825792313 8.6446874439716339 5.0673637948930255 5.2502861954271784 12.518602702766655
leaf_count=18 17 48 46 44 160 114 446 45 165 235 234 127 132 324
internal_value=-1.28525e-05 -0.00695899 0.00695904 0.0522955 -0.0523119 0.0521974 -0.0521791 -0.0532098 0.0521817 0.0521118 -0.0521058 -0.0521021 0.0521019 0.0520813
internal_weight=86.6631 43.4117 43.2513 18.7901 18.722 24.5294 24.6217 3.49398 17.6225 15.4919 15.228 22.1578 22.0422 16.7919
internal_count=2155 1082 1073 461 457 616 621 63 444 400 394 573 570 438
is_linear=0
shrinkage=0.05


Tree=59
num_leaves=15
num_cat=0
split_feature=11 4 4 4 4 2 2 4 0 0 2 2 4 2
split_gain=1.78365 14.9774 14.4959 1.65868 1.02419 0.627392 0.61748 0.651361 0.57624 0.605921 0.480374 0.414263 0.407629 0.401297
threshold=1.0000000180025095e-35 4.5000000000000009 4.5000000000000009 3.5000000000000004 3.5000000000000004 46.640625000000007 114.91406250000001 1.5000000000000002 42.500000000000007 52.500000000000007 57.546875000000007 141.25781250000003 1.5000000000000002 155.32812500000003
decision_type=2 2 2 2 2 2 2 2 2 2 2 2 2 2
left_child=2 4 3 6 8 -6 -1 11 -2 -10 -11 -8 13 -12
right_child=1 -3 -4 -5 5 -7 7 -9 9 10 12 -13 -14 -15
leaf_value=0.035607783478339324 -0.05203533550493681 0.051892479627207222 -0.051897108101186584 0.0044428456272242864 -0.037535444469865308 -0.0022053404159310492 0.052360234634114391 0.0067305173887888294 0.012619639099240496 -0.048027554237697057 -0.040814277826711098 0.016447044642369422 -0.019031711598380303 -0.0063896976047667156
leaf_weight=15.421911582350733 2.2583600543439415 8.538223918527363 8.1350696682929975 8.937483359128235 1.5112836472690085 7.4558035060763359 1.7426171526312821 4.7635208256542683 0.99519852548837917 2.46482786536217 5.0274362377822426 1.4891968816518781 11.716834943741558 1.0180061943829057
leaf_count=402 61 243 231 233 41 192 42 119 23 69 121 29 302 20
internal_value=0.000323248 -0.00702977 0.00776638 0.0227678 -0.0225344 -0.00815976 0.0297617 0.0184855 -0.028024 -0.0254689 -0.0273429 0.0358117 -0.0244725 -0.0350174
internal_weight=81.4758 40.986 40.4898 32.3547 32.4478 8.96709 23.4172 7.99533 23.4807 21.2223 20.2271 3.23181 17.7623 6.04544
internal_count=2128 1072 1056 825 829 233 592 190 596 535 512 71 443 141
is_linear=0
shrinkage=0.05


Tree=60
num_leaves=15
num_cat=0
split_feature=4 5 4 4 0 0 2 2 2 0 12 2 0 0
split_gain=0.0674782 0.0664055 0.0578145 0.0546253 0.0367703 0.0338208 0.0320284 0.0898608 0.0782812 0.0281012 0.0275852 0.0329933 0.0365232 0.0271118
threshold=2.5000000000000004 1.0000000180025095e-35 3.5000000000000004 1.5000000000000002 84.500000000000014 98.500000000000014 77.242187500000014 79.945312500000014 74.570312500000014 68.500000000000014 1.0000000180025095e-35 107.87500000000001 87.500000000000014 69.500000000000014
decision_type=2 2 2 2 2 2 2 2 2 2 2 2 2 2
left_child=1 3 4 -1 9 -5 8 -8 13 -2 -9 -12 -13 -4
right_child=2 -3 6 5 -6 -7 7 10 -10 -11 11 12 -14 -15
leaf_value=-0.014152498161941925 0.0032678118832776184 -0.001527486618096892 -0.0070563027758533186 -2.8405119766379692e-05 0.001034671855247332 -0.0086310601649561957 0.017128235269616862 -0.0089542582937940356 -0.018285793478974455 0.010835939008317742 0.0026521588776517589 0.0032974799787799328 -0.0051806208071879731 -0.00097671944912217892
leaf_weight=1.9874343276023889 3.219052817672492 22.952987551689148 2.0648786127567353 2.3426672220230103 10.806904047727585 2.2301281318068504 0.79744593054056068 0.83263810724019727 0.73598217219114204 1.9816150739789007 7.3492432422935963 1.8900118917226789 3.8743223398923874 16.386303838342428
leaf_count=30 88 616 55 49 289 46 21 22 21 53 202 51 107 467
internal_value=-0.000900004 -0.00279544 0.000220185 -0.00723177 0.00269707 -0.00422387 -0.000948336 0.000804103 -0.00229493 0.0061515 -0.000129312 0.000431022 -0.00240082 -0.00165709
internal_weight=79.4516 29.5132 49.9384 6.56023 16.0076 4.5728 33.9308 14.7437 19.1872 5.20067 13.9462 13.1136 5.76433 18.4512
internal_count=2117 741 1376 125 430 95 946 403 543 141 382 360 158 522
is_linear=0
shrinkage=0.05


Tree=61
num_leaves=15
num_cat=0
split_feature=11 5 5 3 3 3 3 3 3 3 3 4 4 2
split_gain=1.48942 43.6822 42.8526 0.00141267 0.00119275 0.000595876 0.000356631 0.000347664 0.000333608 0.000186018 0.000122744 2.85677e-05 2.45665e-05 2.01592e-05
threshold=1.0000000180025095e-35 1.0000000180025095e-35 1.0000000180025095e-35 2.5000000000000004 1.5000000000000002 2.5000000000000004 4.5000000000000009 2.5000000000000004 1.5000000000000002 4.5000000000000009 2.5000000000000004 3.5000000000000004 3.5000000000000004 47.523437500000007
decision_type=2 2 2 2 2 2 2 2 2 2 2 2 2 2
left_child=1 3 4 8 -2 -3 10 -4 -1 -5 -6 -9 -7 -13
right_child=2 5 7 9 6 12 -8 11 -10 -11 -12 13 -14 -15
leaf_value=-0.053769118675365248 0.053931497377098681 0.052788159873459722 -0.052619533183826984 -0.052160168654194178 0.052603975123753047 0.051917279437517429 0.051799072540220231 -0.051919677026445177 -0.052729181109844772 -0.051797739619977849 0.052157889557579676 -0.051877931409152561 0.052044732475095459 -0.052106561157582346
leaf_weight=1.1720159761607658 0.87628437578678386 2.3492031134665039 2.173303913325074 6.2651971168816081 2.0219110399484634 15.738269306719305 8.0119161792099476 15.246308889240028 2.2549672536551952 8.1404225751757622 6.4978133291006088 1.2559138312935818 4.9762345999479285 4.1503311805427074
leaf_count=18 13 47 46 158 43 443 239 429 46 243 164 36 132 107
internal_value=-0.000124472 0.00659509 -0.00695469 -0.0521724 0.0521338 0.0520335 0.0520386 -0.052018 -0.0530848 -0.0519554 0.0522638 -0.0519547 0.0519479 -0.0520534
internal_weight=81.1301 40.8963 40.2338 17.8326 17.4079 23.0637 16.5316 22.8259 3.42698 14.4056 8.51972 20.6526 20.7145 5.40625
internal_count=2164 1087 1077 465 459 622 446 618 64 401 207 572 575 143
is_linear=0
shrinkage=0.05


Tree=62
num_leaves=15
num_cat=0
split_feature=11 4 4 3 4 3 4 3 3 4 4 3 3 4
split_gain=1.41592 13.3335 12.6073 5.10935 6.39447 4.76478 6.58166 3.95727 3.34241 3.36924 3.08131 3.0157 2.71293 2.49502
threshold=1.0000000180025095e-35 4.5000000000000009 4.5000000000000009 4.5000000000000009 3.5000000000000004 4.5000000000000009 3.5000000000000004 3.5000000000000004 3.5000000000000004 2.5000000000000004 2.5000000000000004 2.5000000000000004 2.5000000000000004 1.5000000000000002
decision_type=2 2 2 2 2 2 2 2 2 2 2 2 2 2
left_child=1 5 3 4 7 6 8 10 9 12 11 -2 13 -1
right_child=2 -3 -4 -5 -6 -7 -8 -9 -10 -11 -12 -13 -14 -15
leaf_value=0.021414254287226566 0.009250699465776278 -0.051707603668404538 0.051706892974874678 -0.05187918656259223 0.052029758130814834 0.051876482543304681 -0.052010032798174621 -0.051825214501260132 0.051827751230617981 -0.05212428417294869 0.052094540395551198 -0.051819049306302094 0.051821004171587082 -0.052587569330606598
leaf_weight=3.1773547753691727 5.0213045738637501 7.7272954061627379 7.3413929566740981 9.4263801537454146 3.7072514481842509 9.2196105867624301 3.6762585900723925 6.3076948150992385 5.9808251671493045 2.0707801990211001 2.1219658888876429 3.3837654814124107 3.6226461604237556 1.7754925861954687
leaf_count=62 105 242 230 271 99 265 99 186 176 53 55 100 107 38
internal_value=-0.000131949 0.00676383 -0.00701673 -0.0214023 -0.00741702 0.0220681 0.00853226 -0.0205081 0.0219182 0.00511569 -0.00174314 -0.0153351 0.0189378 -0.00511386
internal_weight=74.56 37.2503 37.3098 29.9684 20.542 29.523 20.3034 16.8347 16.6271 10.6463 10.527 8.40507 8.57549 4.95285
internal_count=2088 1042 1046 816 545 800 535 446 436 260 260 205 207 100
is_linear=0
shrinkage=0.05


Tree=63
num_leaves=15
num_cat=0
split_feature=11 5 5 3 3 3 3 3 3 3 3 5 5 2
split_gain=1.2524 39.2534 38.4893 0.00148815 0.00125798 0.000484277 0.00040288 0.000331598 0.000296899 0.000135766 0.000134185 1.23703e-05 1.20846e-05 9.96508e-06
threshold=1.0000000180025095e-35 1.0000000180025095e-35 1.0000000180025095e-35 1.5000000000000002 1.5000000000000002 2.5000000000000004 2.5000000000000004 2.5000000000000004 2.5000000000000004 4.5000000000000009 4.5000000000000009 1.5000000000000002 1.5000000000000002 47.523437500000007
decision_type=2 2 2 2 2 2 2 2 2 2 2 2 2 2
left_child=2 3 4 -2 -1 -4 -3 -6 -5 -10 -9 13 -7 -8
right_child=1 6 5 8 7 12 11 10 9 -11 -12 -13 -14 -15
leaf_value=-0.053630092461744085 0.053673175371047835 -0.052510365068067943 0.052580680349273837 0.052453514496679371 -0.052468530908099477 0.051795451655103401 -0.05168339484682484 -0.05194530741957646 0.051946647785936689 0.051621762206709845 -0.051621644259325632 -0.051715514680232104 0.051714140488866682 -0.051818503933162813
leaf_weight=1.0714173577725876 1.2080751098692442 1.9548220150172735 1.9587675593793417 1.7819779478013504 1.9256358668208111 8.8529339991509932 1.6381600964814449 5.7605370096862298 5.764900613576172 7.2719762064516544 7.2106319796293974 9.3161010667681676 9.4443765729665738 8.1768532209098321
leaf_count=17 19 43 42 40 43 265 52 160 160 239 237 291 295 242
internal_value=-0.000540678 -0.006996 0.00607299 0.0519857 -0.0519753 0.0518335 -0.0518266 -0.0518563 0.0518482 0.0517654 -0.0517654 -0.0517568 0.0517535 -0.051796
internal_weight=73.3372 37.1129 36.2243 16.0269 15.9682 20.2561 21.0859 14.8968 14.8189 13.0369 12.9712 19.1311 18.2973 9.81501
internal_count=2145 1086 1059 458 457 602 628 440 439 399 397 585 560 294
is_linear=0
shrinkage=0.05


Tree=64
num_leaves=15
num_cat=0
split_feature=11 5 5 3 3 3 3 3 3 3 3 4 4 2
split_gain=1.08338 37.208 35.6132 0.0013981 0.00119385 0.000457029 0.000375777 0.000289941 0.000269891 0.000119967 0.000108094 1.70509e-05 1.47354e-05 1.11378e-05
threshold=1.0000000180025095e-35 1.0000000180025095e-35 1.0000000180025095e-35 1.5000000000000002 1.5000000000000002 2.5000000000000004 2.5000000000000004 2.5000000000000004 2.5000000000000004 4.5000000000000009 4.5000000000000009 3.5000000000000004 3.5000000000000004 47.523437500000007
decision_type=2 2 2 2 2 2 2 2 2 2 2 2 2 2
left_child=1 4 3 -2 -1 -3 -4 -6 -5 -9 -10 -8 -7 -13
right_child=2 5 6 8 7 12 11 9 10 -11 -12 13 -14 -15
leaf_value=-0.053445731468294268 0.05349918449981958 0.052462368975354591 -0.052387370271606719 0.052320901578387348 -0.052333416201415399 0.051641790534239146 -0.051640817821228049 -0.051852630524383096 0.051848667246517911 -0.051539641325917963 0.051540429330628801 -0.051605378199189179 0.051750505391251769 -0.051801448760144898
leaf_weight=1.1446315608918656 1.2803278602659691 2.0113334618508842 2.0417165383696583 1.9059898182749737 1.9571226052939881 13.559538733214142 12.80503933876753 5.5054818578064424 5.1522975377738458 6.8968262504786253 6.3492676131427288 0.93432832695543666 4.0472286790609351 3.2219725959002972
leaf_count=19 21 45 47 45 46 441 417 160 150 238 219 31 124 96
internal_value=-0.00014629 0.00599827 -0.00655187 0.0519206 -0.0518917 0.0517483 -0.0517465 -0.0517678 0.0517698 -0.0516786 0.0516785 -0.0516694 0.0516668 -0.0517574
internal_weight=68.8131 35.1222 33.6909 14.6879 15.5041 19.6181 19.0031 14.3594 13.4076 12.4023 11.5016 16.9613 17.6068 4.1563
internal_count=2099 1073 1026 435 463 610 591 444 414 398 369 544 565 127
is_linear=0
shrinkage=0.05


Tree=65
num_leaves=15
num_cat=0
split_feature=11 5 5 4 4 4 4 4 4 4 5 5 4 4
split_gain=1.16587 35.553 33.5433 0.00109842 0.000870905 0.000264145 0.000221471 9.58858e-05 9.44518e-05 7.88882e-05 0.000335997 7.78255e-05 0.000270292 8.29637e-06
threshold=1.0000000180025095e-35 1.0000000180025095e-35 1.0000000180025095e-35 1.5000000000000002 1.5000000000000002 2.5000000000000004 2.5000000000000004 4.5000000000000009 4.5000000000000009 1.5000000000000002 1.5000000000000002 1.5000000000000002 1.5000000000000002 3.5000000000000004
decision_type=2 2 2 2 2 2 2 2 2 2 2 2 2 2
left_child=1 3 4 -1 -2 -5 -6 -8 -7 10 -3 12 -4 -11
right_child=2 9 11 5 6 8 7 -9 -10 13 -12 -13 -14 -15
leaf_value=-0.053285775784521205 0.053267054592494159 0.052337824380993762 -0.052258433675685036 -0.052212378061092135 0.052213175296552727 -0.051752374558272557 0.051754864470048081 0.051462611957594412 -0.051463219905724257 0.051575144176951963 0.051516196948258874 -0.051543005856918289 -0.051623192785648954 0.051659361149021456
leaf_weight=1.1559094786643971 0.91905822977423923 2.0037502571940449 2.1062312163412598 1.9858462698757637 1.6629037708044041 4.9669861588627082 5.1381806880235654 6.1849116832017899 6.5463142935186625 9.6732093002647144 3.2830009926110506 7.6815816666930905 8.1701774317771179 4.1914938855916253
leaf_count=20 16 47 51 49 41 152 157 224 237 327 115 265 269 135
internal_value=0.00034152 0.00680933 -0.00652079 -0.0518065 0.0517796 -0.0516798 0.0516744 0.0515952 -0.051588 0.0516633 0.0518276 -0.0516634 -0.0517534 0.0516006
internal_weight=65.6696 33.8065 31.863 14.6551 13.9051 13.4991 12.986 11.3231 11.5133 19.1515 5.28675 17.958 10.2764 13.8647
internal_count=2105 1082 1023 458 438 438 422 381 389 624 162 585 320 462
is_linear=0
shrinkage=0.05


Tree=66
num_leaves=15
num_cat=0
split_feature=11 4 4 3 4 3 4 3 3 4 3 4 3 4
split_gain=0.968461 10.227 10.0957 4.36065 5.10972 4.28692 5.25537 3.6816 3.09949 2.82796 2.75443 2.58858 2.81387 1.87317
threshold=1.0000000180025095e-35 4.5000000000000009 4.5000000000000009 4.5000000000000009 3.5000000000000004 4.5000000000000009 3.5000000000000004 3.5000000000000004 3.5000000000000004 2.5000000000000004 2.5000000000000004 2.5000000000000004 2.5000000000000004 1.5000000000000002
decision_type=2 2 2 2 2 2 2 2 2 2 2 2 2 2
left_child=2 3 5 4 7 6 8 11 9 10 13 12 -2 -1
right_child=1 -3 -4 -5 -6 -7 -8 -9 -10 -11 -12 -13 -14 -15
leaf_value=0.015798487138676969 0.011263593305936632 0.051389671095624104 -0.051390465774057106 -0.051529046049948082 0.051640727678148035 0.051522835632051817 -0.051633196777177731 -0.051489766358362277 0.051488730296775136 -0.051724842680802997 0.051476844543216299 0.051700943542648287 -0.051474976971886702 -0.052095144217703705
leaf_weight=2.7267901450395673 4.6087337285280316 6.2877027913928023 6.0543000623583785 7.6027566809207192 3.1350178178399792 7.7278643622994414 3.1531985551118842 5.4124219696968785 4.9921025168150654 1.9006273206323383 3.227920476347208 1.9404333774000404 2.9192560445517302 1.6191761195659635
leaf_count=61 110 239 230 265 102 270 103 193 178 59 116 61 105 42
internal_value=0.000384971 -0.00575012 0.00661859 -0.0197742 -0.00637356 0.0204741 0.00685641 -0.0185957 0.019605 0.00280557 0.0164897 0.000207479 -0.0130656 -0.00949663
internal_weight=63.3083 31.9063 31.402 25.6186 18.0159 25.3477 17.6198 14.8808 14.4666 9.47451 7.57389 9.46842 7.52799 4.34597
internal_count=2134 1075 1059 836 571 829 559 469 456 278 219 276 215 103
is_linear=0
shrinkage=0.05


Tree=67
num_leaves=15
num_cat=0
split_feature=11 5 5 3 3 3 3 3 3 3 3 4 4 0
split_gain=0.841405 31.9884 31.3327 0.00100071 0.000979974 0.000378192 0.00037389 0.000216263 0.000187299 7.54083e-05 7.1863e-05 1.06474e-05 9.0099e-06 3.71739e-06
threshold=1.0000000180025095e-35 1.0000000180025095e-35 1.0000000180025095e-35 1.5000000000000002 1.5000000000000002 2.5000000000000004 2.5000000000000004 2.5000000000000004 2.5000000000000004 4.5000000000000009 4.5000000000000009 3.5000000000000004 3.5000000000000004 43.500000000000007
decision_type=2 2 2 2 2 2 2 2 2 2 2 2 2 2
left_child=1 4 3 -2 -1 -4 -3 -5 -6 -10 -9 13 -8 -7
right_child=2 6 5 7 8 11 12 10 9 -11 -12 -13 -14 -15
leaf_value=-0.053172817981013212 0.053097944216382358 0.052183629637164476 -0.052177976742530323 0.052067818703864781 -0.051998738605690722 -0.051327013638091501 0.051406697570250195 0.051585039781268244 -0.051584230214466224 -0.051319712120315344 0.051320241721462545 -0.051506197165174475 0.051497181148956898 -0.051418160776404265
leaf_weight=0.95277328789234417 1.0959861315786863 1.8425798155367399 1.9167960695922399 1.5625477842986573 1.6979709975421418 1.2588865961879481 11.299018578603862 4.5808829087764007 4.7574442420154792 6.2129242736846209 5.8143384903669357 3.6534776240587226 3.6366817299276581 10.041571097448466
leaf_count=17 20 46 48 41 46 50 425 154 160 248 232 129 129 375
internal_value=-0.000560407 0.0052984 -0.00651219 0.0516519 -0.0516264 -0.0515168 0.0515116 0.0515194 -0.0515101 -0.0514344 0.0514369 -0.051432 0.0514287 -0.051408
internal_weight=60.3239 30.3994 29.9245 13.0538 13.6211 16.8707 16.7783 11.9578 12.6683 10.9704 10.3952 14.9539 14.9357 11.3005
internal_count=2120 1071 1049 447 471 602 600 427 454 408 386 554 554 425
is_linear=0
shrinkage=0.05


Tree=68
num_leaves=15
num_cat=0
split_feature=2 2 2 2 0 0 0 4 4 2 2 2 2 4
split_gain=0.0519476 0.0400751 0.0541464 0.0348999 0.0328217 0.0253457 0.031297 0.023624 0.0232217 0.0432029 0.0221743 0.0217317 0.0172049 0.0348963
threshold=203.85156250000003 39.929687500000007 31.179687500000004 152.67187500000003 43.500000000000007 78.500000000000014 77.500000000000014 1.5000000000000002 2.5000000000000004 130.98437500000003 159.18750000000003 106.96875000000001 277.37500000000006 2.5000000000000004
decision_type=2 2 2 2 2 2 2 2 2 2 2 2 2 2
left_child=1 2 -1 4 7 6 8 11 9 -6 -5 -3 -2 -14
right_child=12 3 -4 10 5 -7 -8 -9 -10 -11 -12 -13 13 -15
leaf_value=-0.0084468348654723104 -0.015112852203846325 0.016430553671170692 0.0074277206141631011 0.013947575370023477 -0.0023481286571805614 0.00017096194035256057 -0.013794538699256106 0.0015831720948758156 0.00034222318247872739 -0.015074432587496165 0.0031284667938427657 0.0031544831224598648 -0.011881281003904932 0.0036010354311707365
leaf_weight=0.6268569678068151 0.55311706662177984 0.6425285600125783 3.7541665900498629 0.65071279183030073 3.9823438413441146 34.675040431320667 0.59189447574317533 2.4545827340334654 5.225341334939003 0.80101980455219735 1.7399349790066478 0.59247563593089581 0.79161572642624356 0.67369238846004009
leaf_count=26 20 24 153 19 139 1295 22 98 196 24 52 21 23 26
internal_value=0.000280634 0.000565993 0.00515632 0.000174405 -0.0001136 -0.000483142 -0.00262274 0.00442111 -0.00196207 -0.00447927 0.00607333 0.0100615 -0.00759929 -0.00476311
internal_weight=57.7553 55.7369 4.38102 51.3559 48.9652 45.2756 10.6006 3.68959 10.0087 4.78336 2.39065 1.235 2.01843 1.46531
internal_count=2138 2069 179 1890 1819 1676 381 143 359 163 71 45 69 49
is_linear=0
shrinkage=0.05


Tree=69
num_leaves=15
num_cat=0
split_feature=11 5 5 3 3 3 3 3 3 3 3 4 4 2
split_gain=0.699869 29.6516 29.4353 0.000768024 0.000764367 0.000334883 0.000277894 0.000212899 0.000159411 6.14709e-05 6.09745e-05 9.4371e-06 7.21955e-06 6.32403e-06
threshold=1.0000000180025095e-35 1.0000000180025095e-35 1.0000000180025095e-35 1.5000000000000002 1.5000000000000002 2.5000000000000004 2.5000000000000004 2.5000000000000004 2.5000000000000004 4.5000000000000009 4.5000000000000009 3.5000000000000004 3.5000000000000004 47.523437500000007
decision_type=2 2 2 2 2 2 2 2 2 2 2 2 2 2
left_child=1 3 4 -1 -2 -3 -4 -6 -5 -9 -10 -8 -7 -13
right_child=2 5 6 8 7 12 11 9 10 -11 -12 13 -14 -15
leaf_value=-0.052992240789937722 0.052932128280747393 0.052064190151127787 -0.052063573081683058 -0.051897008379823584 0.051970946235308825 0.051336405821380063 -0.051335115788236053 0.051502329360658919 -0.051504403381435929 0.051252364494728489 -0.05125541463503587 -0.0513125733325029 0.051420145125876997 -0.051467520642169244
leaf_weight=0.85113593190908687 0.93954584375024097 1.9016348682343949 1.5581179372966278 1.6178200542926777 1.6770358271896828 10.535048382356761 10.316458903253077 4.3848086241632682 4.3048104569315893 5.601553438231349 5.7339758593589067 0.87233740091323797 3.40605629608035 2.6865717638283968
leaf_count=16 18 50 41 46 46 416 408 155 152 235 240 35 127 97
internal_value=0.000467485 0.00600698 -0.00513406 -0.0515423 0.0515602 0.0514418 -0.0514304 0.0514497 -0.0514364 0.0513621 -0.0513622 -0.0513593 0.0513569 -0.0514295
internal_weight=56.3869 28.3505 28.0364 12.5077 12.6029 15.8427 15.4335 11.6634 11.6566 9.98636 10.0388 13.8754 13.9411 3.55891
internal_count=2082 1047 1035 454 454 593 581 436 438 390 392 540 543 132
is_linear=0
shrinkage=0.05


Tree=70
num_leaves=15
num_cat=0
split_feature=11 5 5 3 3 3 3 3 3 3 3 4 4 2
split_gain=0.837241 28.7468 27.875 0.000678019 0.000572077 0.000273009 0.000244556 0.00016956 0.00013443 5.43695e-05 5.10253e-05 7.88329e-06 6.50461e-06 5.27845e-06
threshold=1.0000000180025095e-35 1.0000000180025095e-35 1.0000000180025095e-35 1.5000000000000002 1.5000000000000002 2.5000000000000004 2.5000000000000004 2.5000000000000004 2.5000000000000004 4.5000000000000009 4.5000000000000009 3.5000000000000004 3.5000000000000004 47.523437500000007
decision_type=2 2 2 2 2 2 2 2 2 2 2 2 2 2
left_child=1 3 4 -1 -2 -3 -4 -6 -5 -10 -9 -8 -7 -13
right_child=2 5 6 8 7 12 11 10 9 -11 -12 13 -14 -15
leaf_value=-0.052830142143389339 0.05279990777856626 0.05195940224918133 -0.051947660528990226 -0.051797534289686045 0.051863642836885007 0.051269349111791221 -0.051268699130818732 0.051423480417282591 -0.051430616398546895 -0.05119237778233543 0.051190565626503738 -0.051247492509040128 0.051349837883948916 -0.051392534600257514
leaf_weight=0.86071049794554966 0.75126731768250721 1.7037272602319706 1.5860617198050011 1.6057635229080904 1.5232698917388905 10.514221675693987 9.9970741253346187 4.2759828809648734 4.4831918086856586 5.1410014014691114 5.2243931591510773 0.83119400218129103 3.2972684185951939 2.5568409636616707
leaf_count=17 15 47 44 48 44 436 415 159 166 226 230 35 129 97
internal_value=0.000212745 0.006321 -0.00609187 -0.0514777 0.0514649 0.0513622 -0.0513606 0.0513739 -0.051374 -0.0513034 0.0512954 -0.051291 0.0512886 -0.051357
internal_weight=54.352 27.6059 26.7461 12.0907 11.7749 15.5152 14.9712 11.0236 11.23 9.62419 9.50038 13.3851 13.8115 3.38803
internal_count=2108 1069 1039 457 448 612 591 433 440 392 389 547 565 132
is_linear=0
shrinkage=0.05


Tree=71
num_leaves=15
num_cat=0
split_feature=11 5 5 3 3 3 3 3 3 3 3 4 4 2
split_gain=0.82624 27.5063 27.0632 0.000638815 0.000585664 0.000263909 0.000234359 0.000151478 0.000106482 4.67023e-05 4.50824e-05 6.73597e-06 5.38911e-06 4.87184e-06
threshold=1.0000000180025095e-35 1.0000000180025095e-35 1.0000000180025095e-35 1.5000000000000002 1.5000000000000002 2.5000000000000004 2.5000000000000004 2.5000000000000004 2.5000000000000004 4.5000000000000009 4.5000000000000009 3.5000000000000004 3.5000000000000004 47.523437500000007
decision_type=2 2 2 2 2 2 2 2 2 2 2 2 2 2
left_child=2 3 4 -2 -1 -4 -3 -5 -6 -9 -10 -8 -7 -13
right_child=1 6 5 7 8 12 11 9 10 -11 -12 13 -14 -15
leaf_value=-0.052677869854525786 0.052655682636668734 -0.0518523888127203 0.051860681649318431 0.051779733492887614 -0.051701690172341025 0.051206055049878463 -0.051204928412151379 0.051356614809873392 -0.051357311272445763 0.051130765529301639 -0.051133127253199309 -0.051184542144492674 0.051281396258707701 -0.051322669719549345
leaf_weight=0.8191805817186858 0.95514952391386287 1.685753110796212 1.8658818118274201 1.4592130407690991 1.3666982948780049 9.7389981895685178 9.7246632725000364 4.1364357974380237 3.9062074590474349 5.1249851007014513 5.2652880437672138 0.85901461727917139 3.1383777800947419 2.4853013604879379
leaf_count=17 20 49 54 44 43 424 424 161 152 237 243 38 129 99
internal_value=0.000308267 -0.00592316 0.00661845 0.0514166 -0.0513901 0.0513049 -0.0512975 0.0513062 -0.05129 0.0512316 -0.0512286 -0.051226 0.0512244 -0.0512872
internal_weight=52.5311 26.4305 26.1006 11.6758 11.3574 14.7433 14.7547 10.7206 10.5382 9.26142 9.1715 13.069 12.8774 3.34432
internal_count=2134 1072 1062 462 455 607 610 442 438 398 395 561 553 137
is_linear=0
shrinkage=0.05


Tree=72
num_leaves=15
num_cat=0
split_feature=11 5 5 4 4 4 4 4 5 4 5 4 4 4
split_gain=0.809954 26.0309 25.7176 0.000533204 0.00042253 0.000118123 9.11807e-05 4.46816e-05 0.000163151 4.14753e-05 0.000157545 3.96593e-05 3.85296e-05 4.50558e-06
threshold=1.0000000180025095e-35 1.0000000180025095e-35 1.0000000180025095e-35 1.5000000000000002 2.5000000000000004 1.5000000000000002 2.5000000000000004 1.5000000000000002 1.5000000000000002 1.5000000000000002 1.5000000000000002 4.5000000000000009 4.5000000000000009 3.5000000000000004
decision_type=2 2 2 2 2 2 2 2 2 2 2 2 2 2
left_child=1 3 4 -1 5 -2 -5 8 -3 10 -4 -8 -6 -11
right_child=2 7 9 6 12 -7 11 -9 -10 13 -12 -13 -14 -15
leaf_value=-0.052545319952245595 0.05247853080410534 0.051763663646844815 -0.05176161065193411 -0.051616512702565169 0.051285105878947079 0.051681863881847936 -0.051289751580636068 0.051177782357743146 0.051112220087958973 -0.05115333615883038 -0.051114436748209327 -0.051075858797999724 0.051074397399210596 -0.051226266831296809
leaf_weight=0.82843203097582119 0.71823493391275683 1.6110941600054496 1.5428286567330354 1.3025141265243281 3.7833979260176402 1.3211562614887953 3.8190749101340753 10.213057288900016 2.3823208138346672 6.9066335018724185 2.408249644562602 5.0103339813649654 5.0861724112182856 3.0542192403227091
leaf_count=18 16 49 47 43 155 42 156 455 112 314 113 243 247 131
internal_value=0.000247324 0.00656799 -0.00616144 -0.0513257 0.0513135 0.0519624 -0.051226 0.0512332 0.051375 -0.0512301 -0.0513671 -0.0511684 0.0511643 -0.0511757
internal_weight=49.9877 25.1668 24.8209 10.9604 10.909 2.03939 10.1319 14.2065 3.99341 13.9119 3.95108 8.82941 8.86957 9.96085
internal_count=2141 1076 1065 460 460 58 442 616 161 605 160 399 402 445
is_linear=0
shrinkage=0.05


Tree=73
num_leaves=15
num_cat=0
split_feature=11 5 5 4 4 4 4 4 5 4 5 4 4 4
split_gain=0.706649 24.7943 24.34 0.000453525 0.000433323 0.000106534 8.39139e-05 3.51557e-05 0.000134116 3.44421e-05 3.33516e-05 0.000130804 3.30398e-05 2.64309e-06
threshold=1.0000000180025095e-35 1.0000000180025095e-35 1.0000000180025095e-35 1.5000000000000002 1.5000000000000002 2.5000000000000004 2.5000000000000004 1.5000000000000002 1.5000000000000002 4.5000000000000009 1.5000000000000002 1.5000000000000002 4.5000000000000009 3.5000000000000004
decision_type=2 2 2 2 2 2 2 2 2 2 2 2 2 2
left_child=2 4 3 -1 -2 -6 -5 8 -4 -7 11 -3 -8 -9
right_child=1 10 7 6 5 9 12 13 -10 -11 -12 -13 -14 -15
leaf_value=-0.052442178411441602 0.052394767306109515 -0.051671484334484791 0.051684876628679578 -0.051541328607052572 0.05160094653770874 0.051223963452641734 -0.051224597083692328 0.051099504616298967 0.051056163551987478 0.051021070023666029 -0.05107819663976574 -0.051136369073878307 -0.051022895923207683 0.051156893873860611
leaf_weight=0.75383514165878551 0.78267538547516124 1.406694334000347 1.3859232272952788 1.3036574944853772 1.2617695126682509 3.6813739240169507 3.5659279450774175 6.7935452908277494 2.1863751206547022 4.8438327964395285 5.919927379116416 6.0690537337213755 4.7146329656243324 2.8470718897879124
leaf_count=17 18 45 44 45 42 158 153 323 108 247 287 280 240 129
internal_value=5.31402e-05 -0.0059914 0.00620403 -0.0512613 0.0512627 0.0511721 -0.0511685 0.0511661 0.0513001 0.0511087 -0.0511669 -0.0512371 -0.0511098 0.0511165
internal_weight=47.5163 23.9653 23.551 10.3381 10.5697 9.78698 9.58422 13.2129 3.5723 8.52521 13.3957 7.47575 8.28056 9.64062
internal_count=2136 1077 1059 455 465 447 438 604 152 405 612 325 393 452
is_linear=0
shrinkage=0.05


Tree=74
num_leaves=15
num_cat=0
split_feature=11 5 5 12 12 5 5 2 2 2 2 7 7 2
split_gain=0.743683 23.7261 23.3291 0.000107719 0.000102156 3.15802e-05 3.08695e-05 2.967e-05 2.79889e-05 2.29507e-05 1.80043e-05 1.75189e-05 1.68934e-05 7.49323e-06
threshold=1.0000000180025095e-35 1.0000000180025095e-35 1.0000000180025095e-35 1.0000000180025095e-35 1.0000000180025095e-35 1.5000000000000002 1.5000000000000002 120.57031250000001 120.57031250000001 104.64843750000001 105.58593750000001 1.0000000180025095e-35 1.0000000180025095e-35 47.523437500000007
decision_type=2 2 2 2 2 2 2 2 2 2 2 2 2 2
left_child=1 4 3 -2 -1 8 7 -4 -3 -6 13 -9 -10 -5
right_child=2 5 6 10 9 -7 -8 11 12 -11 -12 -13 -14 -15
leaf_value=-0.051558620832879133 0.051584656929948285 0.051125775649752452 -0.051120934754155349 0.050993353388456092 -0.051076261153131554 0.051025399907601771 -0.051022637948795226 -0.051215212883829311 0.051235308497648957 -0.05125840418301713 0.051246645707832411 -0.051532556551361242 0.051554911976876165 0.051117368194438406
leaf_weight=1.6540722139179695 1.5279358327388752 5.3806976303458196 5.3730056528002006 1.6906083002686516 5.992220167070629 5.8023803047835827 5.6276200171560049 0.96952050924301125 1.1011061202734707 2.4311253521591425 2.3159536272287369 0.78867380134761333 0.66206294856965531 4.3575393185019493
leaf_count=61 55 254 254 89 296 295 287 43 48 108 103 28 23 209
internal_value=2.29223e-06 0.00633052 -0.00643009 0.0511986 -0.0511994 0.051112 -0.0511102 -0.0511793 0.0511824 -0.0511288 0.0511281 -0.0513576 0.0513553 0.0510827
internal_weight=45.6745 23.0237 22.6509 9.89204 10.0774 12.9462 12.7588 7.1312 7.14387 8.42335 8.3641 1.75819 1.76317 6.04815
internal_count=2153 1085 1068 456 465 620 612 325 325 404 401 71 71 298
is_linear=0
shrinkage=0.05


Tree=75
num_leaves=15
num_cat=0
split_feature=11 4 4 0 4 4 2 2 2 4 2 2 4 0
split_gain=0.463138 6.60187 6.51895 0.59217 0.587097 0.50441 0.389773 0.387981 0.325505 0.273356 0.289365 0.265798 0.219847 0.19483
threshold=1.0000000180025095e-35 4.5000000000000009 4.5000000000000009 40.500000000000007 3.5000000000000004 3.5000000000000004 129.60937500000003 46.640625000000007 55.320312500000007 1.5000000000000002 123.92968750000001 46.640625000000007 1.5000000000000002 43.500000000000007
decision_type=2 2 2 2 2 2 2 2 2 2 2 2 2 2
left_child=2 4 3 -1 6 8 13 -7 -5 -10 -11 -6 -8 -2
right_child=1 -3 -4 5 11 7 12 -9 9 10 -12 -13 -14 -15
leaf_value=0.0510435312128679 -0.050975141157172957 0.050921679032930781 -0.050923285983975546 0.04481372363985775 -0.030580931028605721 0.037000553720291297 -0.024600783399796509 -0.0046401571812337422 0.030052624870345285 0.018317838560725514 -0.0060387604539370223 0.00090343238525496987 0.0044622385230469073 -0.027803519461781598
leaf_weight=1.2899261843413157 1.0169726926833451 4.1229230239987364 4.2187677901238194 1.3118045777082432 0.81283156760036845 0.65645323321223337 1.1775434557348483 3.7832033485174179 3.331993153318761 5.1477134935557842 1.5979481153190134 3.8242033943533897 1.4543569479137657 8.4010682664811593
leaf_count=66 55 232 237 70 42 34 43 184 138 252 73 185 66 411
internal_value=-0.000428108 -0.00573547 0.00474794 0.0184674 -0.019734 0.0158127 -0.0255519 0.00151689 0.0213853 0.0183357 0.0125481 -0.0046155 -0.0085409 -0.0303056
internal_weight=42.1477 20.8099 21.3378 17.119 16.687 15.8291 12.0499 4.43966 11.3895 10.0777 6.74566 4.63703 2.6319 9.41804
internal_count=2088 1034 1054 817 802 751 575 218 533 463 325 227 109 466
is_linear=0
shrinkage=0.05


Tree=76
num_leaves=15
num_cat=0
split_feature=11 5 5 3 3 3 3 3 3 3 3 4 4 2
split_gain=0.64672 21.0801 20.9612 0.000351139 0.000328426 0.000107815 9.2125e-05 9.00158e-05 7.81827e-05 4.00567e-05 2.85153e-05 6.62645e-06 4.51709e-06 3.66774e-06
threshold=1.0000000180025095e-35 1.0000000180025095e-35 1.0000000180025095e-35 1.5000000000000002 1.5000000000000002 2.5000000000000004 4.5000000000000009 2.5000000000000004 4.5000000000000009 2.5000000000000004 2.5000000000000004 3.5000000000000004 3.5000000000000004 47.523437500000007
decision_type=2 2 2 2 2 2 2 2 2 2 2 2 2 2
left_child=2 4 3 -1 -2 -4 9 -3 10 -6 -5 -9 -7 -13
right_child=1 7 5 8 6 12 -8 11 -10 -11 -12 13 -14 -15
leaf_value=-0.052244428715553737 0.052215654580336113 -0.051451848422571549 0.051461210028865258 -0.051402475480866877 0.051463190743980106 0.05095852741288466 0.050875691227553727 -0.050956806797984436 -0.050878024273267833 0.051117307272600103 -0.051111673149799558 -0.050936843945177182 0.051036452130646032 -0.051079190940914287
leaf_weight=0.65676787868142383 0.64820951223373668 1.1231244783848513 1.2948838043957938 1.1384734660387019 1.1309290491044501 7.8252643179148418 4.0426990911364555 7.6457669362425786 3.8325670026242733 3.2213097885251045 3.2479526195675135 0.57769203744828734 2.4394819010049105 2.0885631181299686
leaf_count=16 16 41 47 43 41 425 239 416 226 151 153 32 123 101
internal_value=0.000365581 -0.00591411 0.00665846 -0.0511319 0.0511313 0.0510313 0.0510475 -0.0510268 -0.051043 0.0512072 -0.0511871 -0.0509805 0.050977 -0.0510483
internal_weight=40.9137 20.4783 20.4354 8.87576 9.04315 11.5596 8.39494 11.4351 8.21899 4.35224 4.38643 10.312 10.2647 2.66626
internal_count=2070 1037 1033 438 447 595 431 590 422 192 196 549 548 133
is_linear=0
shrinkage=0.05


Tree=77
num_leaves=15
num_cat=0
split_feature=11 5 5 3 3 3 3 3 3 3 5 5 3 2
split_gain=0.588532 20.4237 20.2041 0.000314465 0.000227576 0.000103129 9.24791e-05 7.00268e-05 3.67345e-05 2.64768e-05 3.39512e-06 3.12105e-06 2.48516e-06 3.02687e-06
threshold=1.0000000180025095e-35 1.0000000180025095e-35 1.0000000180025095e-35 1.5000000000000002 2.5000000000000004 2.5000000000000004 2.5000000000000004 4.5000000000000009 4.5000000000000009 2.5000000000000004 1.5000000000000002 1.5000000000000002 4.5000000000000009 47.523437500000007
decision_type=2 2 2 2 2 2 2 2 2 2 2 2 2 2
left_child=2 4 3 -1 -2 -3 -4 9 -6 -5 12 -8 -7 -14
right_child=1 5 6 7 8 10 11 -9 -10 -11 -12 -13 13 -15
leaf_value=-0.052127968204420352 0.051592181984590493 -0.051399908958120404 0.051386221894930542 -0.05133290145505677 0.051061303967114037 -0.050924467882259086 0.05095824247445585 -0.050834564297271567 0.050832830028494237 -0.051056222264954078 -0.050900211259951526 0.050901511807769695 -0.050889837026905971 -0.051024801129949005
leaf_weight=0.66473292931914585 1.64928635582328 1.3222502525895823 1.2583446633070696 1.1856432631611804 3.3105390872806311 2.5605493783950788 4.9827697295695526 3.6491538323462009 3.7545866351574659 3.1940663885325193 4.9057478569447994 4.7218472249805927 0.53253724798560176 1.8891159649938343
leaf_count=17 57 50 48 47 163 144 271 226 233 158 283 272 31 96
internal_value=-0.000296533 -0.00635231 0.00584182 -0.0510829 0.0510633 -0.0509852 0.0509829 -0.0509963 0.0509399 -0.0511311 -0.0509297 0.0509306 -0.0509588 -0.0509951
internal_weight=39.5812 19.9246 19.6566 8.6936 8.71441 11.2102 10.963 8.02886 7.06513 4.37971 9.88795 9.70462 4.9822 2.42165
internal_count=2096 1057 1039 448 453 604 591 431 396 205 554 543 271 127
is_linear=0
shrinkage=0.05


Tree=78
num_leaves=15
num_cat=0
split_feature=2 2 2 0 5 2 5 2 2 2 4 0 2 2
split_gain=0.0167771 0.014175 0.0479911 0.0232486 0.0281091 0.0154607 0.016955 0.0144606 0.0161529 0.0122302 0.0187609 0.0143784 0.0112286 0.0129771
threshold=262.03125000000006 152.67187500000003 142.38281250000003 87.500000000000014 1.0000000180025095e-35 116.89843750000001 2.5000000000000004 120.57031250000001 137.87500000000003 114.30468750000001 2.5000000000000004 36.000000000000007 128.89843750000003 130.98437500000003
decision_type=2 2 2 2 2 2 2 2 2 2 2 2 2 2
left_child=1 2 5 -3 -5 9 7 -7 12 11 -11 -1 -9 -14
right_child=-2 3 -4 4 -6 6 -8 8 -10 10 -12 -13 13 -15
leaf_value=-0.005623563756119089 0.0054105031015548736 0.00031016161044944608 0.0091076378245890186 -0.019634498914735718 -0.0019389136017267596 -0.0077099989358810524 -0.013302669535849944 -0.0020801873051642179 -0.0089696813249156224 0.01326982479261043 -0.0012759409736519071 -0.00022745502413712922 0.011400785184536842 0.00049718655359498891
leaf_weight=1.2945187669247449 1.1973357936367381 1.0447719432413567 1.2859077565371979 0.44254383351653803 0.45530787110328674 1.0164634697139252 0.39251326583325852 1.7207900434732444 0.52919726353138674 0.4135026466101398 0.47784824576228857 26.623889080248773 0.41286442428827264 0.80485811084508896
leaf_count=79 60 47 65 18 23 54 24 95 26 21 27 1526 20 38
internal_value=-0.000414402 -0.000603332 -0.000372412 -0.00476051 -0.0106609 -0.000734293 -0.00333783 -0.00246558 -0.000928323 -0.000293586 0.00547192 -0.000477661 0.000519847 0.00419401
internal_weight=38.1123 36.915 34.9724 1.94262 0.897852 33.6864 4.87669 4.48417 3.46771 28.8098 0.891351 27.9184 2.93851 1.21772
internal_count=2123 2063 1975 88 41 1910 257 233 179 1653 48 1605 153 58
is_linear=0
shrinkage=0.05


Tree=79
num_leaves=15
num_cat=0
split_feature=11 5 5 3 3 3 3 3 3 3 3 4 4 2
split_gain=0.620831 19.6571 19.5263 0.000320842 0.000235975 8.78621e-05 8.20558e-05 6.84782e-05 6.23511e-05 3.05891e-05 2.24089e-05 4.63516e-06 3.69125e-06 2.81786e-06
threshold=1.0000000180025095e-35 1.0000000180025095e-35 1.0000000180025095e-35 1.5000000000000002 2.5000000000000004 2.5000000000000004 2.5000000000000004 1.5000000000000002 4.5000000000000009 4.5000000000000009 2.5000000000000004 3.5000000000000004 3.5000000000000004 47.523437500000007
decision_type=2 2 2 2 2 2 2 2 2 2 2 2 2 2
left_child=2 4 3 -1 7 -3 -4 -2 10 -6 -5 -7 -8 -13
right_child=1 5 6 8 9 11 12 -9 -10 -11 -12 13 -14 -15
leaf_value=-0.052024058948007795 0.052007641484705096 -0.051324699655252853 0.051322259025597984 -0.051268575971603017 0.05100639460075556 -0.050863700981906929 0.050865977162980448 0.051324366756574959 -0.050792618740288134 0.050791546610354968 -0.051002711441322172 -0.050845034835115543 0.050938332011933797 -0.050973399600641262
leaf_weight=0.74674959480762648 0.55541769042611266 1.2801689114421595 1.2034603748470534 1.1073246058076622 2.9722780846059322 7.2087589753791672 7.1128183053806406 1.0791725795716047 3.7479190323501825 3.7429706882685423 2.7883573528379202 0.55565164424479041 2.3434557877480984 1.8541662245988844
leaf_count=20 15 51 48 46 154 433 426 43 244 244 145 34 130 99
internal_value=-0.000376182 -0.00670924 0.00602287 -0.0510349 0.0510178 -0.0509356 0.0509334 0.0515565 -0.0509382 0.0508866 -0.0510783 -0.0508838 0.0508839 -0.0509438
internal_weight=38.2987 19.2486 19.0501 8.39035 8.34984 10.8987 10.6597 1.63459 7.6436 6.71525 3.89568 9.61858 9.45627 2.40982
internal_count=2132 1073 1059 455 456 617 604 58 435 398 191 566 556 133
is_linear=0
shrinkage=0.05


end of trees

feature_importances:
alive_friendly=324
alive_enemy=247
alive_difference=166
time_seconds=164
action_type_index=70
health=66
bomb_planted=51
none=13
bomb_time_remaining=8

parameters:
[boosting: gbdt]
[objective: binary]
[metric: binary_logloss]
[tree_learner: serial]
[device_type: cpu]
[data_sample_strategy: bagging]
[data: ]
[valid: ]
[num_iterations: 80]
[learning_rate: 0.05]
[num_leaves: 15]
[num_threads: 0]
[seed: 7]
[deterministic: 0]
[force_col_wise: 0]
[force_row_wise: 0]
[histogram_pool_size: -1]
[max_depth: -1]
[min_data_in_leaf: 20]
[min_sum_hessian_in_leaf: 0.001]
[bagging_fraction: 0.8]
[pos_bagging_fraction: 1]
[neg_bagging_fraction: 1]
[bagging_freq: 1]
[bagging_seed: 17422]
[bagging_by_query: 0]
[feature_fraction: 0.8]
[feature_fraction_bynode: 1]
[feature_fraction_seed: 7040]
[extra_trees: 0]
[extra_seed: 6516]
[early_stopping_round: 0]
[early_stopping_min_delta: 0]
[first_metric_only: 0]
[max_delta_step: 0]
[lambda_l1: 0]
[lambda_l2: 0]
[linear_lambda: 0]
[min_gain_to_split: 0]
[drop_rate: 0.1]
[max_drop: 50]
[skip_drop: 0.5]
[xgboost_dart_mode: 0]
[uniform_drop: 0]
[drop_seed: 15215]
[top_rate: 0.2]
[other_rate: 0.1]
[min_data_per_group: 100]
[max_cat_threshold: 32]
[cat_l2: 10]
[cat_smooth: 10]
[max_cat_to_onehot: 4]
[top_k: 20]
[monotone_constraints: ]
[monotone_constraints_method: basic]
[monotone_penalty: 0]
[feature_contri: ]
[forcedsplits_filename: ]
[refit_decay_rate: 0.9]
[cegb_tradeoff: 1]
[cegb_penalty_split: 0]
[cegb_penalty_feature_lazy: ]
[cegb_penalty_feature_coupled: ]
[path_smooth: 0]
[interaction_constraints: ]
[verbosity: -1]
[saved_feature_importance_type: 0]
[use_quantized_grad: 0]
[num_grad_quant_bins: 4]
[quant_train_renew_leaf: 0]
[stochastic_rounding: 1]
[linear_tree: 0]
[max_bin: 255]
[max_bin_by_feature: ]
[min_data_in_bin: 3]
[bin_construct_sample_cnt: 200000]
[data_random_seed: 61]
[is_enable_sparse: 1]
[enable_bundle: 1]
[use_missing: 1]
[zero_as_missing: 0]
[feature_pre_filter: 1]
[pre_partition: 0]
[two_round: 0]
[header: 0]
[label_column: ]
[weight_column: ]
[group_column: ]
[ignore_column: ]
[categorical_feature: ]
[forcedbins_filename: ]
[precise_float_parser: 0]
[parser_config_file: ]
[objective_seed: 15521]
[num_class: 1]
[is_unbalance: 0]
[scale_pos_weight: 1]
[sigmoid: 1]
[boost_from_average: 1]
[reg_sqrt: 0]
[alpha: 0.9]
[fair_c: 1]
[poisson_max_delta_step: 0.7]
[tweedie_variance_power: 1.5]
[lambdarank_truncation_level: 30]
[lambdarank_norm: 1]
[label_gain: ]
[lambdarank_position_bias_regularization: 0]
[eval_at: ]
[multi_error_top_k: 1]
[auc_mu_weights: ]
[num_machines: 1]
[local_listen_port: 12400]
[time_out: 120]
[machine_list_filename: ]
[machines: ]
[gpu_platform_id: -1]
[gpu_device_id: -1]
[gpu_device_id_list: ]
[gpu_use_dp: 0]
[num_gpu: 1]

end of parameters

pandas_categorical:null
